asset_path	category	material_name	channel	format	width	height	mode	size_bytes	sha256	is_primary_160
atlas/hexagons_dark_fantasy.png	atlas	hexagons_dark_fantasy	hex_atlas	PNG	1024	1024	RGB	7866	dd0baa024a16afca23e3973c015671a49d3699f078ad04ef397a1a032411a26e	true
atlas/hexagons_golden_age.png	atlas	hexagons_golden_age	hex_atlas	PNG	1024	1024	RGB	7599	5ed1f33c1713d60c85ead660682f5860a902a33f6a9db98f3ba5b877f21cea73	true
banners/hollowden_pack_banner_golden.png	banners	hollowden_pack_banner_golden	faction_banner	PNG	1024	1024	RGB	1466400	da018bbe767a26986007fc3ceb6078e954ed390edb4cc11dd29fbec134dc226a	true
banners/ironmoor_trade_banner_golden.png	banners	ironmoor_trade_banner_golden	faction_banner	PNG	1024	1024	RGB	1443293	a32adaa0a8116c210ff917cbada1e481b83829239ded69dafdfac2f69646f834	true
banners/murkveil_cult_banner_decay.png	banners	murkveil_cult_banner_decay	faction_banner	PNG	1024	1024	RGB	1351181	090b4052ccd2017c2c338b30523accc32b4b9850efa1b79b6d4d6de982c857c8	true
banners/thornhaven_guard_banner_golden.png	banners	thornhaven_guard_banner_golden	faction_banner	PNG	1024	1024	RGB	1507720	2bcf747ad414d1f136259d7647e57a1a2475fbe8daa55a3ce5a174e31246c62d	true
grass_albedo.jpg	root	grass_albedo	standalone_texture	JPEG	1024	1024	RGB	1126361	510f521f6ae2002ee20d481fd83d51837204d2a629167a2ae89e1a11fc0cc19f	false
grass_albedo.png	root	grass_albedo	standalone_texture	PNG	1024	1024	RGB	2848310	3b27a09aec051c96710b4785e245f8b50ad6e1c66bb156a5b77ba9d63db33dd8	true
maps/thornhaven_cutaway.png	maps	thornhaven_cutaway	world_map	PNG	1024	768	RGB	1222025	ea4634d216ad186e790726dd93d3eabe735cc89110ee52cbb5c26ec8f0082cb5	true
maps/thornhaven_full.png	maps	thornhaven_full	world_map	PNG	1024	1024	RGB	2195521	e69477aa8bbb72fa2b6fb48a51547ed51b1396a5b122d46b2adafaa7a0a427f6	true
maps/thornhaven_isometric.png	maps	thornhaven_isometric	world_map	PNG	1024	768	RGB	1952622	8b01ffc9a0b29a8bc0b63de97208ec2f917ab8bc63944eefb73f26f9bb4b021c	true
maps/thornhaven_overhead.png	maps	thornhaven_overhead	world_map	PNG	1024	1024	RGB	1855794	712c2192322fa966bfe1756adc2c8c908a720aafc6ae9e57565c8062e778c7f2	true
materials/cobblestone_all.png	materials	cobblestone_all	material_composite	PNG	1024	1024	RGB	2038276	59be6fbd9f53f3a44e959b155f54d893f779f210f06f5593ff4d811f39121bc8	true
materials/corrupted_stone_decay.png	materials	corrupted_stone_decay	material_composite	PNG	1024	1024	RGB	1736106	7e77abd9ef1812f3dc601e274b0fb3f7655747f5ddb083ca7c09ed42c99b4f01	true
materials/iron_metal_all.png	materials	iron_metal_all	material_composite	PNG	1024	1024	RGB	1748787	256dd429e4a69f8c31a89cb5a536cf8f72ea9fdae613a1e60d4980bea562e0c9	true
materials/raw_earth_ancient.png	materials	raw_earth_ancient	material_composite	PNG	1024	1024	RGB	1982187	226c4361d1127aa6a476d47a0faa779e27a39f5546ad2b3143fbef5bf4b30ffa	true
materials/stone_wall_all.png	materials	stone_wall_all	material_composite	PNG	1024	1024	RGB	2128910	e45f1a6f420d4057f8bdc00b0e4fbac53284c8c8a6621508d9f464f2c88e3f3b	true
materials/void_grid_void.png	materials	void_grid_void	material_composite	PNG	1024	1024	RGB	1326524	4e0005b891387ccdae49db9a6f3dcdd2ad6bbb4b0000ddb9286c83c7d4d86bd0	true
materials/wood_planks_all.png	materials	wood_planks_all	material_composite	PNG	1024	1024	RGB	1908783	964bc232ea07adc12fef830a3436e636b6d92bdc18ed0cc947b229bbe551db77	true
pbr/brick/dark/Bricks049.png	pbr/brick/dark	Bricks049	albedo_preview	PNG	512	512	RGBA	360364	2a76743d68332c6f687cc733772dfbce3635f8fde0fc411056c7f209bd1010e9	true
pbr/brick/dark/Bricks049_1K-JPG_AmbientOcclusion.jpg	pbr/brick/dark	Bricks049	AmbientOcclusion	JPEG	1024	1024	L	765754	6d54e4203d47166c3e701a193b43ce2b075aa60f7f3160f39d73ff60f9f31780	false
pbr/brick/dark/Bricks049_1K-JPG_Color.jpg	pbr/brick/dark	Bricks049	Color	JPEG	1024	1024	RGB	1032964	b960d1d775261939144ccb8c7fcc113efaa0b3fb86dc3a882994a96f1fd12b46	false
pbr/brick/dark/Bricks049_1K-JPG_Displacement.jpg	pbr/brick/dark	Bricks049	Displacement	JPEG	1024	1024	L	617027	f08f874db5c3b230de49b26c62152763f93a1946957492b79ebfc9c25d96c30b	false
pbr/brick/dark/Bricks049_1K-JPG_NormalDX.jpg	pbr/brick/dark	Bricks049	NormalDX	JPEG	1024	1024	RGB	2239723	909cbac151390fe1567c6ec7bba0c36b8ef49652b3d67a4c7902f9366997eefe	false
pbr/brick/dark/Bricks049_1K-JPG_NormalGL.jpg	pbr/brick/dark	Bricks049	NormalGL	JPEG	1024	1024	RGB	2242148	528d63a523960ab716b62fc5042a782c9a43fb3ff86fb9176d549d15b335901b	false
pbr/brick/dark/Bricks049_1K-JPG_Roughness.jpg	pbr/brick/dark	Bricks049	Roughness	JPEG	1024	1024	L	745650	179131498298efa85f22ce8b5bd7d4d3a11387cfd191d83d270f7e9857a417a9	false
pbr/brick/old/Bricks037.png	pbr/brick/old	Bricks037	albedo_preview	PNG	512	512	RGBA	422344	d8d1589c07046b31afb9071861ea49a59c9c567c031cc4933a2afddcbe3eb82d	true
pbr/brick/old/Bricks037_1K-JPG_AmbientOcclusion.jpg	pbr/brick/old	Bricks037	AmbientOcclusion	JPEG	1024	1024	L	323441	f60829847235d15ab3b7ed3fe3fd919c386ad78504361a36756e0547ffa44088	false
pbr/brick/old/Bricks037_1K-JPG_Color.jpg	pbr/brick/old	Bricks037	Color	JPEG	1024	1024	RGB	1616084	a7e2bd27c1e2c9e967a8d7456a17f1b7b3059f5e25400e684826d9cf39642a86	false
pbr/brick/old/Bricks037_1K-JPG_Displacement.jpg	pbr/brick/old	Bricks037	Displacement	JPEG	1024	1024	L	241714	327ce259b8ea4a98f86d12c98c04294233f8898a81eff91c3e4ad9c4aab5dcf4	false
pbr/brick/old/Bricks037_1K-JPG_NormalDX.jpg	pbr/brick/old	Bricks037	NormalDX	JPEG	1024	1024	RGB	1954089	57370b8e662ad6dc35d2e618ec9e501c4aee56f6dce73558a0b8ba54be98e059	false
pbr/brick/old/Bricks037_1K-JPG_NormalGL.jpg	pbr/brick/old	Bricks037	NormalGL	JPEG	1024	1024	RGB	1951293	64aa4d22bb6df0e7daed281954af2f9a2c55fc16cd689a0265c3fb46c75c9708	false
pbr/brick/old/Bricks037_1K-JPG_Roughness.jpg	pbr/brick/old	Bricks037	Roughness	JPEG	1024	1024	L	482608	0d558c6f151f7546d06f54ed7399983e18ecf7ae97965563c9fb3afd308ac0af	false
pbr/brick/old/PaintedBricks002.png	pbr/brick/old	PaintedBricks002	albedo_preview	PNG	512	512	RGBA	399662	551aa67870858dc7a23d3e4ac00859e47f795f0831c7fd7a38a2b4d4f61fc92e	true
pbr/brick/old/PaintedBricks002_1K-JPG_AmbientOcclusion.jpg	pbr/brick/old	PaintedBricks002	AmbientOcclusion	JPEG	1024	1024	L	617211	8d3867e5c10fb6f723853b8569c838468d4281430dcc6d52581b56d74cb1c9b4	false
pbr/brick/old/PaintedBricks002_1K-JPG_Color.jpg	pbr/brick/old	PaintedBricks002	Color	JPEG	1024	1024	RGB	1296180	70f68c6b4f0368d09d7c547cf50d940e3de8cbc38558f0003ecbe5b26e1429d1	false
pbr/brick/old/PaintedBricks002_1K-JPG_Displacement.jpg	pbr/brick/old	PaintedBricks002	Displacement	JPEG	1024	1024	L	512909	bfeb1a95c6a895319733241e3663a6ae80b377889f3efa72f975b12d6cd66220	false
pbr/brick/old/PaintedBricks002_1K-JPG_NormalDX.jpg	pbr/brick/old	PaintedBricks002	NormalDX	JPEG	1024	1024	RGB	1876274	50442d247bba109ff31b87aa6b20d88a8e6819bcccf45cecda2408684facb4c7	false
pbr/brick/old/PaintedBricks002_1K-JPG_NormalGL.jpg	pbr/brick/old	PaintedBricks002	NormalGL	JPEG	1024	1024	RGB	1875603	39812102fbcce9165b1835a78392364ff5c7420a76e16a3bbef7f5fd3e957bf1	false
pbr/brick/old/PaintedBricks002_1K-JPG_Roughness.jpg	pbr/brick/old	PaintedBricks002	Roughness	JPEG	1024	1024	L	670928	998945022484a1d0d5c8d43169c1000f0bb1ec031e8a99dbc338abdbc810fcf6	false
pbr/brick/red/Bricks005.png	pbr/brick/red	Bricks005	albedo_preview	PNG	512	512	RGBA	341938	fa43a815ee8447c74c2afd1611228793dbf56429f9fd44a8238c1139870e1da2	true
pbr/brick/red/Bricks005_1K-JPG_Color.jpg	pbr/brick/red	Bricks005	Color	JPEG	1024	1024	RGB	1303042	0ebd6e613d4387e044f44cd20447408c5b844a118975f55cb8055ba61906bc49	false
pbr/brick/red/Bricks005_1K-JPG_Displacement.jpg	pbr/brick/red	Bricks005	Displacement	JPEG	1024	1024	L	421089	58d7a62d3a04142b367ed6098824fe73678e2f9376a4a5a5d57ec98e228f15ce	false
pbr/brick/red/Bricks005_1K-JPG_NormalDX.jpg	pbr/brick/red	Bricks005	NormalDX	JPEG	1024	1024	RGB	2078826	558090d918bdb20b884a6e10cb28dd0acfbbab0b560882150cc6486aa9247e29	false
pbr/brick/red/Bricks005_1K-JPG_NormalGL.jpg	pbr/brick/red	Bricks005	NormalGL	JPEG	1024	1024	RGB	2079688	0f058041b66c40d0e0ab61be1fad3457a7e8c58ec200c8f53cb933940e146fa9	false
pbr/brick/red/Bricks005_1K-JPG_Roughness.jpg	pbr/brick/red	Bricks005	Roughness	JPEG	1024	1024	L	355724	4009f903b2bc8436f1c8ad10ab530c5d34ef5097fe84ceadf142730a6bff4518	false
pbr/brick/red/Bricks042.png	pbr/brick/red	Bricks042	albedo_preview	PNG	512	512	RGBA	334736	39f3f72de647078eef517bfc5fc0c80de62ce93d50ccb4cacfb5cdfcbc13ea11	true
pbr/brick/red/Bricks042_1K-JPG_AmbientOcclusion.jpg	pbr/brick/red	Bricks042	AmbientOcclusion	JPEG	1024	1024	L	753240	66591225541681ae37c50fc3389dd53b1c61776bb868f797c0cbdb4d7d3e2c87	false
pbr/brick/red/Bricks042_1K-JPG_Color.jpg	pbr/brick/red	Bricks042	Color	JPEG	1024	1024	RGB	1192720	51282fc4962c523bde660d38588de79c398ac46d1ffdea52c4d68eced9702dd1	false
pbr/brick/red/Bricks042_1K-JPG_Displacement.jpg	pbr/brick/red	Bricks042	Displacement	JPEG	1024	1024	L	564013	fcb6e5ddc27bde109733051b30ce165cac6858c8fd350e5b0dbf72dda353128e	false
pbr/brick/red/Bricks042_1K-JPG_NormalDX.jpg	pbr/brick/red	Bricks042	NormalDX	JPEG	1024	1024	RGB	2086465	13ebb6e3fbf86cd41be4711dc38b0cf70b18ac8ddf3c356e282fc6bcad87a60a	false
pbr/brick/red/Bricks042_1K-JPG_NormalGL.jpg	pbr/brick/red	Bricks042	NormalGL	JPEG	1024	1024	RGB	2087117	b43f3b37d2aca422f21ccd0e4ea550bf130a16e5e5713a9b201f182e54e2bf9b	false
pbr/brick/red/Bricks042_1K-JPG_Roughness.jpg	pbr/brick/red	Bricks042	Roughness	JPEG	1024	1024	L	732478	17fa1d695802a0c50724c104ce690922cb308a1ef2cf06b58ea75de26b6f61ce	false
pbr/brick/red/Bricks051.png	pbr/brick/red	Bricks051	albedo_preview	PNG	512	512	RGBA	382576	a28375ba044bb5dc8638b6abb79739917e6f7fed8591b8ae3be8260d504baa57	true
pbr/brick/red/Bricks051_1K-JPG_Color.jpg	pbr/brick/red	Bricks051	Color	JPEG	1024	1024	RGB	1352974	9d081cd13d764a012e0ba894d00bf438d4ce5c614b3b02d6a12709c4c4060709	false
pbr/brick/red/Bricks051_1K-JPG_Displacement.jpg	pbr/brick/red	Bricks051	Displacement	JPEG	1024	1024	L	353824	ab3c0367695767ea58b1fa9f8a5214cdecd3b8cd129c29b72903a3d79f51d3ed	false
pbr/brick/red/Bricks051_1K-JPG_NormalDX.jpg	pbr/brick/red	Bricks051	NormalDX	JPEG	1024	1024	RGB	1932379	04a7eab8568a49ebc46c9701d9f01809f6ab66fc96199b8e16ba7129eb8e8214	false
pbr/brick/red/Bricks051_1K-JPG_NormalGL.jpg	pbr/brick/red	Bricks051	NormalGL	JPEG	1024	1024	RGB	1930346	384f9a65b4115c48cc9e303a193e1b00c86e87bda65db2eeacd77ade9ccb5fe5	false
pbr/brick/red/Bricks051_1K-JPG_Roughness.jpg	pbr/brick/red	Bricks051	Roughness	JPEG	1024	1024	L	437614	4d135bc907e058cbbd7178a11344d33a427ee862771966ef755e258a94597484	false
pbr/brick/red/Bricks060.png	pbr/brick/red	Bricks060	albedo_preview	PNG	512	512	RGBA	296279	8462eca63d0c47d8c13427db3cd3dc0bf91ae3a823c42760645e6c816efdc827	true
pbr/brick/red/Bricks060_1K-JPG_AmbientOcclusion.jpg	pbr/brick/red	Bricks060	AmbientOcclusion	JPEG	1024	1024	L	555466	1e7209acbc67b231209631ca5d645f3e1ae02ab817dbda469acc2e747e78d55d	false
pbr/brick/red/Bricks060_1K-JPG_Color.jpg	pbr/brick/red	Bricks060	Color	JPEG	1024	1024	RGB	1169954	d56a6900be43dc9d37c0725257a04ee4e0d3840efd53ad9bab82cc6897de8435	false
pbr/brick/red/Bricks060_1K-JPG_Displacement.jpg	pbr/brick/red	Bricks060	Displacement	JPEG	1024	1024	L	393732	b40d1d4fcd3407c3eba49108633dfcc04ecd41c9347800d0ee38147dd7735e7e	false
pbr/brick/red/Bricks060_1K-JPG_NormalDX.jpg	pbr/brick/red	Bricks060	NormalDX	JPEG	1024	1024	RGB	1840670	bda612959bbe2396b5b0a2f2ab1a1c61720d6663934fc41117cc9017403b71a2	false
pbr/brick/red/Bricks060_1K-JPG_NormalGL.jpg	pbr/brick/red	Bricks060	NormalGL	JPEG	1024	1024	RGB	1838326	c4b8fffa7cb3d2e9462f93d6e65ffcd6e8edc2f202b782018ae6a508c23998cd	false
pbr/brick/red/Bricks060_1K-JPG_Roughness.jpg	pbr/brick/red	Bricks060	Roughness	JPEG	1024	1024	L	640257	143f9c13813031150016ffdf6f771deb6f9c0852a4a28a143b8b8b575f00d22f	false
pbr/brick/red/Bricks089.png	pbr/brick/red	Bricks089	albedo_preview	PNG	512	512	RGBA	471321	a80d1bac23bde5272ba8f18f6fc15a738e22f60f29d02e46ae9afcb3f57394d4	true
pbr/brick/red/Bricks089_1K-JPG_AmbientOcclusion.jpg	pbr/brick/red	Bricks089	AmbientOcclusion	JPEG	1024	512	L	387468	f3f3836e5dacf66751bfb907b72576e4d57a6140f622a194b83e06ffe59bcc84	false
pbr/brick/red/Bricks089_1K-JPG_Color.jpg	pbr/brick/red	Bricks089	Color	JPEG	1024	512	RGB	785031	d400167a3133b3933ff7cd9bbb4db93361cd2c48cd08e640da16b5913d740c2b	false
pbr/brick/red/Bricks089_1K-JPG_Displacement.jpg	pbr/brick/red	Bricks089	Displacement	JPEG	1024	512	L	207761	1981d2a361af554a85a3f1bd3d6dede7ea6edb0350127d019b3bf1dbdf542022	false
pbr/brick/red/Bricks089_1K-JPG_NormalDX.jpg	pbr/brick/red	Bricks089	NormalDX	JPEG	1024	512	RGB	1016318	acf7456b096ba2d52e2ed2bdaddb642cc0798a6a871c822f6cbb588e234fc299	false
pbr/brick/red/Bricks089_1K-JPG_NormalGL.jpg	pbr/brick/red	Bricks089	NormalGL	JPEG	1024	512	RGB	1015747	909d7b03cdc8cfb511826ee33620fd2b9bc2b0ca7fcd879e61a3d9101b7efef3	false
pbr/brick/red/Bricks089_1K-JPG_Roughness.jpg	pbr/brick/red	Bricks089	Roughness	JPEG	1024	512	L	315001	e578aadd069976744ffaffb7dc8823d4d25772c2daba00695a7535a1a4de8b1e	false
pbr/brick/red/Bricks100.png	pbr/brick/red	Bricks100	albedo_preview	PNG	512	512	RGBA	429720	8858e77a5261a56e82bf270fcf9c83d668ce1c7e9cccb8d7107b0a1cc4c3c412	true
pbr/brick/red/Bricks100_1K-JPG_AmbientOcclusion.jpg	pbr/brick/red	Bricks100	AmbientOcclusion	JPEG	1024	512	L	359977	7ef8dd9bfd21202fab3b445dd7962ecce22a30035637a9ddca1c40a856d6474b	false
pbr/brick/red/Bricks100_1K-JPG_Color.jpg	pbr/brick/red	Bricks100	Color	JPEG	1024	512	RGB	727003	e5596ce79d9a63d6b9a9e9ac15a0bb60d8a5c39b684999a872467641bc91d30d	false
pbr/brick/red/Bricks100_1K-JPG_Displacement.jpg	pbr/brick/red	Bricks100	Displacement	JPEG	1024	512	L	186182	e9d0fc436330c9c0829e437d5e0f48926ae6396279e02874e0d79dd3af4a839f	false
pbr/brick/red/Bricks100_1K-JPG_NormalDX.jpg	pbr/brick/red	Bricks100	NormalDX	JPEG	1024	512	RGB	829625	e54950f7dcafe8e7593d0d3d6b02930c04adbe31fe43d51a6825ad57bc2b547e	false
pbr/brick/red/Bricks100_1K-JPG_NormalGL.jpg	pbr/brick/red	Bricks100	NormalGL	JPEG	1024	512	RGB	830327	3fd468809d149512cbbb7a0ee298bdb1d7c2213da05e5453e6612b8006bd3708	false
pbr/brick/red/Bricks100_1K-JPG_Roughness.jpg	pbr/brick/red	Bricks100	Roughness	JPEG	1024	512	L	346000	907a11988e16ff1ec831523b8fd31a61b3493a37b2253b04718b7f711356786f	false
pbr/cobble/PavingStones070_1K-JPG_AmbientOcclusion.jpg	pbr/cobble	PavingStones070	AmbientOcclusion	JPEG	1024	1024	L	473743	d5a3cc7c22b4ea761ac225440a4604b7b2fc36c546f6fdf72d431d270b4f2166	false
pbr/cobble/PavingStones070_1K-JPG_Color.jpg	pbr/cobble	PavingStones070	Color	JPEG	1024	1024	RGB	1758823	4dd55b7eaf648810c88f3c3ea96028bb9c99b3c448b3800416f9f2af1a84a57d	false
pbr/cobble/PavingStones070_1K-JPG_Displacement.jpg	pbr/cobble	PavingStones070	Displacement	JPEG	1024	1024	L	459878	c2692de2264a81169b4b2f38e2f632ccbef2d14f9e6f9f4163f655e49ba8ad99	false
pbr/cobble/PavingStones070_1K-JPG_NormalDX.jpg	pbr/cobble	PavingStones070	NormalDX	JPEG	1024	1024	RGB	2099603	a81360d79b5854e748a27ee6df24643c3215051b82fd4b67dcf9a7945771bb04	false
pbr/cobble/PavingStones070_1K-JPG_NormalGL.jpg	pbr/cobble	PavingStones070	NormalGL	JPEG	1024	1024	RGB	2096361	7ee144389951d74b5f8bf0a31d712382b662bf161c29644392465d069ff57912	false
pbr/cobble/PavingStones070_1K-JPG_Roughness.jpg	pbr/cobble	PavingStones070	Roughness	JPEG	1024	1024	L	566776	1a974eeeb2419985da74ae53b0ae1706d7ad0220ab52cee2e2ae00f1f32affc7	false
pbr/fabric/carpet/Carpet001.png	pbr/fabric/carpet	Carpet001	albedo_preview	PNG	512	512	RGBA	367749	79d3a590643ecf30a5951c689e4a85c550e7e305245d3d848fbcf6daf4fbf945	true
pbr/fabric/carpet/Carpet001_1K-JPG_Color.jpg	pbr/fabric/carpet	Carpet001	Color	JPEG	1024	1024	RGB	1501861	603b24064bfbee2f8ac03903592be397f485a793ab6359630641ce9a446ac3dd	false
pbr/fabric/carpet/Carpet001_1K-JPG_Displacement.jpg	pbr/fabric/carpet	Carpet001	Displacement	JPEG	1024	1024	L	610613	8d4ff281252c07c835c7bed809d3dd0d50a6bc337ada31655c4213fde520b116	false
pbr/fabric/carpet/Carpet001_1K-JPG_NormalDX.jpg	pbr/fabric/carpet	Carpet001	NormalDX	JPEG	1024	1024	RGB	2391573	80bbacf8c46dbb282146e2fa166c5d3d0e26ffab21e9c6322e112d31dccc4474	false
pbr/fabric/carpet/Carpet001_1K-JPG_NormalGL.jpg	pbr/fabric/carpet	Carpet001	NormalGL	JPEG	1024	1024	RGB	2392714	0cec36dbf2cfb24f16c82834c0bd8fd9a81f6ed686bb4e7ed1a5dc5239522a3c	false
pbr/fabric/carpet/Carpet001_1K-JPG_Roughness.jpg	pbr/fabric/carpet	Carpet001	Roughness	JPEG	1024	1024	L	642512	f1311c8096b3f75bca3f427bb38fef74ffff74c52809b448137a2869096eb324	false
pbr/fabric/carpet/Fabric023.png	pbr/fabric/carpet	Fabric023	albedo_preview	PNG	512	512	RGBA	291309	c5a14fa0a2f263eeb80598105ce3ab96805676377228a3827dcf13b54fc3cb0f	true
pbr/fabric/carpet/Fabric023_1K-JPG_Color.jpg	pbr/fabric/carpet	Fabric023	Color	JPEG	1024	1024	RGB	1308988	60e52fa620a664987564820cb21cf8df4cfe2e6b5a3f4fa65fafbc71d93694bb	false
pbr/fabric/carpet/Fabric023_1K-JPG_Displacement.jpg	pbr/fabric/carpet	Fabric023	Displacement	JPEG	1024	1024	L	752916	c2f893eacb71d973bf169ca230ae17383d6f86a731fa51d39c3c61c89dc10b6f	false
pbr/fabric/carpet/Fabric023_1K-JPG_NormalDX.jpg	pbr/fabric/carpet	Fabric023	NormalDX	JPEG	1024	1024	RGB	1945830	67df39867090a578051e505395e1c32c398528a751406fb2ebe4238542a92351	false
pbr/fabric/carpet/Fabric023_1K-JPG_NormalGL.jpg	pbr/fabric/carpet	Fabric023	NormalGL	JPEG	1024	1024	RGB	1953431	4159c339f2ce6a197d8a715f9ec266f67d5000b951b81c2cddc1deda4abf43b2	false
pbr/fabric/carpet/Fabric023_1K-JPG_Roughness.jpg	pbr/fabric/carpet	Fabric023	Roughness	JPEG	1024	1024	L	585979	a7f046f68f313a71b5362a405ae477916b557868fe2cf91e390a069aaa1946f1	false
pbr/fabric/carpet/Fabric045.png	pbr/fabric/carpet	Fabric045	albedo_preview	PNG	512	512	RGBA	354999	23d5df73e00df74ae582b18a4794d68824d33617cf394f4659e871c8671f6161	true
pbr/fabric/carpet/Fabric045_1K-JPG_AmbientOcclusion.jpg	pbr/fabric/carpet	Fabric045	AmbientOcclusion	JPEG	1024	1024	L	550179	3c6c3406205cdaaf0531f81a6ff931b0ea5f017aa806aa2b4b3f4f400436c5c2	false
pbr/fabric/carpet/Fabric045_1K-JPG_Color.jpg	pbr/fabric/carpet	Fabric045	Color	JPEG	1024	1024	RGB	1124059	c262b80d58ae5ad1e87e690188f372a822ad4cdc08f59d944ea5818ac363c9d3	false
pbr/fabric/carpet/Fabric045_1K-JPG_Displacement.jpg	pbr/fabric/carpet	Fabric045	Displacement	JPEG	1024	1024	L	542371	04b5030bd521796b86e9831786f85372839385776c90e4cff7aa3c064da33800	false
pbr/fabric/carpet/Fabric045_1K-JPG_NormalDX.jpg	pbr/fabric/carpet	Fabric045	NormalDX	JPEG	1024	1024	RGB	2470453	16766e7f3382a8a0cf8aeef52a366fcea42ca10689a48904d799add0f0c8297e	false
pbr/fabric/carpet/Fabric045_1K-JPG_NormalGL.jpg	pbr/fabric/carpet	Fabric045	NormalGL	JPEG	1024	1024	RGB	2462113	31649ae483d26bc8c795de1994c6ceb365212b548dd2f09f0484bb45b0b76005	false
pbr/fabric/carpet/Fabric045_1K-JPG_Roughness.jpg	pbr/fabric/carpet	Fabric045	Roughness	JPEG	1024	1024	L	615798	33f128a7adca7e9f42c9b95790ce31a5611e0ec1b831778bd4290c1fff4fddaf	false
pbr/fabric/cloth/Carpet016.png	pbr/fabric/cloth	Carpet016	albedo_preview	PNG	512	512	RGBA	511076	09f1ab8576e7cfef69efa486994895c242e12441d649920bff6c1f351b0c6b9c	true
pbr/fabric/cloth/Carpet016_1K-JPG_AmbientOcclusion.jpg	pbr/fabric/cloth	Carpet016	AmbientOcclusion	JPEG	1024	1024	L	741395	8c87e08fa0edfb5d466166bbdc981110cf32dae3486b16a074fe0230ec907ba6	false
pbr/fabric/cloth/Carpet016_1K-JPG_Color.jpg	pbr/fabric/cloth	Carpet016	Color	JPEG	1024	1024	RGB	1207660	c6fca66d1d570d27a921d7cb35b1963e83844e2b8ceec70f0193db5e99e04123	false
pbr/fabric/cloth/Carpet016_1K-JPG_Displacement.jpg	pbr/fabric/cloth	Carpet016	Displacement	JPEG	1024	1024	L	736301	af726f88cdade3677ec46548bb0f2e8c5c12b8143cd87bd37d082015052b173a	false
pbr/fabric/cloth/Carpet016_1K-JPG_NormalDX.jpg	pbr/fabric/cloth	Carpet016	NormalDX	JPEG	1024	1024	RGB	2190315	e06c058e7233fb5ac2cae999a3463cc4b1888f34e92466b4093de32c5caf5a70	false
pbr/fabric/cloth/Carpet016_1K-JPG_NormalGL.jpg	pbr/fabric/cloth	Carpet016	NormalGL	JPEG	1024	1024	RGB	2179963	2820cad2593d1e1b58ce1fa38cb53e24be05bf935b40393c379be828a35755ea	false
pbr/fabric/cloth/Carpet016_1K-JPG_Roughness.jpg	pbr/fabric/cloth	Carpet016	Roughness	JPEG	1024	1024	L	686755	307c7984100374da53261c51dee33665049e3fc5e0e90143da1f58b040298268	false
pbr/fabric/cloth/Fabric019.png	pbr/fabric/cloth	Fabric019	albedo_preview	PNG	512	512	RGBA	272282	ac7c01f49dec511fe06a89e0c3f0f8df89a363623c80dba67d4bbf33b1ddb80f	true
pbr/fabric/cloth/Fabric019_1K-JPG_Color.jpg	pbr/fabric/cloth	Fabric019	Color	JPEG	1024	1024	L	576993	aa6dfd091735228f85545906014ad0755c03e67ce2d53eea8523f620b6d22146	false
pbr/fabric/cloth/Fabric019_1K-JPG_Displacement.jpg	pbr/fabric/cloth	Fabric019	Displacement	JPEG	1024	1024	L	618365	0d8b7dd1d58f5ee8fffe6a525389347da4119acfcd9b978a0b2f206e864fa381	false
pbr/fabric/cloth/Fabric019_1K-JPG_NormalDX.jpg	pbr/fabric/cloth	Fabric019	NormalDX	JPEG	1024	1024	RGB	2167555	4890754dde855371197da1872da972c30f08c5ea9e61aae128ccb16473751385	false
pbr/fabric/cloth/Fabric019_1K-JPG_NormalGL.jpg	pbr/fabric/cloth	Fabric019	NormalGL	JPEG	1024	1024	RGB	2177428	ae72fff5f8c645d1749604c1775b22e10d4b9a1b458cb51780dd92e00c5eaab3	false
pbr/fabric/cloth/Fabric019_1K-JPG_Opacity.jpg	pbr/fabric/cloth	Fabric019	Opacity	JPEG	1024	1024	L	208006	c4d7679d22696c538e65b4bc0aa916a80e81ad4285d8782c334266bee4c956d6	false
pbr/fabric/cloth/Fabric019_1K-JPG_Roughness.jpg	pbr/fabric/cloth	Fabric019	Roughness	JPEG	1024	1024	L	438520	dd0240cdc492fb104bca2f7ec1386da9bf7b6d837b1ecfcca1f349381a7edc53	false
pbr/fabric/cloth/Fabric030.png	pbr/fabric/cloth	Fabric030	albedo_preview	PNG	512	512	RGBA	366770	579a4e76de8322f2bc012acf033141576dba8d87f687b048fa31d195fb0cf25e	true
pbr/fabric/cloth/Fabric030_1K-JPG_AmbientOcclusion.jpg	pbr/fabric/cloth	Fabric030	AmbientOcclusion	JPEG	1024	1024	L	835879	c0f6be3cc6141868a44204dac5dc4a4f890ea585c0938bf9c06b7bf7ef99f802	false
pbr/fabric/cloth/Fabric030_1K-JPG_Color.jpg	pbr/fabric/cloth	Fabric030	Color	JPEG	1024	1024	RGB	1681447	6388762708722de48cdbdfb4878b9ae6d8012de5948d564006067b629f0b84ef	false
pbr/fabric/cloth/Fabric030_1K-JPG_Displacement.jpg	pbr/fabric/cloth	Fabric030	Displacement	JPEG	1024	1024	L	831560	6d1ac26fe23f4f4a54ebb29c03051e8597d1f1159582ada708715575c74316c3	false
pbr/fabric/cloth/Fabric030_1K-JPG_NormalDX.jpg	pbr/fabric/cloth	Fabric030	NormalDX	JPEG	1024	1024	RGB	2681333	647a5bffaec6a0775ce6995e6bf4835d101c77840ba7e479b3d67491a1426f67	false
pbr/fabric/cloth/Fabric030_1K-JPG_NormalGL.jpg	pbr/fabric/cloth	Fabric030	NormalGL	JPEG	1024	1024	RGB	2682952	c9a8f4ff15527af0b226b8a8840405f944c45a32c2e4462864d3b0136827e6e2	false
pbr/fabric/cloth/Fabric030_1K-JPG_Roughness.jpg	pbr/fabric/cloth	Fabric030	Roughness	JPEG	1024	1024	L	866950	221bf708cb614b01ae83b856376fa79fff22dc249d8a397ab0f89dd3b7fe6da6	false
pbr/fabric/cloth/Fabric081C.png	pbr/fabric/cloth	Fabric081C	albedo_preview	PNG	512	512	RGBA	176871	ce00c812a511c23a6a029a2e60a325d1d99771c60706b9347a27be492d370eec	true
pbr/fabric/cloth/Fabric081C_1K-JPG_AmbientOcclusion.jpg	pbr/fabric/cloth	Fabric081C	AmbientOcclusion	JPEG	1024	1024	L	603939	ebb67fbf0a2f1fee887bfe97a9921c1f723806e43933fb88a2486c52d570dbaa	false
pbr/fabric/cloth/Fabric081C_1K-JPG_Color.jpg	pbr/fabric/cloth	Fabric081C	Color	JPEG	1024	1024	L	108759	9d3f597da359cfebd332cd668e7c57f86388c9e80d81ee665289a34963c061b9	false
pbr/fabric/cloth/Fabric081C_1K-JPG_Displacement.jpg	pbr/fabric/cloth	Fabric081C	Displacement	JPEG	1024	1024	L	685797	fdac644b1ae08af1c846b498d20adde6ab0092225b0240d56802fdbebb80e913	false
pbr/fabric/cloth/Fabric081C_1K-JPG_NormalDX.jpg	pbr/fabric/cloth	Fabric081C	NormalDX	JPEG	1024	1024	RGB	994546	8852ad7af92a6862da35d9e240c4fe9b2f9e338492ed0faa3f3ca5b170cacbc2	false
pbr/fabric/cloth/Fabric081C_1K-JPG_NormalGL.jpg	pbr/fabric/cloth	Fabric081C	NormalGL	JPEG	1024	1024	RGB	993687	aaab76fe7273bf142f9b889a41af0877a1d511cc2153961386a2c16c98215720	false
pbr/fabric/cloth/Fabric081C_1K-JPG_Roughness.jpg	pbr/fabric/cloth	Fabric081C	Roughness	JPEG	1024	1024	L	359612	f8f293996afb18a2ee96381a33498abf00d4c58c32073b90b28663b4557d429e	false
pbr/fabric/cloth/Fabric083.png	pbr/fabric/cloth	Fabric083	albedo_preview	PNG	512	512	RGBA	548424	be6bc24fc5c2fb2aed4eccdb752bf9ea2db9270e20ce36125b2d5d72ff1094a2	true
pbr/fabric/cloth/Fabric083_1K-JPG_Color.jpg	pbr/fabric/cloth	Fabric083	Color	JPEG	1024	1024	RGB	1522604	e9acfc95646cd7d3bd5e5979f7652ec612f657db16a64c80013eb16d647a6f5e	false
pbr/fabric/cloth/Fabric083_1K-JPG_Displacement.jpg	pbr/fabric/cloth	Fabric083	Displacement	JPEG	1024	1024	L	652590	c9f3a61f10f6d8bfaefff45a62966ad81b0cc922d20539129f03bedd9d6d4a67	false
pbr/fabric/cloth/Fabric083_1K-JPG_NormalDX.jpg	pbr/fabric/cloth	Fabric083	NormalDX	JPEG	1024	1024	RGB	1855661	df612e0c6bb99ff8daee30fe01099f298ef098de2014a038a450553d341626f7	false
pbr/fabric/cloth/Fabric083_1K-JPG_NormalGL.jpg	pbr/fabric/cloth	Fabric083	NormalGL	JPEG	1024	1024	RGB	1855675	9fd57436994a376530f726a7a3ddad1103c249bb7a00127884475f42192fee1c	false
pbr/fabric/cloth/Fabric083_1K-JPG_Roughness.jpg	pbr/fabric/cloth	Fabric083	Roughness	JPEG	1024	1024	L	520957	874873fd7c80b4ebdfd55be5b2f6648d65d63cd4b8026d3d1b698fc501a9a283	false
pbr/fabric/leather/Leather030.png	pbr/fabric/leather	Leather030	albedo_preview	PNG	512	512	RGBA	278852	204a8cb70edb9f6d1f485fe3159320c9eb1acfc38dec020172b4b413dde82172	true
pbr/fabric/leather/Leather030_1K-JPG_Color.jpg	pbr/fabric/leather	Leather030	Color	JPEG	1024	1024	RGB	1278600	f9c37a23f64152c404d0ca33e84e6537e5ad7db3af0022b20d5aef559b865e8e	false
pbr/fabric/leather/Leather030_1K-JPG_Displacement.jpg	pbr/fabric/leather	Leather030	Displacement	JPEG	1024	1024	L	899009	dc1d4ad320908d9bf75ffccd2a42e92f142d15b906c0007274d4fa3da1af9125	false
pbr/fabric/leather/Leather030_1K-JPG_NormalDX.jpg	pbr/fabric/leather	Leather030	NormalDX	JPEG	1024	1024	RGB	1524160	c5b2afc1b9343c9e1f406844eb8272ca0fe370bb579318c081cd2e0656577a01	false
pbr/fabric/leather/Leather030_1K-JPG_NormalGL.jpg	pbr/fabric/leather	Leather030	NormalGL	JPEG	1024	1024	RGB	1519698	6c90ae49dd269d5fe87ce06e14bf0050e753de7225e6b18238d46b91a44fe8c8	false
pbr/fabric/leather/Leather030_1K-JPG_Roughness.jpg	pbr/fabric/leather	Leather030	Roughness	JPEG	1024	1024	L	919661	c16587efdcab6c8288a26ba20577a17822bb90b78c3cd9cc663cb8dd04d8f0d1	false
pbr/fabric/leather/Leather037.png	pbr/fabric/leather	Leather037	albedo_preview	PNG	512	512	RGBA	381111	71cd1d2892f33e24b892bed72643598201277ade2b62c4360bd9453d8d31864d	true
pbr/fabric/leather/Leather037_1K-JPG_Color.jpg	pbr/fabric/leather	Leather037	Color	JPEG	1024	1024	RGB	583727	e1033ea8a95a313bdd80ea52aa04b1eee9a8934f1c695430408dacfc8636cc1a	false
pbr/fabric/leather/Leather037_1K-JPG_Displacement.jpg	pbr/fabric/leather	Leather037	Displacement	JPEG	1024	1024	L	884510	80d4f8493847fdcb356f8180bcc0458b1edd648d726037b09cd8b5bd0d35b056	false
pbr/fabric/leather/Leather037_1K-JPG_NormalDX.jpg	pbr/fabric/leather	Leather037	NormalDX	JPEG	1024	1024	RGB	1818518	12c8aac440fbbb976e5f1d3827a4069f02b0cf2fdfac5adb95514a386075abcb	false
pbr/fabric/leather/Leather037_1K-JPG_NormalGL.jpg	pbr/fabric/leather	Leather037	NormalGL	JPEG	1024	1024	RGB	1820470	b0684254670e067d88fa89d04b1dabb832e4652246c7e3878604c713eecd50f7	false
pbr/fabric/leather/Leather037_1K-JPG_Roughness.jpg	pbr/fabric/leather	Leather037	Roughness	JPEG	1024	1024	L	728299	b67300743ff88fe4aafd0d303997d9acaa7f2f730262a3079814d5b673721e46	false
pbr/fabric/leather/Leather038.png	pbr/fabric/leather	Leather038	albedo_preview	PNG	512	512	RGBA	332797	dd20f86a791804ba018c3617a0c1e5e9c817e987a49a0220791311dd21d334e7	true
pbr/fabric/leather/Leather038_1K-JPG_Color.jpg	pbr/fabric/leather	Leather038	Color	JPEG	1024	1024	RGB	1169172	cc601f778f13f87cd4a448c54a2634c97b9bb467a0c52e1fbe5cf90f0b8a0f61	false
pbr/fabric/leather/Leather038_1K-JPG_Displacement.jpg	pbr/fabric/leather	Leather038	Displacement	JPEG	1024	1024	L	690602	1cc06bdbca3f9076dce81652a7814c91a6b48f43732dfce879f59e6a700d40bf	false
pbr/fabric/leather/Leather038_1K-JPG_NormalDX.jpg	pbr/fabric/leather	Leather038	NormalDX	JPEG	1024	1024	RGB	1274387	82058c34899b978470057eeb8986d7e2cc073ea21456289bde716b72296d6109	false
pbr/fabric/leather/Leather038_1K-JPG_NormalGL.jpg	pbr/fabric/leather	Leather038	NormalGL	JPEG	1024	1024	RGB	1274996	7096bbe36f5d29454e7a4ade786924862e041f01d1041e633c8931d82fb9fd16	false
pbr/fabric/leather/Leather038_1K-JPG_Roughness.jpg	pbr/fabric/leather	Leather038	Roughness	JPEG	1024	1024	L	623423	e47866f43664377cb2aeba6f271a6914335a86c6576fdb4cc08f863c27341684	false
pbr/ground/dirt/Ground048.png	pbr/ground/dirt	Ground048	albedo_preview	PNG	512	512	RGBA	503146	c8b3accd35e45ca080e2a78ac5594bc151bc0ecaae214162e95d6faa0ab161b4	true
pbr/ground/dirt/Ground048_1K-JPG_AmbientOcclusion.jpg	pbr/ground/dirt	Ground048	AmbientOcclusion	JPEG	1024	1024	L	855981	b0d54c243c66eb6cf23cf6ee741e6afbc3ecf9cf5b55752433cef0d549a61833	false
pbr/ground/dirt/Ground048_1K-JPG_Color.jpg	pbr/ground/dirt	Ground048	Color	JPEG	1024	1024	RGB	2057859	5ed6949bbe77332e12f9fdcfcadcd1d851ae2240ea0a46196e9a171fac201e8b	false
pbr/ground/dirt/Ground048_1K-JPG_Displacement.jpg	pbr/ground/dirt	Ground048	Displacement	JPEG	1024	1024	L	642808	74f7f22fa10fdea8ba324a9814d87ed79b8b4a5078a73f49b3d951ae1b715554	false
pbr/ground/dirt/Ground048_1K-JPG_NormalDX.jpg	pbr/ground/dirt	Ground048	NormalDX	JPEG	1024	1024	RGB	2402268	4e2585f25dddc2e735c312ab458e4345f311cae938ce4bd217018723923e59eb	false
pbr/ground/dirt/Ground048_1K-JPG_NormalGL.jpg	pbr/ground/dirt	Ground048	NormalGL	JPEG	1024	1024	RGB	2401117	25913cd978fa3ca5e7984fc1a5f16a62b16049d4c0014678c9a800b409bbc72f	false
pbr/ground/dirt/Ground048_1K-JPG_Roughness.jpg	pbr/ground/dirt	Ground048	Roughness	JPEG	1024	1024	L	674211	d01edc56c96ccfba1ae307d02d294fe13e470d9e913b9f421fddb4f308a05398	false
pbr/ground/dirt/Ground054.png	pbr/ground/dirt	Ground054	albedo_preview	PNG	512	512	RGBA	418224	e86bcd3e13f43a8b3e07d906a2b47e58852c384165fe33d5de2643d56ff88d62	true
pbr/ground/dirt/Ground054_1K-JPG_AmbientOcclusion.jpg	pbr/ground/dirt	Ground054	AmbientOcclusion	JPEG	1024	1024	L	525627	14f32218d8ebbdee2b4e6ca627c4d95be7de8f42e6b3b774c42339673d91a534	false
pbr/ground/dirt/Ground054_1K-JPG_Color.jpg	pbr/ground/dirt	Ground054	Color	JPEG	1024	1024	RGB	1551439	77c0b5ac13eead1420887c608b2c28209a1ae5ba70761bf29953aa23cf3dc31b	false
pbr/ground/dirt/Ground054_1K-JPG_Displacement.jpg	pbr/ground/dirt	Ground054	Displacement	JPEG	1024	1024	L	371559	96bc02c12e95e8e77b043e0df46ebc2190264b83eaf759ac80f1d23d932daf31	false
pbr/ground/dirt/Ground054_1K-JPG_NormalDX.jpg	pbr/ground/dirt	Ground054	NormalDX	JPEG	1024	1024	RGB	2013441	a46b124ec627636a1985f90b1148445678a919ba1d5c28f43aa776bed3f77e21	false
pbr/ground/dirt/Ground054_1K-JPG_NormalGL.jpg	pbr/ground/dirt	Ground054	NormalGL	JPEG	1024	1024	RGB	2010904	473474b0e0570cfa757e35c13f073e7ee49389fb3e35dad4d5f06e5ce9a59234	false
pbr/ground/dirt/Ground054_1K-JPG_Roughness.jpg	pbr/ground/dirt	Ground054	Roughness	JPEG	1024	1024	L	666018	e19b6c7d4ee3d8a6b6ea4ecc525a1a4e32681be969af134a2ee5c6071b9dcec9	false
pbr/ground/dirt/Ground068.png	pbr/ground/dirt	Ground068	albedo_preview	PNG	512	512	RGBA	492794	175f948fbfa452081fb1bb8f0eb6411614d8cd1e08c411f0e42b180513d16a7d	true
pbr/ground/dirt/Ground068_1K-JPG_AmbientOcclusion.jpg	pbr/ground/dirt	Ground068	AmbientOcclusion	JPEG	1024	1024	L	750491	3e64a85b87108462e4c170f208ee9f8238233db5489b7b018f051a20da151ba5	false
pbr/ground/dirt/Ground068_1K-JPG_Color.jpg	pbr/ground/dirt	Ground068	Color	JPEG	1024	1024	RGB	1906391	027f180023f33e6435ed8cf3f94481904612151360964e134de710b1b52f7a2d	false
pbr/ground/dirt/Ground068_1K-JPG_Displacement.jpg	pbr/ground/dirt	Ground068	Displacement	JPEG	1024	1024	L	554937	5cdc817155a9bc56b63ebc262bd51f32b8f095409d99a50c1a93659e944013d3	false
pbr/ground/dirt/Ground068_1K-JPG_NormalDX.jpg	pbr/ground/dirt	Ground068	NormalDX	JPEG	1024	1024	RGB	2304798	107a731d130535ebbc818d95c9a225c1a7702f4feda50339886610af9d839346	false
pbr/ground/dirt/Ground068_1K-JPG_NormalGL.jpg	pbr/ground/dirt	Ground068	NormalGL	JPEG	1024	1024	RGB	2303772	ed5550f1016acca78276e8055e4677604763818846e43d0fee94778aaf5ce424	false
pbr/ground/dirt/Ground068_1K-JPG_Roughness.jpg	pbr/ground/dirt	Ground068	Roughness	JPEG	1024	1024	L	717978	1fbc95dbbbb022c673169d883a722033f9ad2bbb46708ed2b089250d4aab1367	false
pbr/ground/dirt/Ground071.png	pbr/ground/dirt	Ground071	albedo_preview	PNG	512	512	RGBA	507573	3549d9688faf0aa1a31dde62440f42a49da75e201f4e1e0a0e334fcaf2e9bf03	true
pbr/ground/dirt/Ground071_1K-JPG_AmbientOcclusion.jpg	pbr/ground/dirt	Ground071	AmbientOcclusion	JPEG	1024	1024	L	836731	700f4f6a1ac62eab8bf0555e07113949bc1190b80ee27bb6830d910ebc88637d	false
pbr/ground/dirt/Ground071_1K-JPG_Color.jpg	pbr/ground/dirt	Ground071	Color	JPEG	1024	1024	RGB	1809189	3d46cc8b373655c29b5b523b9ea270ad6056dc8efe1a292d25a34d6783f6ca61	false
pbr/ground/dirt/Ground071_1K-JPG_Displacement.jpg	pbr/ground/dirt	Ground071	Displacement	JPEG	1024	1024	L	601557	ad95c65ee06704d875326d523302b1fcaddba954bf8cb2af552a852276a856b6	false
pbr/ground/dirt/Ground071_1K-JPG_NormalDX.jpg	pbr/ground/dirt	Ground071	NormalDX	JPEG	1024	1024	RGB	1992115	1621d0a46f709e79516898ddd453a5b435d5a645e7787ffd0764dd559b189a0b	false
pbr/ground/dirt/Ground071_1K-JPG_NormalGL.jpg	pbr/ground/dirt	Ground071	NormalGL	JPEG	1024	1024	RGB	1992995	220719c2a35df577aa80ded3835b4f96645401d76ec687b04dcba36e0763aec2	false
pbr/ground/dirt/Ground071_1K-JPG_Roughness.jpg	pbr/ground/dirt	Ground071	Roughness	JPEG	1024	1024	L	648538	12e4af13bc58529ead334e979986f51a4ff03d7cceb8e3b49b08b8c7f6b340fa	false
pbr/ground/dirt/Ground080.png	pbr/ground/dirt	Ground080	albedo_preview	PNG	512	512	RGBA	346102	acd678ce13b8d052f57d2a8b34bb0f311bd7709be65a5eea2a2eb63ee70bbbfd	true
pbr/ground/dirt/Ground080_1K-JPG_AmbientOcclusion.jpg	pbr/ground/dirt	Ground080	AmbientOcclusion	JPEG	1024	1024	L	558874	34091e37c36cfc778fcdd77a4f1c64c7a4cc12c9b5bfbc1ecace700e2605d68b	false
pbr/ground/dirt/Ground080_1K-JPG_Color.jpg	pbr/ground/dirt	Ground080	Color	JPEG	1024	1024	RGB	1054251	99c3ed6b80e59253f5755460f527d2a37f1c3d8088be624ad10469f41998f5be	false
pbr/ground/dirt/Ground080_1K-JPG_Displacement.jpg	pbr/ground/dirt	Ground080	Displacement	JPEG	1024	1024	L	325683	6d30eaac740d83a8ac06fdd166f43edd8e91529b8fff510b6f562564b59b69be	false
pbr/ground/dirt/Ground080_1K-JPG_NormalDX.jpg	pbr/ground/dirt	Ground080	NormalDX	JPEG	1024	1024	RGB	1517781	a71e842eb1c5c77b2c4cca2bcf47aea362ae27de097257b5dc8b66bb347859f8	false
pbr/ground/dirt/Ground080_1K-JPG_NormalGL.jpg	pbr/ground/dirt	Ground080	NormalGL	JPEG	1024	1024	RGB	1513641	b4c67014a863ff4e89499edf2673a1f58813f5e761f0d31d64e62a9a95f59a5c	false
pbr/ground/dirt/Ground080_1K-JPG_Roughness.jpg	pbr/ground/dirt	Ground080	Roughness	JPEG	1024	1024	L	493875	93752e01f9b4a5de77d43567d4ca245372d2a55a8fefa8e2aca4be669f74cbdf	false
pbr/ground/dirt/Ground082L.png	pbr/ground/dirt	Ground082L	albedo_preview	PNG	512	512	RGBA	541931	00caaa0d89c95f3e6ecd543d3b192106afbf4841fee8cfd7d56f9e8693a3db00	true
pbr/ground/dirt/Ground082L_1K-JPG_AmbientOcclusion.jpg	pbr/ground/dirt	Ground082L	AmbientOcclusion	JPEG	1024	1024	L	973530	259f9884b259389fa9ca1864ad6b92e11b7be66bf36e54116bad6c6833fec0a3	false
pbr/ground/dirt/Ground082L_1K-JPG_Color.jpg	pbr/ground/dirt	Ground082L	Color	JPEG	1024	1024	RGB	1931201	0a6d0e5d5ac79cd762f8f3a00d43eb9d730bd1a97249a554315e1d0fe1180c31	false
pbr/ground/dirt/Ground082L_1K-JPG_Displacement.jpg	pbr/ground/dirt	Ground082L	Displacement	JPEG	1024	1024	L	788386	513e93e4897c767c3521e2ae7fc9017220af7e47bae068d2deb02051873485f5	false
pbr/ground/dirt/Ground082L_1K-JPG_NormalDX.jpg	pbr/ground/dirt	Ground082L	NormalDX	JPEG	1024	1024	RGB	2274563	41f8131d9b1545748698d256985bdf75a8c8f2877d9aee9d0ee1e555ec5ae18f	false
pbr/ground/dirt/Ground082L_1K-JPG_NormalGL.jpg	pbr/ground/dirt	Ground082L	NormalGL	JPEG	1024	1024	RGB	2278981	d6abc0074d6b00363832e39b26600d65f580bd7f510030f3f46e84f5398d863e	false
pbr/ground/dirt/Ground082L_1K-JPG_Roughness.jpg	pbr/ground/dirt	Ground082L	Roughness	JPEG	1024	1024	L	835293	f3f74bbade3a217e3e4c408ea9507472b57dec1dfcee8f553aee4d62a764a964	false
pbr/ground/dirt/Ground082S.png	pbr/ground/dirt	Ground082S	albedo_preview	PNG	512	512	RGBA	544798	d546b07f9ffd0ffd2e1867ec3abc6b37cd9adb61beec54f6162c3dd81fb22b63	true
pbr/ground/dirt/Ground082S_1K-JPG_AmbientOcclusion.jpg	pbr/ground/dirt	Ground082S	AmbientOcclusion	JPEG	1024	1024	L	929884	8d57e24996eb819b3744b5569c6e8e632268623dc3ecc74d8d0beb8c6e328003	false
pbr/ground/dirt/Ground082S_1K-JPG_Color.jpg	pbr/ground/dirt	Ground082S	Color	JPEG	1024	1024	RGB	1916632	5c9a3752e7752bb4529942f1b8ce70bb2adda7b2b9589e8e0fd938ca826da895	false
pbr/ground/dirt/Ground082S_1K-JPG_Displacement.jpg	pbr/ground/dirt	Ground082S	Displacement	JPEG	1024	1024	L	719705	b6dddd635296f3f47adba536e393ed12987786d59dec84103616132e28533b04	false
pbr/ground/dirt/Ground082S_1K-JPG_NormalDX.jpg	pbr/ground/dirt	Ground082S	NormalDX	JPEG	1024	1024	RGB	2186495	dc7b21e2a2a7db53c10320ad2f820d5f447f282e3dfb3ada474bae48ca310b3d	false
pbr/ground/dirt/Ground082S_1K-JPG_NormalGL.jpg	pbr/ground/dirt	Ground082S	NormalGL	JPEG	1024	1024	RGB	2188893	178d9d3cc462be2ee9450be4d42a397f2ec124cd22dd999e31b450a01360f332	false
pbr/ground/dirt/Ground082S_1K-JPG_Roughness.jpg	pbr/ground/dirt	Ground082S	Roughness	JPEG	1024	1024	L	812845	5a3f7c9bd4502b01ec2e70833e3a131a84e6b774639fb3df26d1f474e9a313ca	false
pbr/ground/dirt/Ground087.png	pbr/ground/dirt	Ground087	albedo_preview	PNG	512	512	RGBA	422819	bf3565c93bcb32adfd6330d450cec91459aef7aa1a2571655474926e99b9b708	true
pbr/ground/dirt/Ground087_1K-JPG_AmbientOcclusion.jpg	pbr/ground/dirt	Ground087	AmbientOcclusion	JPEG	1024	1024	L	701378	1ca6c5e976c49b7de62f7a4044e80f623ce0656845597f9c88fb26aac13697fd	false
pbr/ground/dirt/Ground087_1K-JPG_Color.jpg	pbr/ground/dirt	Ground087	Color	JPEG	1024	1024	RGB	1301772	dcd0dd38c9aaad7654e511fa120ac804af9578d33aa5d892fd7edbdd76dc80d0	false
pbr/ground/dirt/Ground087_1K-JPG_Displacement.jpg	pbr/ground/dirt	Ground087	Displacement	JPEG	1024	1024	L	481044	a324ad25e190060e994e34517bc779d05ec85498b077bf9d388416667a84dca6	false
pbr/ground/dirt/Ground087_1K-JPG_NormalDX.jpg	pbr/ground/dirt	Ground087	NormalDX	JPEG	1024	1024	RGB	2186274	1deac3331e473c39f25e43aac1babdcb17b3177fceee8393c539be4edb1f28f9	false
pbr/ground/dirt/Ground087_1K-JPG_NormalGL.jpg	pbr/ground/dirt	Ground087	NormalGL	JPEG	1024	1024	RGB	2187632	68c0d1db996b670c0c846812780bcf80dba0db1651a958bc1f0cd4a59c7ade28	false
pbr/ground/dirt/Ground087_1K-JPG_Roughness.jpg	pbr/ground/dirt	Ground087	Roughness	JPEG	1024	1024	L	767063	9c8fbe484e276dfcde4510e37384853ce3224f3b8a727f8a41853df19ed3df2c	false
pbr/ground/dirt/Ground092C.png	pbr/ground/dirt	Ground092C	albedo_preview	PNG	512	512	RGBA	318736	72387f173df15b6e50f551fc140bf2f94746c1f43a458e752e7986af96972871	true
pbr/ground/dirt/Ground092C_1K-JPG_AmbientOcclusion.jpg	pbr/ground/dirt	Ground092C	AmbientOcclusion	JPEG	1024	1024	L	281042	b4168a884566c9d96717a2f53a1d60cae85ab5853163ca666cf0087253822c43	false
pbr/ground/dirt/Ground092C_1K-JPG_Color.jpg	pbr/ground/dirt	Ground092C	Color	JPEG	1024	1024	RGB	792707	dc6f800587bee7f2d8f3fed6e78670b8e6d3f5d1919cbdc7b228453bf5958e5f	false
pbr/ground/dirt/Ground092C_1K-JPG_Displacement.jpg	pbr/ground/dirt	Ground092C	Displacement	JPEG	1024	1024	L	350631	bc6b1d315b948cb2ab718030a0cfd5aa96b95e94ad961bebf12c3c7e177a4476	false
pbr/ground/dirt/Ground092C_1K-JPG_NormalDX.jpg	pbr/ground/dirt	Ground092C	NormalDX	JPEG	1024	1024	RGB	1330190	03d5e898573f913eb80e3a48838efb8f184be898d765d89d66f5bb8e1063f650	false
pbr/ground/dirt/Ground092C_1K-JPG_NormalGL.jpg	pbr/ground/dirt	Ground092C	NormalGL	JPEG	1024	1024	RGB	1328280	9652dd1cd2675c90461a5062f26119d87f9bb14c10fb4e1bc944c832ad100a78	false
pbr/ground/dirt/Ground092C_1K-JPG_Roughness.jpg	pbr/ground/dirt	Ground092C	Roughness	JPEG	1024	1024	L	681354	7207b7766ee6fa7dfa2a9decf57b3d79b386251e6f080cbe8538b397d42d3301	false
pbr/ground/dirt/Ground095C.png	pbr/ground/dirt	Ground095C	albedo_preview	PNG	512	512	RGBA	331242	1c79c91a1e8cf1522452a5ef37db848b7cafc666bc3e3859b9092e862c923cf3	true
pbr/ground/dirt/Ground095C_1K-JPG_AmbientOcclusion.jpg	pbr/ground/dirt	Ground095C	AmbientOcclusion	JPEG	1024	1024	L	216638	ff49400481a48db8d03d796eea3502dc3b398cf20bbd80d6e16ed81f80ec29a6	false
pbr/ground/dirt/Ground095C_1K-JPG_Color.jpg	pbr/ground/dirt	Ground095C	Color	JPEG	1024	1024	RGB	509692	0581644e2cb6409d5c3fb8cd989d74c1c5d1f21f5aa2ce0d075edcd2ab95c47b	false
pbr/ground/dirt/Ground095C_1K-JPG_Displacement.jpg	pbr/ground/dirt	Ground095C	Displacement	JPEG	1024	1024	L	276349	7db46038d286416f59bab6add6f4eb970bd0983f80c8f2c48af2652ee3c550f8	false
pbr/ground/dirt/Ground095C_1K-JPG_NormalDX.jpg	pbr/ground/dirt	Ground095C	NormalDX	JPEG	1024	1024	RGB	1007880	7e6047eca72986e38082b479b88557e1307bc493b8c5d66d23430d7d3f1fd028	false
pbr/ground/dirt/Ground095C_1K-JPG_NormalGL.jpg	pbr/ground/dirt	Ground095C	NormalGL	JPEG	1024	1024	RGB	1002980	5c821ba40706066af7a5f1b3a23708bfb5960f029c8c5f216bc3ba3c2f5be2e1	false
pbr/ground/dirt/Ground095C_1K-JPG_Roughness.jpg	pbr/ground/dirt	Ground095C	Roughness	JPEG	1024	1024	L	544808	3e57f1f3018355ea5e18f2222af9b3b85e094899c2790bf22ca2221e28d428c8	false
pbr/ground/dirt/Ground103.png	pbr/ground/dirt	Ground103	albedo_preview	PNG	512	512	RGBA	461884	39392ea85a4ec00686beb478c9bd4c16ef376bab2606f87f20e6bccf2b11eaa7	true
pbr/ground/dirt/Ground103_1K-JPG_AmbientOcclusion.jpg	pbr/ground/dirt	Ground103	AmbientOcclusion	JPEG	1024	1024	L	904525	65d0133735424d6fa95c75ab609220c61a24c7e98181eaf11a2681b8fa6f1407	false
pbr/ground/dirt/Ground103_1K-JPG_Color.jpg	pbr/ground/dirt	Ground103	Color	JPEG	1024	1024	RGB	1504949	22650b378d43e7f62bf32c23aebf39a735c5e978ac27fac39827e142e6bd9ddf	false
pbr/ground/dirt/Ground103_1K-JPG_Displacement.jpg	pbr/ground/dirt	Ground103	Displacement	JPEG	1024	1024	L	479279	fa8f9304f901311dfb2c31f79408d32a3f9162cd7f3c4c03ae832ebb832f5877	false
pbr/ground/dirt/Ground103_1K-JPG_NormalDX.jpg	pbr/ground/dirt	Ground103	NormalDX	JPEG	1024	1024	RGB	2136618	aeb459dadca8fe67497397213a488c04d1c03d28557a4f31a13d4cfc7627ab2e	false
pbr/ground/dirt/Ground103_1K-JPG_NormalGL.jpg	pbr/ground/dirt	Ground103	NormalGL	JPEG	1024	1024	RGB	2136725	bacada95d04b753497e2ce3d76513f6276ae65ab9e71c49cdd18c1bb2328009f	false
pbr/ground/dirt/Ground103_1K-JPG_Roughness.jpg	pbr/ground/dirt	Ground103	Roughness	JPEG	1024	1024	L	853705	09ba24fddb8241670d053a22e62ae6f304c2d0b9c21f6d75e06cf3a26b0795fb	false
pbr/ground/dirt/Ground104.png	pbr/ground/dirt	Ground104	albedo_preview	PNG	512	512	RGBA	480237	1245908fa202aea9a35ce4a769fc13f6c9ccbf9d16e74afee4468b2c23e1a4d1	true
pbr/ground/dirt/Ground104_1K-JPG_AmbientOcclusion.jpg	pbr/ground/dirt	Ground104	AmbientOcclusion	JPEG	1024	1024	L	878960	f9ac2a264c1862edf8e5de415cb668a4cc5bb572721708b14a4b4531ef634fae	false
pbr/ground/dirt/Ground104_1K-JPG_Color.jpg	pbr/ground/dirt	Ground104	Color	JPEG	1024	1024	RGB	1656694	4d92979cabd41f43fcc996230b6da124b64916bfe8a78f9a43e557f59aeb4776	false
pbr/ground/dirt/Ground104_1K-JPG_Displacement.jpg	pbr/ground/dirt	Ground104	Displacement	JPEG	1024	1024	L	517195	182cc9be2c0256697550711a3528044fb34d5cf1aecd2ba1ddb0442019126763	false
pbr/ground/dirt/Ground104_1K-JPG_NormalDX.jpg	pbr/ground/dirt	Ground104	NormalDX	JPEG	1024	1024	RGB	2180069	75c4e95668e3299a5b9acf9edf1595d4b8910b630900e0b4f2727770c7b3c134	false
pbr/ground/dirt/Ground104_1K-JPG_NormalGL.jpg	pbr/ground/dirt	Ground104	NormalGL	JPEG	1024	1024	RGB	2178584	d9d4de567e5e3af8863e92c433416e9b2432868f6c2fe2db5839565a90b28aab	false
pbr/ground/dirt/Ground104_1K-JPG_Roughness.jpg	pbr/ground/dirt	Ground104	Roughness	JPEG	1024	1024	L	747506	51dbcd6acac5bc168055f45993e1335e708f02ed1891390ee5d4ccf3a788cda2	false
pbr/ground/grass/Grass001.png	pbr/ground/grass	Grass001	albedo_preview	PNG	512	512	RGBA	513474	945e9a20bac4631010dfac9ee9bd2deadad1b30444b71b3e7b364a0b25616433	true
pbr/ground/grass/Grass001_1K-JPG_AmbientOcclusion.jpg	pbr/ground/grass	Grass001	AmbientOcclusion	JPEG	1024	1024	L	902486	a5e6e6a1c4329562e99f009313f09e44dd179dedbfb5dd679feeaf17ca122ab9	false
pbr/ground/grass/Grass001_1K-JPG_Color.jpg	pbr/ground/grass	Grass001	Color	JPEG	1024	1024	RGB	1764300	b9b6d61bc3b6137b868a3447eef18737896acd26d58fe2f4b83ce8c0e9d3f8ad	false
pbr/ground/grass/Grass001_1K-JPG_Displacement.jpg	pbr/ground/grass	Grass001	Displacement	JPEG	1024	1024	L	913308	1879e4fb292a6c091b73366b4b92b2cccff4dcf150b3f34c8943aea26d52ae53	false
pbr/ground/grass/Grass001_1K-JPG_NormalDX.jpg	pbr/ground/grass	Grass001	NormalDX	JPEG	1024	1024	RGB	2337443	69add2a30fec8812b6d630073a941d709f5060a2ddf5bd6696004b1e577a4897	false
pbr/ground/grass/Grass001_1K-JPG_NormalGL.jpg	pbr/ground/grass	Grass001	NormalGL	JPEG	1024	1024	RGB	2338245	eef0b56db5f00a6fcb3d0e0f8463e4e141e88aa85b26527a04d617b75a4ab5d2	false
pbr/ground/grass/Grass001_1K-JPG_Roughness.jpg	pbr/ground/grass	Grass001	Roughness	JPEG	1024	1024	L	823623	8810effd44756341170d551501b7d0c645dc2395dbce46a8c7f1e61045258a06	false
pbr/ground/grass/Grass003.png	pbr/ground/grass	Grass003	albedo_preview	PNG	512	512	RGBA	511918	3c08cf2e9d334f634cebf9f1d8c3bfc5dc08d6f1a9e68665a593a28510bb14fd	true
pbr/ground/grass/Grass003_1K-JPG_AmbientOcclusion.jpg	pbr/ground/grass	Grass003	AmbientOcclusion	JPEG	1024	1024	L	906349	db4c5b0759a4fd2533c46df751360b69a578a34d9fca68c03e21b0b239bca872	false
pbr/ground/grass/Grass003_1K-JPG_Color.jpg	pbr/ground/grass	Grass003	Color	JPEG	1024	1024	RGB	1721740	6beecbfe11d1c7e75784e5357d2ddd300024988e4028eb8a21838824ca80da2b	false
pbr/ground/grass/Grass003_1K-JPG_Displacement.jpg	pbr/ground/grass	Grass003	Displacement	JPEG	1024	1024	L	924329	870e2ed619c0b6424b6380e946e16f05895d44442b6bd29b76a997425a1cc421	false
pbr/ground/grass/Grass003_1K-JPG_NormalDX.jpg	pbr/ground/grass	Grass003	NormalDX	JPEG	1024	1024	RGB	2344640	0143c6ab5ef2f798cc9edff56c217edd6880fa8b100a42227db1084c414de492	false
pbr/ground/grass/Grass003_1K-JPG_NormalGL.jpg	pbr/ground/grass	Grass003	NormalGL	JPEG	1024	1024	RGB	2345378	a191dbd7744c3bafbf6bf648f1a00d773cbc2249bfda61ba83666faefe59a354	false
pbr/ground/grass/Grass003_1K-JPG_Roughness.jpg	pbr/ground/grass	Grass003	Roughness	JPEG	1024	1024	L	856252	43ec4aeb883c3f105c32221f393471352dc55791d89b8c0e693c81334b93c9bb	false
pbr/ground/grass/Grass004.png	pbr/ground/grass	Grass004	albedo_preview	PNG	512	512	RGBA	546989	2cb26c75238d3b2dc71867d66c85603b211344965d80c9f9c8020cd1ac8a23d2	true
pbr/ground/grass/Grass004_1K-JPG_AmbientOcclusion.jpg	pbr/ground/grass	Grass004	AmbientOcclusion	JPEG	1024	1024	L	904824	04dde15209751196f5d0fc84507e6e2fbd7876a766ba3ab158e061dd9b756b95	false
pbr/ground/grass/Grass004_1K-JPG_Color.jpg	pbr/ground/grass	Grass004	Color	JPEG	1024	1024	RGB	1985561	9e1c60da44b34a9738b1256ba827541f097dc583521b1d281e61b5f4b4217bc5	false
pbr/ground/grass/Grass004_1K-JPG_Displacement.jpg	pbr/ground/grass	Grass004	Displacement	JPEG	1024	1024	L	918011	8268bbb7075ea22714913ab3f38a9ff35a2c759cb7d4961a2e87d0ef29b1b849	false
pbr/ground/grass/Grass004_1K-JPG_NormalDX.jpg	pbr/ground/grass	Grass004	NormalDX	JPEG	1024	1024	RGB	2339065	c375ab178faa4df0b0e0b13dabc5594ab8e8e8220a9d40e8815ff8e602ec058c	false
pbr/ground/grass/Grass004_1K-JPG_NormalGL.jpg	pbr/ground/grass	Grass004	NormalGL	JPEG	1024	1024	RGB	2339612	8014a81d896a5c589b60612a769bc39eb1213e48d96f6146f485ea36e9e9610f	false
pbr/ground/grass/Grass004_1K-JPG_Roughness.jpg	pbr/ground/grass	Grass004	Roughness	JPEG	1024	1024	L	851664	706580983860f942e141acdd68c4128dd683be50fcc5d85b7c67a9a3a8c7bac0	false
pbr/ground/grass/Grass005.png	pbr/ground/grass	Grass005	albedo_preview	PNG	512	512	RGBA	506576	c4242ca2a95c725ea0d65ac3938a10eb09587c4b4cde3f14ec06a21e6e5ba486	true
pbr/ground/grass/Grass005_1K-JPG_AmbientOcclusion.jpg	pbr/ground/grass	Grass005	AmbientOcclusion	JPEG	1024	1024	L	981258	1e574ee1aebfeb797e115f579454a317faa770d15169baf4cfe91371074ccffd	false
pbr/ground/grass/Grass005_1K-JPG_Color.jpg	pbr/ground/grass	Grass005	Color	JPEG	1024	1024	RGB	1875015	5fd8edc1a04e2b9b093229dd0ec41f29668dda9fc698f6610b12cdd83b7690cb	false
pbr/ground/grass/Grass005_1K-JPG_Displacement.jpg	pbr/ground/grass	Grass005	Displacement	JPEG	1024	1024	L	835456	5561732fa24d512132bbf84eb6c517fba82eb83d55bdfeac51cda60a7a2c2aac	false
pbr/ground/grass/Grass005_1K-JPG_NormalDX.jpg	pbr/ground/grass	Grass005	NormalDX	JPEG	1024	1024	RGB	2136776	521c71a67a68d661657de9dba539337f9d10637fe71a27878ff2b9a1e72c8fe8	false
pbr/ground/grass/Grass005_1K-JPG_NormalGL.jpg	pbr/ground/grass	Grass005	NormalGL	JPEG	1024	1024	RGB	2137845	f89e3a1701511d379a9772774ec6b9d7b7ccf3e944fdcc2b98c09dee4cfd804f	false
pbr/ground/grass/Grass005_1K-JPG_Roughness.jpg	pbr/ground/grass	Grass005	Roughness	JPEG	1024	1024	L	851896	04ca3a66eee6105cac9754ac773ffd4ee63ca2222984554c4c04b0cdca80da26	false
pbr/ground/grass/Ground037.png	pbr/ground/grass	Ground037	albedo_preview	PNG	512	512	RGBA	513329	bc7cebb2860a92e9446802a3018f56074879803f1bddb0b80517cd5bfd57c6ae	true
pbr/ground/grass/Ground037_1K-JPG_AmbientOcclusion.jpg	pbr/ground/grass	Ground037	AmbientOcclusion	JPEG	1024	1024	L	612112	8afe189ae915888551076cb279f6282c84255e4b2bdb2c4ce8c1c891074245ef	false
pbr/ground/grass/Ground037_1K-JPG_Color.jpg	pbr/ground/grass	Ground037	Color	JPEG	1024	1024	RGB	2187764	d92bec8a35b9cb16ec79b421ca0f572a7400286eae109beafa266629ef49a6cf	false
pbr/ground/grass/Ground037_1K-JPG_Displacement.jpg	pbr/ground/grass	Ground037	Displacement	JPEG	1024	1024	L	500481	bc102168f5d014ce208ed5c1d9140c39513d29303e1b3436cb06c92c7780e419	false
pbr/ground/grass/Ground037_1K-JPG_NormalDX.jpg	pbr/ground/grass	Ground037	NormalDX	JPEG	1024	1024	RGB	2474498	0e2d613d117d9231aa0aa61f39b19755f891b4ed1d1599a004cb018a8224e039	false
pbr/ground/grass/Ground037_1K-JPG_NormalGL.jpg	pbr/ground/grass	Ground037	NormalGL	JPEG	1024	1024	RGB	2474236	ea59dbdcfa5bf2f28bdd4aa896d4e5f96c4cce5939100dcc6db4bbbcdebfe38d	false
pbr/ground/grass/Ground037_1K-JPG_Roughness.jpg	pbr/ground/grass	Ground037	Roughness	JPEG	1024	1024	L	694944	3786b088e981aae562f06b6477972d379cffd09a5cc542ab42f9ffd94f9bcb0e	false
pbr/ground/grass/Snow015.png	pbr/ground/grass	Snow015	albedo_preview	PNG	512	512	RGBA	531817	cad6eb83e4df882d5c529ac80a34002c87df85e90200cf1b282195373e81a915	true
pbr/ground/grass/Snow015_1K-JPG_AmbientOcclusion.jpg	pbr/ground/grass	Snow015	AmbientOcclusion	JPEG	1024	1024	L	918336	c9da923a5a74007d8af750262c32ae438ac95a1df99f60b208e8661cd12ab928	false
pbr/ground/grass/Snow015_1K-JPG_Color.jpg	pbr/ground/grass	Snow015	Color	JPEG	1024	1024	RGB	1683440	e346e382d7dfe6d3bc91bee79977682ede86436bdf5730d8d45b70b4b364118c	false
pbr/ground/grass/Snow015_1K-JPG_Displacement.jpg	pbr/ground/grass	Snow015	Displacement	JPEG	1024	1024	L	578383	6b01a7094bfba44f40dc7ee6982d0a0707d32fb22d9a3c262091c120431b8854	false
pbr/ground/grass/Snow015_1K-JPG_NormalDX.jpg	pbr/ground/grass	Snow015	NormalDX	JPEG	1024	1024	RGB	2085776	bb689dfb173f42c0046ab39f3b15bfd6a26309cfc1e122a38f0009c147dc78cb	false
pbr/ground/grass/Snow015_1K-JPG_NormalGL.jpg	pbr/ground/grass	Snow015	NormalGL	JPEG	1024	1024	RGB	2089649	7404152391bf5d0386130ce1da962c97fe60116ebd66b0b477882a067ab8a82a	false
pbr/ground/grass/Snow015_1K-JPG_Roughness.jpg	pbr/ground/grass	Snow015	Roughness	JPEG	1024	1024	L	779211	201febfd4d5e71b6136735aa7db0c40defbdddcee0cb9d4e059bbd4645d12ab4	false
pbr/ground/gravel/Gravel023.png	pbr/ground/gravel	Gravel023	albedo_preview	PNG	512	512	RGBA	457025	dac00ce9e37bd2981e3bdb4b5a15d88a29422ec80c5165056358ec9cbfbe89c1	true
pbr/ground/gravel/Gravel023_1K-JPG_AmbientOcclusion.jpg	pbr/ground/gravel	Gravel023	AmbientOcclusion	JPEG	1024	1024	L	880985	824aa0fe1b043e5dc5c9910767eced24f2cb261e84aed8137a6a5b5dd40fbc60	false
pbr/ground/gravel/Gravel023_1K-JPG_Color.jpg	pbr/ground/gravel	Gravel023	Color	JPEG	1024	1024	RGB	1244622	4992b5322c763fd24a0237da219d3197d00826448e33fb1a11bdf6453219b45b	false
pbr/ground/gravel/Gravel023_1K-JPG_Displacement.jpg	pbr/ground/gravel	Gravel023	Displacement	JPEG	1024	1024	L	706454	46891a9ebf259ec1a4445c72b919f8235f6e381c1283a64fd3e02d918df1f6b7	false
pbr/ground/gravel/Gravel023_1K-JPG_NormalDX.jpg	pbr/ground/gravel	Gravel023	NormalDX	JPEG	1024	1024	RGB	2467946	029a1741f7ed69bbb36e3d7f9a6551023de672474be89bb30e0c6afbd3c027fa	false
pbr/ground/gravel/Gravel023_1K-JPG_NormalGL.jpg	pbr/ground/gravel	Gravel023	NormalGL	JPEG	1024	1024	RGB	2464864	5427ae63407405b6174107861cd1b11a516ce50a23cb9a82dac40e5b788f1418	false
pbr/ground/gravel/Gravel023_1K-JPG_Roughness.jpg	pbr/ground/gravel	Gravel023	Roughness	JPEG	1024	1024	L	538605	84e08e6bc9b3d3ac9e737d2d5e7a82427be552b599294baf6f26a6730cd5f279	false
pbr/ground/gravel/Ground079S.png	pbr/ground/gravel	Ground079S	albedo_preview	PNG	512	512	RGBA	524544	5c6f976612342f2d44756283b66f1b4f2f419d1da9bd802feeab94b5a5eef3ab	true
pbr/ground/gravel/Ground079S_1K-JPG_AmbientOcclusion.jpg	pbr/ground/gravel	Ground079S	AmbientOcclusion	JPEG	1024	1024	L	822158	5a0b66eb1defb735f3cdce9f6bcb62a52b8eab60d0293004ad3db1185fd682f1	false
pbr/ground/gravel/Ground079S_1K-JPG_Color.jpg	pbr/ground/gravel	Ground079S	Color	JPEG	1024	1024	RGB	1753093	9943235b3605983c3890ad20c266441dcbd35f161e0da7e1b3ffb3529dd9cd3f	false
pbr/ground/gravel/Ground079S_1K-JPG_Displacement.jpg	pbr/ground/gravel	Ground079S	Displacement	JPEG	1024	1024	L	625215	5270d0797e10503e363119631146b3a88b652e7ffa40806d0ce24d717d872c41	false
pbr/ground/gravel/Ground079S_1K-JPG_NormalDX.jpg	pbr/ground/gravel	Ground079S	NormalDX	JPEG	1024	1024	RGB	2234201	0c190a26da984ad22eb4d7d3cda4503ea1c00c6df9fd45e5a8ac61e7099157ce	false
pbr/ground/gravel/Ground079S_1K-JPG_NormalGL.jpg	pbr/ground/gravel	Ground079S	NormalGL	JPEG	1024	1024	RGB	2236056	8d860446c06bc548b750cdbd8ed5a25f0132a72ca9de22d738571e36242a8da9	false
pbr/ground/gravel/Ground079S_1K-JPG_Roughness.jpg	pbr/ground/gravel	Ground079S	Roughness	JPEG	1024	1024	L	658492	6ed1d2f1b31af38819aebb767d85e9e79e7e60dd52bceb296b55747d1cde2d55	false
pbr/ground/gravel/Ground081.png	pbr/ground/gravel	Ground081	albedo_preview	PNG	512	512	RGBA	500819	2b917c8030eb8cb1362545b1d1417b3b5b8f2ff41e5461bc396c36edc7452049	true
pbr/ground/gravel/Ground081_1K-JPG_AmbientOcclusion.jpg	pbr/ground/gravel	Ground081	AmbientOcclusion	JPEG	1024	512	L	430417	7696101b7696043cc73e03464c7da7f2325ad6778ad74b391d90d07f85abec67	false
pbr/ground/gravel/Ground081_1K-JPG_Color.jpg	pbr/ground/gravel	Ground081	Color	JPEG	1024	512	RGB	863934	906661af2859c4fe5c47e283cf100f3c25fdf9eca35e94ae20d320118c593352	false
pbr/ground/gravel/Ground081_1K-JPG_Displacement.jpg	pbr/ground/gravel	Ground081	Displacement	JPEG	1024	512	L	281416	0daaab1e247e4276a479e8ed079ea94aa31bf44c547a5be5b7e3a26b89200007	false
pbr/ground/gravel/Ground081_1K-JPG_NormalDX.jpg	pbr/ground/gravel	Ground081	NormalDX	JPEG	1024	512	RGB	1060011	6b57a207744f587350f569f8027ff02a8b9c4fe2e10d120ceb5283fb9bd607f1	false
pbr/ground/gravel/Ground081_1K-JPG_NormalGL.jpg	pbr/ground/gravel	Ground081	NormalGL	JPEG	1024	512	RGB	1059030	f12653eed9f7c7ac5d6c68870eb88f452e7f4e68974782e4cd4322ef04588fc6	false
pbr/ground/gravel/Ground081_1K-JPG_Roughness.jpg	pbr/ground/gravel	Ground081	Roughness	JPEG	1024	512	L	425754	391499ad206202caf5999e07011df3e514efb40158b0b285cb44dad35d806373	false
pbr/ground/sand/Ground093C.png	pbr/ground/sand	Ground093C	albedo_preview	PNG	512	512	RGBA	241936	9e7c6f082d75afe1523888ea5b74bdb71ead2f525e0312bb64d4b2ad293b2054	true
pbr/ground/sand/Ground093C_1K-JPG_AmbientOcclusion.jpg	pbr/ground/sand	Ground093C	AmbientOcclusion	JPEG	1024	1024	L	178366	4d7556344ed8f3255da14cde62ddac44ffd427cf74d01e3a7310f2da7534de4c	false
pbr/ground/sand/Ground093C_1K-JPG_Color.jpg	pbr/ground/sand	Ground093C	Color	JPEG	1024	1024	RGB	563256	947ebef9b25cc90c315d4d3008fe640d61fc95b713ea31053144fedd11dea51c	false
pbr/ground/sand/Ground093C_1K-JPG_Displacement.jpg	pbr/ground/sand	Ground093C	Displacement	JPEG	1024	1024	L	273026	76a2d409686f4493217465330fe77f07ea9bf7da642d264fb061abcdd8d3e2fd	false
pbr/ground/sand/Ground093C_1K-JPG_NormalDX.jpg	pbr/ground/sand	Ground093C	NormalDX	JPEG	1024	1024	RGB	1059012	9d1a8db13b4d679769879f9880ae6eaad7139bb7248206142871a2aceca6c031	false
pbr/ground/sand/Ground093C_1K-JPG_NormalGL.jpg	pbr/ground/sand	Ground093C	NormalGL	JPEG	1024	1024	RGB	1058031	fcc02973d605291844ce9c8f94769fcff9617bb7cba11c8c68cbda0d7b0546f9	false
pbr/ground/sand/Ground093C_1K-JPG_Roughness.jpg	pbr/ground/sand	Ground093C	Roughness	JPEG	1024	1024	L	593683	284619748a1cb65f55778e01ba1dc3291238e0087c52c78c9459a8cd22fbc156	false
pbr/ground/snow/Snow013.png	pbr/ground/snow	Snow013	albedo_preview	PNG	512	512	RGBA	344048	df7ebb787d5e86da910ac569bcbb0d1a7c18a9ab881131d1a7281a63af1ef138	true
pbr/ground/snow/Snow013_1K-JPG_AmbientOcclusion.jpg	pbr/ground/snow	Snow013	AmbientOcclusion	JPEG	1024	1024	L	725524	a9794a11ab102beb426d6cfc7adf85bb53ab461431229d359cca56d6797dfe24	false
pbr/ground/snow/Snow013_1K-JPG_Color.jpg	pbr/ground/snow	Snow013	Color	JPEG	1024	1024	RGB	966457	3019dc296920634bfd9f353cf7fa871dd9ef5e2036a4a808d0f05e0f48719cf7	false
pbr/ground/snow/Snow013_1K-JPG_Displacement.jpg	pbr/ground/snow	Snow013	Displacement	JPEG	1024	1024	L	516730	b32d9a6e92fe5ae5ff9ba335415eeb29d42e14a94842916e87bf9d993cc0e1df	false
pbr/ground/snow/Snow013_1K-JPG_NormalDX.jpg	pbr/ground/snow	Snow013	NormalDX	JPEG	1024	1024	RGB	1901067	d9a79b98c53c264bbb615ae46ee2b196e62d8242dd7d0f9d71508ecbfc522e8c	false
pbr/ground/snow/Snow013_1K-JPG_NormalGL.jpg	pbr/ground/snow	Snow013	NormalGL	JPEG	1024	1024	RGB	1899857	659762549f8fdc6950ad84de68c5e7879dd607522246f55c26217f30441c3bff	false
pbr/ground/snow/Snow013_1K-JPG_Roughness.jpg	pbr/ground/snow	Snow013	Roughness	JPEG	1024	1024	L	644464	9819804f8932ea08f578b4401e82e00ac0d2b7fffd861af47a96a2334ffacc18	false
pbr/ground/snow/Snow014.png	pbr/ground/snow	Snow014	albedo_preview	PNG	512	512	RGBA	309014	c76b3461940ed4e853660410a2a1d4b1bdf5cacea9aea368c525ad81524fe9e6	true
pbr/ground/snow/Snow014_1K-JPG_AmbientOcclusion.jpg	pbr/ground/snow	Snow014	AmbientOcclusion	JPEG	1024	1024	L	518709	cba43cf8bbe4ad9d3d41b7c5cc6e82e6bd93bdf224ac438e9fa2831b43b1c4c0	false
pbr/ground/snow/Snow014_1K-JPG_Color.jpg	pbr/ground/snow	Snow014	Color	JPEG	1024	1024	RGB	724157	7bee1569cac60a74a373a620da31f17ecbd81c24e687bf6520cd9e32d2cbc509	false
pbr/ground/snow/Snow014_1K-JPG_Displacement.jpg	pbr/ground/snow	Snow014	Displacement	JPEG	1024	1024	L	408609	875f4189541543a097a20a9e3f94fb1c49bdee4a826723eb9e70545ea10db4e6	false
pbr/ground/snow/Snow014_1K-JPG_NormalDX.jpg	pbr/ground/snow	Snow014	NormalDX	JPEG	1024	1024	RGB	1674302	e93d63042d869fcd9356e617b08eca9474994e83247f7b45d96bc35b06591db3	false
pbr/ground/snow/Snow014_1K-JPG_NormalGL.jpg	pbr/ground/snow	Snow014	NormalGL	JPEG	1024	1024	RGB	1672609	c6c80e0a9e540a5ae377f0df19e7a9392ded611bc5eadcde229b1a1ea57671e1	false
pbr/ground/snow/Snow014_1K-JPG_Roughness.jpg	pbr/ground/snow	Snow014	Roughness	JPEG	1024	1024	L	682348	65fa6b9a48bb5d693c26b5fadcde96b434fede1f8d959f70d7fa9c3edbfd1b49	false
pbr/metal/Metal032_1K-JPG_Color.jpg	pbr/metal	Metal032	Color	JPEG	1024	1024	RGB	701900	49493d6ade78ccbbbd270c6a15e4b4c9b1a097e66ddf28a1073de3e85712d9af	false
pbr/metal/Metal032_1K-JPG_Displacement.jpg	pbr/metal	Metal032	Displacement	JPEG	1024	1024	L	526006	b8ce7b052ca7ae31d5adb7fbd51c6d1b19d69c0ba3ae622be5c2886a172eb821	false
pbr/metal/Metal032_1K-JPG_NormalDX.jpg	pbr/metal	Metal032	NormalDX	JPEG	1024	1024	RGB	342821	183a78f21818a02886954776d0725751733b6b9f55c151201bca6a1da4d3bb92	false
pbr/metal/Metal032_1K-JPG_NormalGL.jpg	pbr/metal	Metal032	NormalGL	JPEG	1024	1024	RGB	341948	8537c1015de5cc33d20231e5b6aa27309edcb983e1c37e608d08bb00f733747d	false
pbr/metal/Metal032_1K-JPG_Roughness.jpg	pbr/metal	Metal032	Roughness	JPEG	1024	1024	L	404875	55d3eee2b69008ad3701b18977495531d0e3515105102e56f40a4d1098d10bce	false
pbr/metal/corroded/Metal061C.png	pbr/metal/corroded	Metal061C	albedo_preview	PNG	512	512	RGBA	322033	43c4ff725d2589fdff45fddf69d4bed71fc845fb128df2922f4f88f51db90a4d	true
pbr/metal/corroded/Metal061C_1K-JPG_Color.jpg	pbr/metal/corroded	Metal061C	Color	JPEG	1024	1024	RGB	1188194	24f914f3ce9d3f662c16202783787af67cd1194748d959610286df222ffd1974	false
pbr/metal/corroded/Metal061C_1K-JPG_Displacement.jpg	pbr/metal/corroded	Metal061C	Displacement	JPEG	1024	1024	L	345987	06cdb9593bb3f58b9823a37cf26bd14f6de03752e9d045bad82e02d568c3623b	false
pbr/metal/corroded/Metal061C_1K-JPG_Metalness.jpg	pbr/metal/corroded	Metal061C	Metalness	JPEG	1024	1024	L	198169	5a69ecf12fa67ed8676f21154da37aef2a347056c7af0bb95ada656244c41f22	false
pbr/metal/corroded/Metal061C_1K-JPG_NormalDX.jpg	pbr/metal/corroded	Metal061C	NormalDX	JPEG	1024	1024	RGB	706721	13b98556a7df5d25a3d46faf28283c43b8e5d4bad22399f3490d8c7ede62031a	false
pbr/metal/corroded/Metal061C_1K-JPG_NormalGL.jpg	pbr/metal/corroded	Metal061C	NormalGL	JPEG	1024	1024	RGB	705553	f34a1d2c6ae4fe0dcd8b3ca89fe3618364e8457be3f66ba31466bf74e53767b3	false
pbr/metal/corroded/Metal061C_1K-JPG_Roughness.jpg	pbr/metal/corroded	Metal061C	Roughness	JPEG	1024	1024	L	327401	157182b42e73b348fb9c942e679185c6a10f60651c4d0234db82449ca9265834	false
pbr/metal/gold/Metal048A.png	pbr/metal/gold	Metal048A	albedo_preview	PNG	512	512	RGBA	195834	a8e9110b31621d6198b6d033cb454b368770dbd9299541789d28f94530da5841	true
pbr/metal/gold/Metal048A_1K-JPG_Color.jpg	pbr/metal/gold	Metal048A	Color	JPEG	1024	1024	RGB	553378	4e0e8652610853900104071d08bc0b25c833bf5ad2f5512d1b8bb4657b7af424	false
pbr/metal/gold/Metal048A_1K-JPG_Displacement.jpg	pbr/metal/gold	Metal048A	Displacement	JPEG	1024	1024	L	5228	40f2f875d1704734706617058ccc9ec42170f07b0362d6f9e959c4018bdc1f2b	false
pbr/metal/gold/Metal048A_1K-JPG_Metalness.jpg	pbr/metal/gold	Metal048A	Metalness	JPEG	1024	1024	L	6631	df8dc61f61f73683f741161c7f8d96ba84d01de62a481e844ed2aad6794f9f50	false
pbr/metal/gold/Metal048A_1K-JPG_NormalDX.jpg	pbr/metal/gold	Metal048A	NormalDX	JPEG	1024	1024	RGB	279389	444f29a6ba268c9f111cc5a062bd8d1b82e0d74555857d89db3dce444cba209d	false
pbr/metal/gold/Metal048A_1K-JPG_NormalGL.jpg	pbr/metal/gold	Metal048A	NormalGL	JPEG	1024	1024	RGB	314189	34f076458a2fb64db75b3088c3ec011eccf46f390126cf43c7b6af97da20e4a6	false
pbr/metal/gold/Metal048A_1K-JPG_Roughness.jpg	pbr/metal/gold	Metal048A	Roughness	JPEG	1024	1024	L	122269	88eb1a5dfb1737755e46c9d83a0280a6b9bd5d6db3cb8258ee7592e908828e1d	false
pbr/metal/gold/Metal048C.png	pbr/metal/gold	Metal048C	albedo_preview	PNG	512	512	RGBA	304104	876eac486a2cd407b3945ef1a75f95a21d0e79bf69b4b464fd6467075662fdba	true
pbr/metal/gold/Metal048C_1K-JPG_Color.jpg	pbr/metal/gold	Metal048C	Color	JPEG	1024	1024	RGB	871864	35ad052e3e29aa63523e63e2dd6b62e2466c56e8a77a5dbee4947199e459e58c	false
pbr/metal/gold/Metal048C_1K-JPG_Displacement.jpg	pbr/metal/gold	Metal048C	Displacement	JPEG	1024	1024	L	294228	535a029a378b75f3565bf269b3c656a286fc9d7ec0b064ab4518468148a2c986	false
pbr/metal/gold/Metal048C_1K-JPG_Metalness.jpg	pbr/metal/gold	Metal048C	Metalness	JPEG	1024	1024	L	250848	6a6f8da6955ef1613bad489cc67bffd610aaec7bfccb77a4ded016b5925490c4	false
pbr/metal/gold/Metal048C_1K-JPG_NormalDX.jpg	pbr/metal/gold	Metal048C	NormalDX	JPEG	1024	1024	RGB	545852	18979c32a0f54a30c9a9bf41e6bcd31ae6961e49c3c341a3b36fb386b56005aa	false
pbr/metal/gold/Metal048C_1K-JPG_NormalGL.jpg	pbr/metal/gold	Metal048C	NormalGL	JPEG	1024	1024	RGB	545805	300bb39b55aba9e60cfa1e991ebdfe5f4c0fb69c0f1a4defa4527fbb48a5a9ca	false
pbr/metal/gold/Metal048C_1K-JPG_Roughness.jpg	pbr/metal/gold	Metal048C	Roughness	JPEG	1024	1024	L	539353	f8e84de90c62ce0a7f5c59a3b1af4a3a1c23905ea4707a635646437639b1a21d	false
pbr/metal/iron/Metal041A.png	pbr/metal/iron	Metal041A	albedo_preview	PNG	512	512	RGBA	279910	107e488bb22a3d5b697fff8d4a7cf6c7d8d12e9ce0b5bc4490ace63f4bc2cd6e	true
pbr/metal/iron/Metal041A_1K-JPG_Color.jpg	pbr/metal/iron	Metal041A	Color	JPEG	1024	1024	RGB	627387	7119e5e3dc31e38ce7ba685053c34c66708e9461af94863a672a8ff61b8edcb0	false
pbr/metal/iron/Metal041A_1K-JPG_Displacement.jpg	pbr/metal/iron	Metal041A	Displacement	JPEG	1024	1024	L	563132	b17c609441452f39c736b080ed602ab6fe887636aff3164ad78eb84a64b1c7f2	false
pbr/metal/iron/Metal041A_1K-JPG_Metalness.jpg	pbr/metal/iron	Metal041A	Metalness	JPEG	1024	1024	L	5242	6df56e2542d86e07aa2845eb6cee59d0b8579d29f42e55ddabd9adac0025fce4	false
pbr/metal/iron/Metal041A_1K-JPG_NormalDX.jpg	pbr/metal/iron	Metal041A	NormalDX	JPEG	1024	1024	RGB	696448	72bff682b33a2134334b6a7cfd718b3c34855a4f3897ef7c399204ba32a2cbdb	false
pbr/metal/iron/Metal041A_1K-JPG_NormalGL.jpg	pbr/metal/iron	Metal041A	NormalGL	JPEG	1024	1024	RGB	696581	866d5fc5d5bda6956e0e47d6e1d8434272a35b405eb8034b1ba0519180eb5966	false
pbr/metal/iron/Metal041A_1K-JPG_Roughness.jpg	pbr/metal/iron	Metal041A	Roughness	JPEG	1024	1024	L	344091	6e6699a0008f2c0a393baa01f0251b0059e4c350686b10783d9772f94730ce54	false
pbr/metal/iron/Metal052C.png	pbr/metal/iron	Metal052C	albedo_preview	PNG	512	512	RGBA	291849	b4e98e18e90ea289902e9239799853b53e7e2c9f580cf4088edd41cf017c7c32	true
pbr/metal/iron/Metal052C_1K-JPG_Color.jpg	pbr/metal/iron	Metal052C	Color	JPEG	1024	1024	RGB	878040	4372543ee44f15e7899facdffb23a612a5942c6ff7f764de0f3bc71e1fa25015	false
pbr/metal/iron/Metal052C_1K-JPG_Displacement.jpg	pbr/metal/iron	Metal052C	Displacement	JPEG	1024	1024	L	362826	0a6324beaccdf80f5f637af94d92245a6db706ba3f1922b11a7b118abe1d4a87	false
pbr/metal/iron/Metal052C_1K-JPG_Metalness.jpg	pbr/metal/iron	Metal052C	Metalness	JPEG	1024	1024	L	338417	c7ac2d2a244c6f32ae66a12cd79bc11a0394c82350053ad7c8d64eb0cabe0341	false
pbr/metal/iron/Metal052C_1K-JPG_NormalDX.jpg	pbr/metal/iron	Metal052C	NormalDX	JPEG	1024	1024	RGB	707611	6f6e0f2c05d7d090fd9ec0ed4a7effb4640fc88357e0455002643d8c6b4edd3e	false
pbr/metal/iron/Metal052C_1K-JPG_NormalGL.jpg	pbr/metal/iron	Metal052C	NormalGL	JPEG	1024	1024	RGB	707425	b7e309e68862362dce1eefd4c25cac80e5abfa54a70c1caececd247a7f37b2d5	false
pbr/metal/iron/Metal052C_1K-JPG_Roughness.jpg	pbr/metal/iron	Metal052C	Roughness	JPEG	1024	1024	L	690289	6ea411e4906628fb0feb388bcd8f2c8200301b35551709ca7cc52f9134f65c12	false
pbr/metal/iron/Metal053C.png	pbr/metal/iron	Metal053C	albedo_preview	PNG	512	512	RGBA	445068	fda6713d1fa5d4a18c408b45d683b6f112a35dd33c0ef10000cdcc4b0e5ab5b9	true
pbr/metal/iron/Metal053C_1K-JPG_Color.jpg	pbr/metal/iron	Metal053C	Color	JPEG	1024	1024	RGB	1620700	2157ee987444ac4ed20fea04380a1e1489ae72df367140312d6fb4f406f0b269	false
pbr/metal/iron/Metal053C_1K-JPG_Displacement.jpg	pbr/metal/iron	Metal053C	Displacement	JPEG	1024	1024	L	309325	7ffc41095fbc0fc76ef21750f91571c21754b0ee7155bdc4e9fdd03b08c9c35d	false
pbr/metal/iron/Metal053C_1K-JPG_Metalness.jpg	pbr/metal/iron	Metal053C	Metalness	JPEG	1024	1024	L	846079	b763b6ce843e5520b714880bc003f02adab60438bf136a041f838ffbc11ddbe5	false
pbr/metal/iron/Metal053C_1K-JPG_NormalDX.jpg	pbr/metal/iron	Metal053C	NormalDX	JPEG	1024	1024	RGB	602738	72cebbc5bcd7028dd1ec911e8932198e7de9ea6633fb4e0ec7ea7cab1595160c	false
pbr/metal/iron/Metal053C_1K-JPG_NormalGL.jpg	pbr/metal/iron	Metal053C	NormalGL	JPEG	1024	1024	RGB	609756	1becb8f2e2bf5ff0d4d4c5c8240b69aeaf8c1a0519b926b69d6bb66e6647046a	false
pbr/metal/iron/Metal053C_1K-JPG_Roughness.jpg	pbr/metal/iron	Metal053C	Roughness	JPEG	1024	1024	L	775143	b34a29f0d223876c1ae7de7d5e54d3dad950d79681823262ce4e11c87499c37d	false
pbr/metal/iron/Metal055A.png	pbr/metal/iron	Metal055A	albedo_preview	PNG	512	512	RGBA	276862	7ae788ff2e8533bad84d2198f03cbd77bdd5bd53c42abc79544f5416e2a742fe	true
pbr/metal/iron/Metal055A_1K-JPG_Color.jpg	pbr/metal/iron	Metal055A	Color	JPEG	1024	1024	RGB	813574	79938ccc3c75aaab3a2b1ed31068a8db3634d512286bb8c3aa6f6205cd59ca3a	false
pbr/metal/iron/Metal055A_1K-JPG_Displacement.jpg	pbr/metal/iron	Metal055A	Displacement	JPEG	1024	1024	L	284832	ee92fa068bde56e990e94c9663a7646c64c2b653388a149b069a1421d9aa471f	false
pbr/metal/iron/Metal055A_1K-JPG_Metalness.jpg	pbr/metal/iron	Metal055A	Metalness	JPEG	1024	1024	L	77358	7d641701d0c31e623de99899816219e09b8b66403224550a24ff3930c70bebc7	false
pbr/metal/iron/Metal055A_1K-JPG_NormalDX.jpg	pbr/metal/iron	Metal055A	NormalDX	JPEG	1024	1024	RGB	599588	2ddd4582400dd6d9da996b982ca4abdc497d2876b024686bdd0d03593b9fadf0	false
pbr/metal/iron/Metal055A_1K-JPG_NormalGL.jpg	pbr/metal/iron	Metal055A	NormalGL	JPEG	1024	1024	RGB	598840	35b567228bb4f18d231f7767327a6b8a10627045dd4957ecd0fed5ee7017aa3c	false
pbr/metal/iron/Metal055A_1K-JPG_Roughness.jpg	pbr/metal/iron	Metal055A	Roughness	JPEG	1024	1024	L	511418	b844f4192f74c6160265821da790b764fc941e195d939160ee3e22a07037e860	false
pbr/metal/iron/Metal056B.png	pbr/metal/iron	Metal056B	albedo_preview	PNG	512	512	RGBA	410053	4f68dbb1710289c473a8b729a92cb90cd08f05ad574c2c6aa36fa80a27d363d9	true
pbr/metal/iron/Metal056B_1K-JPG_Color.jpg	pbr/metal/iron	Metal056B	Color	JPEG	1024	1024	RGB	1372987	e57d7ffd68caee4bc0dc920c1f63ea0f98083cc537687970312c53c21dfaaafe	false
pbr/metal/iron/Metal056B_1K-JPG_Displacement.jpg	pbr/metal/iron	Metal056B	Displacement	JPEG	1024	1024	L	325689	2bbddccbf03d90061be1529a6de29897de9f4abd55b34c9b6d2b5ef5e59073df	false
pbr/metal/iron/Metal056B_1K-JPG_Metalness.jpg	pbr/metal/iron	Metal056B	Metalness	JPEG	1024	1024	L	714545	484da6ffd58c88344d03ba36b54f657650ecd04759a5dec2419998a3b8c0e782	false
pbr/metal/iron/Metal056B_1K-JPG_NormalDX.jpg	pbr/metal/iron	Metal056B	NormalDX	JPEG	1024	1024	RGB	604243	a985cbb467b3cc73dc735a67159c14285a0a9c84bc6a3a8bcf7573c686bf1bb8	false
pbr/metal/iron/Metal056B_1K-JPG_NormalGL.jpg	pbr/metal/iron	Metal056B	NormalGL	JPEG	1024	1024	RGB	598100	2eae11b52624d0d6aa5378051bc20a79f1248e458a461878deebd7347c464ef2	false
pbr/metal/iron/Metal056B_1K-JPG_Roughness.jpg	pbr/metal/iron	Metal056B	Roughness	JPEG	1024	1024	L	765949	d740eccb2a9a113145c922e7d536df9ee4186d18998d5687591f39b214978a14	false
pbr/metal/iron/Metal056C.png	pbr/metal/iron	Metal056C	albedo_preview	PNG	512	512	RGBA	416655	8690ade1f00d3f2902f8a9f693686884b9f6852d4d627d1e978da3626412c899	true
pbr/metal/iron/Metal056C_1K-JPG_Color.jpg	pbr/metal/iron	Metal056C	Color	JPEG	1024	1024	RGB	1501914	f30cdf27867395235646010f9771739000eb44e14776da5f391bc2ae9a4f10b8	false
pbr/metal/iron/Metal056C_1K-JPG_Displacement.jpg	pbr/metal/iron	Metal056C	Displacement	JPEG	1024	1024	L	473840	eecec382d7f1beafc0f1cd7c11e5c813dc620d9ccba0bcc968d10dd26556dc85	false
pbr/metal/iron/Metal056C_1K-JPG_Metalness.jpg	pbr/metal/iron	Metal056C	Metalness	JPEG	1024	1024	L	660625	c045908ff9242efd62885401047c0bd577612a1f685ffe25ba6ce51c5f1f5afe	false
pbr/metal/iron/Metal056C_1K-JPG_NormalDX.jpg	pbr/metal/iron	Metal056C	NormalDX	JPEG	1024	1024	RGB	1017768	827453b94f8601becb788e638cc81e563015923c772d44e27f9dc80b42b35f47	false
pbr/metal/iron/Metal056C_1K-JPG_NormalGL.jpg	pbr/metal/iron	Metal056C	NormalGL	JPEG	1024	1024	RGB	1016694	d2916e66278a81b863d6713e87795d847a40458010e6ca05e3b4ee0eddc5de76	false
pbr/metal/iron/Metal056C_1K-JPG_Roughness.jpg	pbr/metal/iron	Metal056C	Roughness	JPEG	1024	1024	L	733882	283b50abd8b4e8f3fedce5dc0c10f5ed633055fe48a36d358fa6958a111f1120	false
pbr/metal/iron/MetalWalkway014.png	pbr/metal/iron	MetalWalkway014	albedo_preview	PNG	512	512	RGBA	448406	4ba38d3c21b6b61c851bd518c595f9ca025bbf5a4d21a332fd3b98f2967f6d98	true
pbr/metal/iron/MetalWalkway014_1K-JPG_AmbientOcclusion.jpg	pbr/metal/iron	MetalWalkway014	AmbientOcclusion	JPEG	1024	1024	L	560547	cd708f13628118cdc69137c942bebaf20aa0c50f7fce854d45734d2d586284e1	false
pbr/metal/iron/MetalWalkway014_1K-JPG_Color.jpg	pbr/metal/iron	MetalWalkway014	Color	JPEG	1024	1024	RGB	1634302	9f117e4c47fb4bcee7b95eeb74523453b5e17aac72dc7550c64b33620904425d	false
pbr/metal/iron/MetalWalkway014_1K-JPG_Displacement.jpg	pbr/metal/iron	MetalWalkway014	Displacement	JPEG	1024	1024	L	339980	0809806f0d744eb0b6cae7693d283d2b2e61051bbdf81dbc3be1c653aa37b51e	false
pbr/metal/iron/MetalWalkway014_1K-JPG_Metalness.jpg	pbr/metal/iron	MetalWalkway014	Metalness	JPEG	1024	1024	L	154415	b0152b800dc08c994ac9166b3d6905c99839b4caf5f39829d8e0292b1a003176	false
pbr/metal/iron/MetalWalkway014_1K-JPG_NormalDX.jpg	pbr/metal/iron	MetalWalkway014	NormalDX	JPEG	1024	1024	RGB	1696242	a472498f9ae9ddf74129b2fa76e44ac6dc5f27870e9f37170a2ff6db95207b1b	false
pbr/metal/iron/MetalWalkway014_1K-JPG_NormalGL.jpg	pbr/metal/iron	MetalWalkway014	NormalGL	JPEG	1024	1024	RGB	1697958	7612878d1b639bf37cc28288ddcef78db8a7bb06b26360329310bea171f1e4f7	false
pbr/metal/iron/MetalWalkway014_1K-JPG_Opacity.jpg	pbr/metal/iron	MetalWalkway014	Opacity	JPEG	1024	1024	L	121032	35f5d243acc4e0daf0e5a173c8ad7781f7b177441f19efcc0add4d996f28dad0	false
pbr/metal/iron/MetalWalkway014_1K-JPG_Roughness.jpg	pbr/metal/iron	MetalWalkway014	Roughness	JPEG	1024	1024	L	758057	ab02ca5f63685929c36b16678ea551cc215163ac086055db6eb78b69b412f373	false
pbr/metal/plate/DiamondPlate006C.png	pbr/metal/plate	DiamondPlate006C	albedo_preview	PNG	512	512	RGBA	473419	e0d79d0f6c5dc33c3cb6850846c1b89aef9ef46cf4df8c0b221306887e5e15bc	true
pbr/metal/plate/DiamondPlate006C_1K-JPG_AmbientOcclusion.jpg	pbr/metal/plate	DiamondPlate006C	AmbientOcclusion	JPEG	1024	1024	L	702540	5677065e9bcd827a8dcc5a441adc70a404ef4b75d6d54fb430d4fbff246d6309	false
pbr/metal/plate/DiamondPlate006C_1K-JPG_Color.jpg	pbr/metal/plate	DiamondPlate006C	Color	JPEG	1024	1024	RGB	1721055	59867bdf7e6b0063d86b4ae2536f283e4ba0f99b1af72fcc26deca224785be94	false
pbr/metal/plate/DiamondPlate006C_1K-JPG_Displacement.jpg	pbr/metal/plate	DiamondPlate006C	Displacement	JPEG	1024	1024	L	609206	86811812faff0bfe225a9cea442b0317afbb4cc0f206942bcac65ed016b55456	false
pbr/metal/plate/DiamondPlate006C_1K-JPG_Metalness.jpg	pbr/metal/plate	DiamondPlate006C	Metalness	JPEG	1024	1024	L	730311	3f6ee66afac8dff261d93ad66822f2a1c46863deb44e6d3549114954cebb5cd7	false
pbr/metal/plate/DiamondPlate006C_1K-JPG_NormalDX.jpg	pbr/metal/plate	DiamondPlate006C	NormalDX	JPEG	1024	1024	RGB	1629663	4670a4832076c63d0c34188d3a21ba475aafa5a47708c69b50ee68a2c18facf2	false
pbr/metal/plate/DiamondPlate006C_1K-JPG_NormalGL.jpg	pbr/metal/plate	DiamondPlate006C	NormalGL	JPEG	1024	1024	RGB	1629007	51921279e46c3460380f6c92999bbed597cdda21f3fa0452de1b122e826f1c7a	false
pbr/metal/plate/DiamondPlate006C_1K-JPG_Roughness.jpg	pbr/metal/plate	DiamondPlate006C	Roughness	JPEG	1024	1024	L	631742	8a34be0c727e8ade7e91d290185a6f6ffb9b371482304da41109f778f0d245d5	false
pbr/metal/plate/DiamondPlate008C.png	pbr/metal/plate	DiamondPlate008C	albedo_preview	PNG	512	512	RGBA	396721	6f4ff1e0dfb06ac6ccb7acbb01723d747ef1488994d7610a1dc85f1fa635bfb8	true
pbr/metal/plate/DiamondPlate008C_1K-JPG_AmbientOcclusion.jpg	pbr/metal/plate	DiamondPlate008C	AmbientOcclusion	JPEG	1024	1024	L	648395	0a375948620bdf99a542cf1ce43dc9bdd6d81ba9c275db62fdc159834860f500	false
pbr/metal/plate/DiamondPlate008C_1K-JPG_Color.jpg	pbr/metal/plate	DiamondPlate008C	Color	JPEG	1024	1024	RGB	918111	177996bff1b8338d105932583d69e70f401f8722a065440f5ec1a19a2b33b297	false
pbr/metal/plate/DiamondPlate008C_1K-JPG_Displacement.jpg	pbr/metal/plate	DiamondPlate008C	Displacement	JPEG	1024	1024	L	545065	0305d4dd030f94ad4de9dc830b6b67c4203c7b479011da2932427702697d4e1d	false
pbr/metal/plate/DiamondPlate008C_1K-JPG_Metalness.jpg	pbr/metal/plate	DiamondPlate008C	Metalness	JPEG	1024	1024	L	729547	90d3767317e99a31639739e882c2d5d6f0662bcb75130fe5147f5a82df27c035	false
pbr/metal/plate/DiamondPlate008C_1K-JPG_NormalDX.jpg	pbr/metal/plate	DiamondPlate008C	NormalDX	JPEG	1024	1024	RGB	1469677	3b915842304db20ad94c4f2257d2ed6a9bd9d762e4fa3fea35e4717586dd3b18	false
pbr/metal/plate/DiamondPlate008C_1K-JPG_NormalGL.jpg	pbr/metal/plate	DiamondPlate008C	NormalGL	JPEG	1024	1024	RGB	1470657	361fc9d4647e5c4df2f0a630169aa750d3071021c82fac51bdc9651508b8864a	false
pbr/metal/plate/DiamondPlate008C_1K-JPG_Roughness.jpg	pbr/metal/plate	DiamondPlate008C	Roughness	JPEG	1024	1024	L	617100	5a6bf45f5bec95e0473dc34001f77ef7bc376282709b591128bc389e81685362	false
pbr/metal/plate/DiamondPlate009.png	pbr/metal/plate	DiamondPlate009	albedo_preview	PNG	512	512	RGBA	501761	61776972b6463a17c1045977b524d4df2c000aee3e96b3a1cd84315ffa350215	true
pbr/metal/plate/DiamondPlate009_1K-JPG_AmbientOcclusion.jpg	pbr/metal/plate	DiamondPlate009	AmbientOcclusion	JPEG	1024	1024	L	676961	2f70342e2b192723c57968d89a25e5acb6e74c6fcdf560327fa56a349488ad16	false
pbr/metal/plate/DiamondPlate009_1K-JPG_Color.jpg	pbr/metal/plate	DiamondPlate009	Color	JPEG	1024	1024	RGB	1433391	ded4f37bf243350df41130a0888dd35f893fbbc577b0161f653656b3cc9d00c3	false
pbr/metal/plate/DiamondPlate009_1K-JPG_Displacement.jpg	pbr/metal/plate	DiamondPlate009	Displacement	JPEG	1024	1024	L	717719	99c2009a77dfa5f9664b0a8ee354cb85a31197d53ff532d142271ee81cd86b2c	false
pbr/metal/plate/DiamondPlate009_1K-JPG_Metalness.jpg	pbr/metal/plate	DiamondPlate009	Metalness	JPEG	1024	1024	L	656779	da145be62f32b3a3bbf542d951c4d4c723f8428d9d4dee1a7568b1f8913fb912	false
pbr/metal/plate/DiamondPlate009_1K-JPG_NormalDX.jpg	pbr/metal/plate	DiamondPlate009	NormalDX	JPEG	1024	1024	RGB	1916054	7bccda32c9cd8fa0473ea9974420319a61bdf04ada7f9cac9b2d39c482c5e258	false
pbr/metal/plate/DiamondPlate009_1K-JPG_NormalGL.jpg	pbr/metal/plate	DiamondPlate009	NormalGL	JPEG	1024	1024	RGB	1915901	f4a554eaa50fc08d86813b323f17db7ef05320142db952710a2bab850e8c59a0	false
pbr/metal/plate/DiamondPlate009_1K-JPG_Roughness.jpg	pbr/metal/plate	DiamondPlate009	Roughness	JPEG	1024	1024	L	826640	55d70f0b8a21983967b815de9ff5c9a9f4756cca3e9fb352b3ff2c2403b82f4f	false
pbr/metal/plate/Metal009.png	pbr/metal/plate	Metal009	albedo_preview	PNG	512	512	RGBA	213941	b4ed201b866edd7d6da86e0410d57a4fc4c24167ad552a0adf3637b71a41b597	true
pbr/metal/plate/Metal009_1K-JPG_Color.jpg	pbr/metal/plate	Metal009	Color	JPEG	1024	1024	RGB	616678	e066e240ad0eaab6a73fb0f40fa7caa94365160770331babc91de2e8ce6a986f	false
pbr/metal/plate/Metal009_1K-JPG_Displacement.jpg	pbr/metal/plate	Metal009	Displacement	JPEG	1024	1024	L	698868	73095592a8cf4bb983cb2bd2a3bf771492fa9d4697a547f4e3e430d4d871951f	false
pbr/metal/plate/Metal009_1K-JPG_Metalness.jpg	pbr/metal/plate	Metal009	Metalness	JPEG	1024	1024	L	4257	843102638fa0a5bf897888868877efab8ccdc4cb84a48e57bdb52bfb30f5e714	false
pbr/metal/plate/Metal009_1K-JPG_NormalDX.jpg	pbr/metal/plate	Metal009	NormalDX	JPEG	1024	1024	RGB	814006	683b562ffd99ca396312c93faa1fcf943142be77fc13b9dfc1573fab5f58226e	false
pbr/metal/plate/Metal009_1K-JPG_NormalGL.jpg	pbr/metal/plate	Metal009	NormalGL	JPEG	1024	1024	RGB	814572	45c7c88685e6b44da7e8d25e2cf6d8645d42209793ccc4354e68c16cdae15d62	false
pbr/metal/plate/Metal009_1K-JPG_Roughness.jpg	pbr/metal/plate	Metal009	Roughness	JPEG	1024	1024	L	486233	6d06dfe8c240d3b6f33030740110284245bd8aefb2e10e8eb0c563444d9c0c5b	false
pbr/metal/plate/Metal038.png	pbr/metal/plate	Metal038	albedo_preview	PNG	512	512	RGBA	253636	9eee1bbfc0e1db4b1f5894470ad899c998d0e59a8b1fd0ca5814987c969bd0c9	true
pbr/metal/plate/Metal038_1K-JPG_Color.jpg	pbr/metal/plate	Metal038	Color	JPEG	1024	1024	RGB	553305	f89631556587042a5973806c822af39928098743c28effcbab531d3dc68d7421	false
pbr/metal/plate/Metal038_1K-JPG_Displacement.jpg	pbr/metal/plate	Metal038	Displacement	JPEG	1024	1024	L	428972	303ee38d82cce5389283befd2bacba54393577ac7e0e11ac0084ba1d7a930151	false
pbr/metal/plate/Metal038_1K-JPG_Metalness.jpg	pbr/metal/plate	Metal038	Metalness	JPEG	1024	1024	L	117148	5f8ecd7ef3ac085d42b65f26c6ed099dbb8c25d687973e6bb60abd8b7e788e87	false
pbr/metal/plate/Metal038_1K-JPG_NormalDX.jpg	pbr/metal/plate	Metal038	NormalDX	JPEG	1024	1024	RGB	1243583	58c41873e852b6e75f36ffe7076f6d9cbd146d5424ee81461fb4984c36b72f77	false
pbr/metal/plate/Metal038_1K-JPG_NormalGL.jpg	pbr/metal/plate	Metal038	NormalGL	JPEG	1024	1024	RGB	1242968	0f49cbf317e84b7e0f058fa692b13c97b66daa75a77b3215bc21772cc931514e	false
pbr/metal/plate/Metal038_1K-JPG_Roughness.jpg	pbr/metal/plate	Metal038	Roughness	JPEG	1024	1024	L	333629	d34b92bb2514c17cff0922371b63820cebfba749ecf309e6511f8c7060703a2f	false
pbr/nature/leaves/Gravel042.png	pbr/nature/leaves	Gravel042	albedo_preview	PNG	512	512	RGBA	554271	2395b8b0a366950874bc0bb5e95f0a6f9154d7e8f04d8043b6b3c91027a146e9	true
pbr/nature/leaves/Gravel042_1K-JPG_AmbientOcclusion.jpg	pbr/nature/leaves	Gravel042	AmbientOcclusion	JPEG	1024	1024	L	921790	a5ffbb4afb535b411b0a969af5338601944bc102a1668d1e92883624c0b7fa40	false
pbr/nature/leaves/Gravel042_1K-JPG_Color.jpg	pbr/nature/leaves	Gravel042	Color	JPEG	1024	1024	RGB	1856057	2530ede77c6a893499ac68fe832094da4afbeb26a5ad99f1bd5484f2c40db8ef	false
pbr/nature/leaves/Gravel042_1K-JPG_Displacement.jpg	pbr/nature/leaves	Gravel042	Displacement	JPEG	1024	1024	L	689500	6ae528e4bdf7b339419b1e1b158b74952bfef4e4cf6a45c8ba1e3c5b7d9a7ac1	false
pbr/nature/leaves/Gravel042_1K-JPG_NormalDX.jpg	pbr/nature/leaves	Gravel042	NormalDX	JPEG	1024	1024	RGB	2102402	72059022b89ab38cd236eeb00467c8fd2bb8504668c512713db5cfb6a9952f3f	false
pbr/nature/leaves/Gravel042_1K-JPG_NormalGL.jpg	pbr/nature/leaves	Gravel042	NormalGL	JPEG	1024	1024	RGB	2101513	2e55eba4eb81349b49b80672f68c845badea076298405489f9b3fdb41c934b77	false
pbr/nature/leaves/Gravel042_1K-JPG_Roughness.jpg	pbr/nature/leaves	Gravel042	Roughness	JPEG	1024	1024	L	749875	bce78468219f5896d538276097d8d6aed927dd78a842776078bdcebea7f1177e	false
pbr/nature/leaves/Ground076.png	pbr/nature/leaves	Ground076	albedo_preview	PNG	512	512	RGBA	503667	227836490b2dc265e12f1bb38f747ff036ae9f5ff9ce9ef5d8ec9c58b7ba86a7	true
pbr/nature/leaves/Ground076_1K-JPG_AmbientOcclusion.jpg	pbr/nature/leaves	Ground076	AmbientOcclusion	JPEG	1024	1024	L	852453	4f2c509f74e8acb20c874a66370a13e1fdc02d16817ce1a48176c55ef74cd619	false
pbr/nature/leaves/Ground076_1K-JPG_Color.jpg	pbr/nature/leaves	Ground076	Color	JPEG	1024	1024	RGB	1950420	3d8dc0428d8cba4a094229d2b01fac740190a88d3d0f7fddc198e7f295eea1ec	false
pbr/nature/leaves/Ground076_1K-JPG_Displacement.jpg	pbr/nature/leaves	Ground076	Displacement	JPEG	1024	1024	L	576286	9e214498749c63b4550f64763a93662f44cc9738122d9e7a5b674dffce42201f	false
pbr/nature/leaves/Ground076_1K-JPG_NormalDX.jpg	pbr/nature/leaves	Ground076	NormalDX	JPEG	1024	1024	RGB	2063792	00099195a12f00975c2c65d1ade1ba1b3d2b9b7c2b08bfd008390e35c1d191b9	false
pbr/nature/leaves/Ground076_1K-JPG_NormalGL.jpg	pbr/nature/leaves	Ground076	NormalGL	JPEG	1024	1024	RGB	2062505	2c06f686bf2aa8c89760d97fed153027ee395b36126daa08512777c239f6dec8	false
pbr/nature/leaves/Ground076_1K-JPG_Roughness.jpg	pbr/nature/leaves	Ground076	Roughness	JPEG	1024	1024	L	779843	f873e3c897c83066b1c327c4a78f7505bf7ff19e9fb4664aaa9bd9f84ee8aa80	false
pbr/nature/leaves/Ground078.png	pbr/nature/leaves	Ground078	albedo_preview	PNG	512	512	RGBA	503637	c81c138b9345dcd5b18b04bbfb65106968b2fccebb60efb4d181076e3279ac06	true
pbr/nature/leaves/Ground078_1K-JPG_AmbientOcclusion.jpg	pbr/nature/leaves	Ground078	AmbientOcclusion	JPEG	1024	512	L	408914	18b2f1fd7397705cf212348562489aa6cf3da1390f287ef101e833d5f51668d7	false
pbr/nature/leaves/Ground078_1K-JPG_Color.jpg	pbr/nature/leaves	Ground078	Color	JPEG	1024	512	RGB	944858	0d466e866faf54bd6d81736646f13fe35de2b466f4adcfbd587a7dddeab4bc37	false
pbr/nature/leaves/Ground078_1K-JPG_Displacement.jpg	pbr/nature/leaves	Ground078	Displacement	JPEG	1024	512	L	272844	24ab3717627697b6ba178e73e8cade9132e031e8d80d911d9f010a92599a4cac	false
pbr/nature/leaves/Ground078_1K-JPG_NormalDX.jpg	pbr/nature/leaves	Ground078	NormalDX	JPEG	1024	512	RGB	954005	7b571d48c7cf309ec75b7ceb5ba642176b2e4553a571bd1eed53fe82fc594ae7	false
pbr/nature/leaves/Ground078_1K-JPG_NormalGL.jpg	pbr/nature/leaves	Ground078	NormalGL	JPEG	1024	512	RGB	954117	58dacf5296d2e441bde1b9df2439dbcdf19e1e1b10c080bf9b62aa77178f001b	false
pbr/nature/leaves/Ground078_1K-JPG_Roughness.jpg	pbr/nature/leaves	Ground078	Roughness	JPEG	1024	512	L	325520	178dc5d2093689695212ffa79f4042c2ae42d85df4320facb092cf3b7194c2a3	false
pbr/nature/leaves/ScatteredLeaves008.png	pbr/nature/leaves	ScatteredLeaves008	albedo_preview	PNG	512	512	RGBA	534544	9b4f9d71fc29b75228510984e147393c9de2fdfce81ff1bb6f4c90661135861c	true
pbr/nature/leaves/ScatteredLeaves008_1K-JPG_AmbientOcclusion.jpg	pbr/nature/leaves	ScatteredLeaves008	AmbientOcclusion	JPEG	1024	1024	L	845294	3ec13ca6d0751a959467811b7e697059821d5f8cdab90e4eaf30ffab83c0d467	false
pbr/nature/leaves/ScatteredLeaves008_1K-JPG_Color.jpg	pbr/nature/leaves	ScatteredLeaves008	Color	JPEG	1024	1024	RGB	2020926	50920de4e4c6db0dc24a86913162ab1503e23a54b933dda125637367b6b6068a	false
pbr/nature/leaves/ScatteredLeaves008_1K-JPG_Displacement.jpg	pbr/nature/leaves	ScatteredLeaves008	Displacement	JPEG	1024	1024	L	626993	5604e3f756a7b6fc5f513694dde95ea1f13fb847abde38f52e37ab3c129040a8	false
pbr/nature/leaves/ScatteredLeaves008_1K-JPG_NormalDX.jpg	pbr/nature/leaves	ScatteredLeaves008	NormalDX	JPEG	1024	1024	RGB	1929488	ff4404a2b0ddba4a09ba8ff65fdca3d278aa616d27916751e2ab96372dbac22a	false
pbr/nature/leaves/ScatteredLeaves008_1K-JPG_NormalGL.jpg	pbr/nature/leaves	ScatteredLeaves008	NormalGL	JPEG	1024	1024	RGB	1929419	72dbc3abda05ef52ad78d203f8e8d541559af384720668e0d23a8120d59e2029	false
pbr/nature/leaves/ScatteredLeaves008_1K-JPG_Roughness.jpg	pbr/nature/leaves	ScatteredLeaves008	Roughness	JPEG	1024	1024	L	691661	369ae5994c7b0d59df45d82b3553b614ba6aee49f4f2b31965dbbec923084b80	false
pbr/nature/thatch/ThatchedRoof001A.png	pbr/nature/thatch	ThatchedRoof001A	albedo_preview	PNG	512	512	RGBA	383294	ddbf1879001e82b2b9746314b51339f10226d6a7eed0f7f4bb861f0282a6d5b4	true
pbr/nature/thatch/ThatchedRoof001A_1K-JPG_AmbientOcclusion.jpg	pbr/nature/thatch	ThatchedRoof001A	AmbientOcclusion	JPEG	1024	1024	L	826045	d6ce8f3ce67ad1a7506104bde439197bb057b01578a484d739fff686477fd810	false
pbr/nature/thatch/ThatchedRoof001A_1K-JPG_Color.jpg	pbr/nature/thatch	ThatchedRoof001A	Color	JPEG	1024	1024	RGB	1119698	19d7b3629f126825b0f1bd6abe25d530dd0f67b7d5a49f520a6c609e88e0bf79	false
pbr/nature/thatch/ThatchedRoof001A_1K-JPG_Displacement.jpg	pbr/nature/thatch	ThatchedRoof001A	Displacement	JPEG	1024	1024	L	719717	b978b27e2f17859dccd6b5174fab41359c2abe7a6135bf8baf32db6408dcfe22	false
pbr/nature/thatch/ThatchedRoof001A_1K-JPG_NormalDX.jpg	pbr/nature/thatch	ThatchedRoof001A	NormalDX	JPEG	1024	1024	RGB	2149474	f8c8043093ca7875927b5241515e70b181da6b045cfe816234fa76408acec639	false
pbr/nature/thatch/ThatchedRoof001A_1K-JPG_NormalGL.jpg	pbr/nature/thatch	ThatchedRoof001A	NormalGL	JPEG	1024	1024	RGB	2152615	a27fbcea5446f6f84d579a916d964b66a7968a343f4dd12dcb2e741f92ec49fe	false
pbr/nature/thatch/ThatchedRoof001A_1K-JPG_Roughness.jpg	pbr/nature/thatch	ThatchedRoof001A	Roughness	JPEG	1024	1024	L	541270	65af6119eaa38908691bbf0febcd88c7ae061eeee7ff202c6210f936e4a3c4e7	false
pbr/nature/thatch/ThatchedRoof002A.png	pbr/nature/thatch	ThatchedRoof002A	albedo_preview	PNG	512	512	RGBA	380378	5ebdd2d0459226b988f01453c75570fac2ea67eb4fe81b960b6d3ec3151382e4	true
pbr/nature/thatch/ThatchedRoof002A_1K-JPG_AmbientOcclusion.jpg	pbr/nature/thatch	ThatchedRoof002A	AmbientOcclusion	JPEG	1024	1024	L	792293	c8bf16698aeacdc01232ce454c6893ecab1828d359509ac931f8dd7991b22e01	false
pbr/nature/thatch/ThatchedRoof002A_1K-JPG_Color.jpg	pbr/nature/thatch	ThatchedRoof002A	Color	JPEG	1024	1024	RGB	1085846	b8ffdbe8a2372dc9b26d81d524ef4c5fa99132f8843a2998a27b9656bf66fe2c	false
pbr/nature/thatch/ThatchedRoof002A_1K-JPG_Displacement.jpg	pbr/nature/thatch	ThatchedRoof002A	Displacement	JPEG	1024	1024	L	645796	33f7c529e123499753e7dad1facd832ec199ebf27862780be33fbd74ae4743d9	false
pbr/nature/thatch/ThatchedRoof002A_1K-JPG_NormalDX.jpg	pbr/nature/thatch	ThatchedRoof002A	NormalDX	JPEG	1024	1024	RGB	2120774	ed8c8a463133ba27f6e9395c1fdc1cad3bd05b5f7c29002e03506a1c5b5f1973	false
pbr/nature/thatch/ThatchedRoof002A_1K-JPG_NormalGL.jpg	pbr/nature/thatch	ThatchedRoof002A	NormalGL	JPEG	1024	1024	RGB	2119416	0e6ce1573988a44e1e50cc057db4388878477f9943e9dce381a399fe3f2e179e	false
pbr/nature/thatch/ThatchedRoof002A_1K-JPG_Roughness.jpg	pbr/nature/thatch	ThatchedRoof002A	Roughness	JPEG	1024	1024	L	530970	377e9c06c7d850cdacb73e20ca58d3f5aa70038531509c5b825bdbb10f917772	false
pbr/special/ancient/Bricks083.png	pbr/special/ancient	Bricks083	albedo_preview	PNG	512	512	RGBA	460513	05d1aab1c53563f832d80eb7915c8fa034d3be4dab6ab4e424e7fc53fd2a189f	true
pbr/special/ancient/Bricks083_1K-JPG_AmbientOcclusion.jpg	pbr/special/ancient	Bricks083	AmbientOcclusion	JPEG	1024	512	L	342431	8ed8ad4a71325acb44e472877d97bf12b31721464197f596008513dd04b4e694	false
pbr/special/ancient/Bricks083_1K-JPG_Color.jpg	pbr/special/ancient	Bricks083	Color	JPEG	1024	512	RGB	765423	5c4cad3fe94b823630a55074bf958148a91b1a77f06cf2a41c9631a0afba4e12	false
pbr/special/ancient/Bricks083_1K-JPG_Displacement.jpg	pbr/special/ancient	Bricks083	Displacement	JPEG	1024	512	L	238242	9a30131c5cafba2906e7be317f460826f2031de6340e4c57b604b4467acb25ec	false
pbr/special/ancient/Bricks083_1K-JPG_NormalDX.jpg	pbr/special/ancient	Bricks083	NormalDX	JPEG	1024	512	RGB	1022546	e08fe05c608ceaeb8b554f27d2ddd2a6f07eb30c8b6f60b6c77c06a61ee26704	false
pbr/special/ancient/Bricks083_1K-JPG_NormalGL.jpg	pbr/special/ancient	Bricks083	NormalGL	JPEG	1024	512	RGB	1023671	63dba0efacff20f18e1e15073474bbcb5538c5795f85fd6e1610ac4b2eb37e6e	false
pbr/special/ancient/Bricks083_1K-JPG_Roughness.jpg	pbr/special/ancient	Bricks083	Roughness	JPEG	1024	512	L	266690	6689d0573130cb79418a9a9417a4ba5adc2feaab35bae1914e19838730d5e9ae	false
pbr/special/ancient/Bricks084.png	pbr/special/ancient	Bricks084	albedo_preview	PNG	512	512	RGBA	425191	cd61b7dfd77fd818c381554aa4ce7d007792980a3d120124c1055c437ce011b4	true
pbr/special/ancient/Bricks084_1K-JPG_AmbientOcclusion.jpg	pbr/special/ancient	Bricks084	AmbientOcclusion	JPEG	1024	512	L	304658	41ea5c612922af8e52e487d4789405602f13204062021a12e8bccd4ecd14b71c	false
pbr/special/ancient/Bricks084_1K-JPG_Color.jpg	pbr/special/ancient	Bricks084	Color	JPEG	1024	512	RGB	642993	ddd02b7a780bf3beb16917a86cf774688ec627aaa9e5c9c179556686af381036	false
pbr/special/ancient/Bricks084_1K-JPG_Displacement.jpg	pbr/special/ancient	Bricks084	Displacement	JPEG	1024	512	L	224680	90d96e13edba35a0834b037ca1f51f2c36788c1e76724fc2cff97c2641fbe6e7	false
pbr/special/ancient/Bricks084_1K-JPG_NormalDX.jpg	pbr/special/ancient	Bricks084	NormalDX	JPEG	1024	512	RGB	1029185	3492d8ce2db0c5910472f1b0ca72ec1f621683d450f682f0b308d5415e8d8290	false
pbr/special/ancient/Bricks084_1K-JPG_NormalGL.jpg	pbr/special/ancient	Bricks084	NormalGL	JPEG	1024	512	RGB	1030594	4c8823c8f146ada537c6271c420eac50d21077ffcefcd4118b530e943b98f0d5	false
pbr/special/ancient/Bricks084_1K-JPG_Roughness.jpg	pbr/special/ancient	Bricks084	Roughness	JPEG	1024	512	L	284010	54306a6981c04e6439d32df41edb2d1999cedc216bee9db6d5e89e98a293dd75	false
pbr/special/ancient/Concrete012.png	pbr/special/ancient	Concrete012	albedo_preview	PNG	512	512	RGBA	375035	dd4e669989c8487a51d8863d50b63dad9fe1c3cca44e65f39698862aa0cf37be	true
pbr/special/ancient/Concrete012_1K-JPG_Color.jpg	pbr/special/ancient	Concrete012	Color	JPEG	1024	1024	RGB	1283030	413c279ef8720a71ae759ec13d7ed43f77d354b444a86e5f4099b495298943fd	false
pbr/special/ancient/Concrete012_1K-JPG_Displacement.jpg	pbr/special/ancient	Concrete012	Displacement	JPEG	1024	1024	L	400900	b62e7cbd53e49abde6fe768e375d410ebc91b6b1aa794a49d5146f23d59216e3	false
pbr/special/ancient/Concrete012_1K-JPG_NormalDX.jpg	pbr/special/ancient	Concrete012	NormalDX	JPEG	1024	1024	RGB	2128204	d0e721014992c8c9a6d60695586d161f09161c6531740a2e3469195487d02ac1	false
pbr/special/ancient/Concrete012_1K-JPG_NormalGL.jpg	pbr/special/ancient	Concrete012	NormalGL	JPEG	1024	1024	RGB	2128204	eea8b4c666ba532f8227190f5795cf1f4ae04294dc5405266e88831494faf52d	false
pbr/special/ancient/Concrete012_1K-JPG_Roughness.jpg	pbr/special/ancient	Concrete012	Roughness	JPEG	1024	1024	L	748263	27564c67014ba2f0c9306495e1e90b1d281578ae3c5a514acd20c3b6975adb29	false
pbr/special/ancient/GlazedTerracotta001.png	pbr/special/ancient	GlazedTerracotta001	albedo_preview	PNG	512	512	RGBA	292689	6e58b50b9b1367764563e4a5dff65045f33419a6bf32f4194ccca728cbd11e17	true
pbr/special/ancient/GlazedTerracotta001_1K-JPG_Color.jpg	pbr/special/ancient	GlazedTerracotta001	Color	JPEG	1024	1024	RGB	738218	42467f643d2fe0129025b51ef4a263a48770e9329ceb18b6e1f5bcf6629f63ec	false
pbr/special/ancient/GlazedTerracotta001_1K-JPG_Displacement.jpg	pbr/special/ancient	GlazedTerracotta001	Displacement	JPEG	1024	1024	L	194554	51a234af1cf47519c9ac3626eca79c221b31ae1c1f6d0044e63fe85a309b5d8d	false
pbr/special/ancient/GlazedTerracotta001_1K-JPG_NormalDX.jpg	pbr/special/ancient	GlazedTerracotta001	NormalDX	JPEG	1024	1024	RGB	836232	336cc41fe1a272a0ab9a932d1bfd5e4e399344adeb76d92ade7d10055fead498	false
pbr/special/ancient/GlazedTerracotta001_1K-JPG_NormalGL.jpg	pbr/special/ancient	GlazedTerracotta001	NormalGL	JPEG	1024	1024	RGB	835795	80c2a614a5ad0d4b2d1d5a9c430835cecfa87961a02a6fc0e3e857a6b82980fa	false
pbr/special/ancient/GlazedTerracotta001_1K-JPG_Roughness.jpg	pbr/special/ancient	GlazedTerracotta001	Roughness	JPEG	1024	1024	L	403044	4496b7ab830748ecb1681b913b110e6abb73fa663223846c7815674ebfc36327	false
pbr/special/ancient/GlazedTerracotta002.png	pbr/special/ancient	GlazedTerracotta002	albedo_preview	PNG	512	512	RGBA	294431	5bb63fbe032dc8fa73b1e74823fde78a880f075f46ed7f00830dd092862c64b3	true
pbr/special/ancient/GlazedTerracotta002_1K-JPG_Color.jpg	pbr/special/ancient	GlazedTerracotta002	Color	JPEG	1024	1024	RGB	704895	d99f80f354c3b86fd5fce73d29e26069e0b38ea71eab4629ad5c976f5242737f	false
pbr/special/ancient/GlazedTerracotta002_1K-JPG_Displacement.jpg	pbr/special/ancient	GlazedTerracotta002	Displacement	JPEG	1024	1024	L	199111	3289718b497242c89ce67a58c280323bec75149f807a95228d403e46dd2ecfc3	false
pbr/special/ancient/GlazedTerracotta002_1K-JPG_NormalDX.jpg	pbr/special/ancient	GlazedTerracotta002	NormalDX	JPEG	1024	1024	RGB	906997	50c6d082a063ad2087bfe0bcd03f29a2869bbe3e47b950215b49eaa451399dd4	false
pbr/special/ancient/GlazedTerracotta002_1K-JPG_NormalGL.jpg	pbr/special/ancient	GlazedTerracotta002	NormalGL	JPEG	1024	1024	RGB	906170	b8d241dd53bbcc5bf629107272b8f8cea65afc7190d4a60a36136140b510c582	false
pbr/special/ancient/GlazedTerracotta002_1K-JPG_Roughness.jpg	pbr/special/ancient	GlazedTerracotta002	Roughness	JPEG	1024	1024	L	313266	e9aae376c8fe96ba3a45e9658fe5c9f9b5bdc465d727622a13ef2110ca4ea2a3	false
pbr/special/ancient/GlazedTerracotta003.png	pbr/special/ancient	GlazedTerracotta003	albedo_preview	PNG	512	512	RGBA	181370	d432883b2e3474e12c8b8a8e271b1fbcebbecb54acbdeb568f04c03f1e79a005	true
pbr/special/ancient/GlazedTerracotta003_1K-JPG_Color.jpg	pbr/special/ancient	GlazedTerracotta003	Color	JPEG	1024	1024	RGB	569910	e59d520770478dfdf4d65fcbc599c17be475ca9ffc651db0fc1f40386421dd26	false
pbr/special/ancient/GlazedTerracotta003_1K-JPG_Displacement.jpg	pbr/special/ancient	GlazedTerracotta003	Displacement	JPEG	1024	1024	L	204686	cb52d306f83788bfd679bcaec9c567d5bc8f4728a9b4b3511509e0ac398c8613	false
pbr/special/ancient/GlazedTerracotta003_1K-JPG_NormalDX.jpg	pbr/special/ancient	GlazedTerracotta003	NormalDX	JPEG	1024	1024	RGB	908899	194b510080be6c5569f68b9e806a2a8594833e31c98461f49fa8518b3a6f8e71	false
pbr/special/ancient/GlazedTerracotta003_1K-JPG_NormalGL.jpg	pbr/special/ancient	GlazedTerracotta003	NormalGL	JPEG	1024	1024	RGB	904789	cedc65fbf3e6edfc6a8633db211dfa339c3371eeecef9c2ba959a9e30a979d1b	false
pbr/special/ancient/GlazedTerracotta003_1K-JPG_Roughness.jpg	pbr/special/ancient	GlazedTerracotta003	Roughness	JPEG	1024	1024	L	286780	87519ef35e4841f8b028076313436090748ce6eb0a6846510a995764a9d5d778	false
pbr/special/crystal/Onyx006.png	pbr/special/crystal	Onyx006	albedo_preview	PNG	512	512	RGBA	427041	0457ff8c3593c98c41d006f537401e7eea8b0b3dd2e5bdeaaeca23918e4b580e	true
pbr/special/crystal/Onyx006_1K-JPG_Color.jpg	pbr/special/crystal	Onyx006	Color	JPEG	1024	1024	RGB	1392814	783590a1e3963fab079aba55710fda61e8809a944a92c93e9ee9eed632199fa7	false
pbr/special/crystal/Onyx006_1K-JPG_Displacement.jpg	pbr/special/crystal	Onyx006	Displacement	JPEG	1024	1024	L	418310	1276b2673c80e60ccd454b6559800c7f7f03ef68d7ac61d7db922c1b9b9c1a22	false
pbr/special/crystal/Onyx006_1K-JPG_NormalDX.jpg	pbr/special/crystal	Onyx006	NormalDX	JPEG	1024	1024	RGB	316458	a5ad542a02e6da6cbe595a499d5a6dee0e9ba7f5a787db03c0dd696a5b5701d3	false
pbr/special/crystal/Onyx006_1K-JPG_NormalGL.jpg	pbr/special/crystal	Onyx006	NormalGL	JPEG	1024	1024	RGB	316997	e2d8b8e109eefa4fd8d07eafa224feea71a26db35f19dc7a95d2aeabf93e3ca9	false
pbr/special/crystal/Onyx006_1K-JPG_Roughness.jpg	pbr/special/crystal	Onyx006	Roughness	JPEG	1024	1024	L	490446	00685fcfd88555f8ca5cd2d2e7e37c696bb8abeaf39694f7050a2a375e97b859	false
pbr/special/lava/Lava001.png	pbr/special/lava	Lava001	albedo_preview	PNG	512	512	RGBA	392315	9b81b6618158314ec5bdc302a2e053f15d5724a54e031c365c684faa20768262	true
pbr/special/lava/Lava001_1K-JPG_Color.jpg	pbr/special/lava	Lava001	Color	JPEG	1024	1024	RGB	1700176	534c6875728bbd5fdc7b7d3555f9b673dc562d42c63916c723eb5abb64c074ea	false
pbr/special/lava/Lava001_1K-JPG_Displacement.jpg	pbr/special/lava	Lava001	Displacement	JPEG	1024	1024	L	370109	a039edd57a122c6b0007030f540bec98226a143c985453073dedcea62de44ecf	false
pbr/special/lava/Lava001_1K-JPG_Emission.jpg	pbr/special/lava	Lava001	Emission	JPEG	1024	1024	RGB	1497795	ef6d5bda9199eb32b29404e8791d3fde7735d7ccb2c12d77f40cf81182ca0752	false
pbr/special/lava/Lava001_1K-JPG_NormalDX.jpg	pbr/special/lava	Lava001	NormalDX	JPEG	1024	1024	RGB	2302975	49d453eb62f80303e655b73516cdc880bdba793fabfe14eab1f3cc94e0acf2f5	false
pbr/special/lava/Lava001_1K-JPG_NormalGL.jpg	pbr/special/lava	Lava001	NormalGL	JPEG	1024	1024	RGB	2299488	822427fdf0c522fe231dafa269f3a00cd9fadc9dab6694ed45fa31641aa627bc	false
pbr/special/lava/Lava001_1K-JPG_Roughness.jpg	pbr/special/lava	Lava001	Roughness	JPEG	1024	1024	L	335949	3bb1381c7985e94b48b4c051c95243b64789b31d0083978f9e7c0f66f78bfa2d	false
pbr/special/lava/Lava004.png	pbr/special/lava	Lava004	albedo_preview	PNG	512	512	RGBA	358763	0848f4a51f41e4fe82478ece9052c7909f2da4292696bfbc4995ea28484757af	true
pbr/special/lava/Lava004_1K-JPG_Color.jpg	pbr/special/lava	Lava004	Color	JPEG	1024	1024	RGB	1483553	ed619f8b336fb3c4c1dec40e3447ad437a1c06eea0e74d12c5ac4a8f87919eab	false
pbr/special/lava/Lava004_1K-JPG_Displacement.jpg	pbr/special/lava	Lava004	Displacement	JPEG	1024	1024	L	297350	5cd8e8ef8e203a575ba10e35c2cad60dd1dc287004d1b211e4f3756ed03bc0e1	false
pbr/special/lava/Lava004_1K-JPG_Emission.jpg	pbr/special/lava	Lava004	Emission	JPEG	1024	1024	RGB	1476091	651491faeaf46d9253c37278aac357a2991ce5c583462174b99a8fbd83f7fb04	false
pbr/special/lava/Lava004_1K-JPG_NormalDX.jpg	pbr/special/lava	Lava004	NormalDX	JPEG	1024	1024	RGB	1865540	bad9c79597a11aa766b91c69c0c865eec5b019082fed500c56d2c3eafafc4ea7	false
pbr/special/lava/Lava004_1K-JPG_NormalGL.jpg	pbr/special/lava	Lava004	NormalGL	JPEG	1024	1024	RGB	1861084	68ffde8869ae7aeaaab5414047fc1018f59f49f0de02800422e0f0dd0459d28e	false
pbr/special/lava/Lava004_1K-JPG_Roughness.jpg	pbr/special/lava	Lava004	Roughness	JPEG	1024	1024	L	525775	1994eca3b839a9741aa68443547fb0e2dd0de608d3b99bf6b38365166e987773	false
pbr/special/plaster/Concrete034.png	pbr/special/plaster	Concrete034	albedo_preview	PNG	512	512	RGBA	229324	1791296c8f27af6e41d6b33d11810cbe6d5d7bc0fa7375a16ce9f8a576274bf0	true
pbr/special/plaster/Concrete034_1K-JPG_Color.jpg	pbr/special/plaster	Concrete034	Color	JPEG	1024	512	RGB	269501	8ceb9186d990b31fce785e06fdc6974c160f1d27c43f6160266f164deba713aa	false
pbr/special/plaster/Concrete034_1K-JPG_Displacement.jpg	pbr/special/plaster	Concrete034	Displacement	JPEG	1024	512	L	189234	136226ea667221e6a62ce23853148ecda4309222c1dea253fa6245709ded9a8a	false
pbr/special/plaster/Concrete034_1K-JPG_NormalDX.jpg	pbr/special/plaster	Concrete034	NormalDX	JPEG	1024	512	RGB	822978	b74da5fbc5f2d36f51f78fcf1064d60d872e31e7bb46beed6bc3107d37eabbe4	false
pbr/special/plaster/Concrete034_1K-JPG_NormalGL.jpg	pbr/special/plaster	Concrete034	NormalGL	JPEG	1024	512	RGB	821681	e509eb9dfa978e780fbebfd2acacc2ce158b5b7ced722ddc0759039dd51e18ca	false
pbr/special/plaster/Concrete034_1K-JPG_Roughness.jpg	pbr/special/plaster	Concrete034	Roughness	JPEG	1024	512	L	217708	a4a9e39857a19afd23a778e5abf44fcdf6bd7f93918f1cf6878b41933e553511	false
pbr/special/plaster/PaintedPlaster017.png	pbr/special/plaster	PaintedPlaster017	albedo_preview	PNG	512	512	RGBA	408251	c840a51aeaf8d0820acd716bd7ddd85bac1b63a8816b24c42faec8ddc7dbda8c	true
pbr/special/plaster/PaintedPlaster017_1K-JPG_Color.jpg	pbr/special/plaster	PaintedPlaster017	Color	JPEG	1024	512	RGB	378542	ed8a69a6437de9d41d2cf380f7e6a216232fc4754f256c3405985c857547ffef	false
pbr/special/plaster/PaintedPlaster017_1K-JPG_Displacement.jpg	pbr/special/plaster	PaintedPlaster017	Displacement	JPEG	1024	512	L	400789	4633e8055001943dc749865e7a4c52ca91b87bf31d8bd78e5c51561bd1a6da7c	false
pbr/special/plaster/PaintedPlaster017_1K-JPG_NormalDX.jpg	pbr/special/plaster	PaintedPlaster017	NormalDX	JPEG	1024	512	RGB	1117523	d94a1d7db9bbd8f63e47a8379301c06c6e359d952d8ba9c538487b58fc6a9d5d	false
pbr/special/plaster/PaintedPlaster017_1K-JPG_NormalGL.jpg	pbr/special/plaster	PaintedPlaster017	NormalGL	JPEG	1024	512	RGB	1115299	1bef1887c10e1ce104be1a557e4dbd7634ef6d5ece6e3b4237dab2d0962f57fa	false
pbr/special/plaster/PaintedPlaster017_1K-JPG_Roughness.jpg	pbr/special/plaster	PaintedPlaster017	Roughness	JPEG	1024	512	L	193304	a83ecc2ba5b9d80bb9a27381f3389ccdb20c77ef6358b92f3d11455403d651d8	false
pbr/special/plaster/Plaster001.png	pbr/special/plaster	Plaster001	albedo_preview	PNG	512	512	RGBA	329146	1b0c084b8ecc1d46b6f2631188f63755caaa82edb05593ae640c5a886c6f74fe	true
pbr/special/plaster/Plaster001_1K-JPG_Color.jpg	pbr/special/plaster	Plaster001	Color	JPEG	1024	1024	RGB	828790	d3fe43282859ab7293ad41f2fa3c29f02df077e5bc326cf90a65cc588a4ac5a4	false
pbr/special/plaster/Plaster001_1K-JPG_Displacement.jpg	pbr/special/plaster	Plaster001	Displacement	JPEG	1024	1024	L	601909	e022a44a2c2ce246de96594f0b7c75371ddd9f68a308d2bcb433131df76a278e	false
pbr/special/plaster/Plaster001_1K-JPG_NormalDX.jpg	pbr/special/plaster	Plaster001	NormalDX	JPEG	1024	1024	RGB	2088321	375ccc54c86012707f3ee3bcff4f5124ba3987db1fd4b93909acac5b8c946730	false
pbr/special/plaster/Plaster001_1K-JPG_NormalGL.jpg	pbr/special/plaster	Plaster001	NormalGL	JPEG	1024	1024	RGB	2091491	ea293c335a0b9243f0a825573b81304b8f99e60b2c067e493d0792adf96dfc72	false
pbr/special/plaster/Plaster001_1K-JPG_Roughness.jpg	pbr/special/plaster	Plaster001	Roughness	JPEG	1024	1024	L	367391	6028dbe3cb2ea250eacf3fb87d2c4e5ae8c2a7ff10ecad7883c27d721f2f8e88	false
pbr/special/roof/Gravel040.png	pbr/special/roof	Gravel040	albedo_preview	PNG	512	512	RGBA	525081	ab5c78df10fab40878749dec3a62cc03123e141eddb0dce328c7db78932e2eb4	true
pbr/special/roof/Gravel040_1K-JPG_AmbientOcclusion.jpg	pbr/special/roof	Gravel040	AmbientOcclusion	JPEG	1024	1024	L	837626	b5a172528db5d2bba2c476482d60de665b290061d3f8f87d6c10017b5b7edd4e	false
pbr/special/roof/Gravel040_1K-JPG_Color.jpg	pbr/special/roof	Gravel040	Color	JPEG	1024	1024	RGB	1660318	156787ecb56fe2f0ff1042b74c28d47249883411d305ab5b2e0f3d098563ef0e	false
pbr/special/roof/Gravel040_1K-JPG_Displacement.jpg	pbr/special/roof	Gravel040	Displacement	JPEG	1024	1024	L	687717	abe0e268c9359b8a7d5d8f23b8d9cdfad02e9a2845ee1079b71ed471bbf4c757	false
pbr/special/roof/Gravel040_1K-JPG_NormalDX.jpg	pbr/special/roof	Gravel040	NormalDX	JPEG	1024	1024	RGB	2267701	87295c06de46e997b6289b4a404760372ac6b5a6cf42e50568925d4f6ee56819	false
pbr/special/roof/Gravel040_1K-JPG_NormalGL.jpg	pbr/special/roof	Gravel040	NormalGL	JPEG	1024	1024	RGB	2266311	bd1235021ce1ae7c8f28b4e571c221b68495c9a2250c8fd6177c6d170a4e3295	false
pbr/special/roof/Gravel040_1K-JPG_Roughness.jpg	pbr/special/roof	Gravel040	Roughness	JPEG	1024	1024	L	754770	4e55cf67b54bafa3daf9235af04fdf7d2db044b0bb14b2a290c3bff59ad2c5ee	false
pbr/special/roof/RoofingTiles001.png	pbr/special/roof	RoofingTiles001	albedo_preview	PNG	512	512	RGBA	284102	3cd528cf1bb1be267f31d5886d001eb15695e79b06180c1c4f09e8622d7df2f3	true
pbr/special/roof/RoofingTiles001_1K-JPG_Color.jpg	pbr/special/roof	RoofingTiles001	Color	JPEG	1024	1024	RGB	998380	e4cd7ab4c26444c5108bb7161b1085ca703c2a122cf83649409cd756fbe905b0	false
pbr/special/roof/RoofingTiles001_1K-JPG_Displacement.jpg	pbr/special/roof	RoofingTiles001	Displacement	JPEG	1024	1024	L	373833	b89113d6658710dcb4befb4708be08c59a376935f5ca4b52075584d5a3282b03	false
pbr/special/roof/RoofingTiles001_1K-JPG_NormalDX.jpg	pbr/special/roof	RoofingTiles001	NormalDX	JPEG	1024	1024	RGB	2029695	672472d88f34d37b3d442bb51a84b2be9b4f4ff9a492731054f64dcc92b16701	false
pbr/special/roof/RoofingTiles001_1K-JPG_NormalGL.jpg	pbr/special/roof	RoofingTiles001	NormalGL	JPEG	1024	1024	RGB	2029456	6aeb3936d1e3d6cba0387f47f5b8a324870157314318341acc460f8a9b77692d	false
pbr/special/roof/RoofingTiles001_1K-JPG_Roughness.jpg	pbr/special/roof	RoofingTiles001	Roughness	JPEG	1024	1024	L	769844	a49985868ce4fe241cea0fda59ce7db0a5fd9d7df75bc9f99a67c106a67b4607	false
pbr/special/roof/RoofingTiles002.png	pbr/special/roof	RoofingTiles002	albedo_preview	PNG	512	512	RGBA	304101	c29081b32d2276faedebbdad8b3eb13832e4489a84d6e631759b1f19dcf6a67e	true
pbr/special/roof/RoofingTiles002_1K-JPG_Color.jpg	pbr/special/roof	RoofingTiles002	Color	JPEG	1024	1024	RGB	993801	d5fccc1387affad430890ebc47e55722f80e1ff83ba47054b1f93e638f22d7d3	false
pbr/special/roof/RoofingTiles002_1K-JPG_Displacement.jpg	pbr/special/roof	RoofingTiles002	Displacement	JPEG	1024	1024	L	339180	855f84756b9464a7a5aee9377c5d7ff8d87e11fe52058bed091ec4338fc6e29b	false
pbr/special/roof/RoofingTiles002_1K-JPG_NormalDX.jpg	pbr/special/roof	RoofingTiles002	NormalDX	JPEG	1024	1024	RGB	2003587	fd723ad3931f6f63b17c9de2afbb77c90f5acf339052a340cb3a1723bd28cc1a	false
pbr/special/roof/RoofingTiles002_1K-JPG_NormalGL.jpg	pbr/special/roof	RoofingTiles002	NormalGL	JPEG	1024	1024	RGB	2002015	4469f03be58cc2c9a5a13804374b3790638fdbaf95669167360b8382c4d9c60e	false
pbr/special/roof/RoofingTiles002_1K-JPG_Roughness.jpg	pbr/special/roof	RoofingTiles002	Roughness	JPEG	1024	1024	L	782186	3453e044f36656ed341b6fa4fec933b3e5e7faa84a4194b036bdb948fa7f48d6	false
pbr/special/roof/RoofingTiles003.png	pbr/special/roof	RoofingTiles003	albedo_preview	PNG	512	512	RGBA	304296	a05c4ae5954cd1851843614c86b4f3db1c20c9756d9a5408b34aa2e066cf9a2d	true
pbr/special/roof/RoofingTiles003_1K-JPG_Color.jpg	pbr/special/roof	RoofingTiles003	Color	JPEG	1024	1024	RGB	1033089	b984977aa581fa1d8484279f23870b1508914cc954f541e347ae88d4a1af82bc	false
pbr/special/roof/RoofingTiles003_1K-JPG_Displacement.jpg	pbr/special/roof	RoofingTiles003	Displacement	JPEG	1024	1024	L	348017	649fe8bcc57b83411fe91d2e629f1265b5dd74a854172a7178e54d7d895d0d5b	false
pbr/special/roof/RoofingTiles003_1K-JPG_NormalDX.jpg	pbr/special/roof	RoofingTiles003	NormalDX	JPEG	1024	1024	RGB	2022576	1b2e48e11b9ac1d386283bd966542d527fdeceea967b83a584ddb10035a931ca	false
pbr/special/roof/RoofingTiles003_1K-JPG_NormalGL.jpg	pbr/special/roof	RoofingTiles003	NormalGL	JPEG	1024	1024	RGB	2038992	7d5d5912fb04003ebc46d1d1d7f5c802f5774be0a155d40e3c60c2c21e6b2835	false
pbr/special/roof/RoofingTiles003_1K-JPG_Roughness.jpg	pbr/special/roof	RoofingTiles003	Roughness	JPEG	1024	1024	L	821462	6d4e66713ba800157b029139988068830a705f1686418332526c4c9bff448aaa	false
pbr/special/roof/RoofingTiles012A.png	pbr/special/roof	RoofingTiles012A	albedo_preview	PNG	512	512	RGBA	287265	af0b32d81e3d58ef8ff36eb6c55d5ccc67b6431e1ed7ef78e333ba6d2b120341	true
pbr/special/roof/RoofingTiles012A_1K-JPG_AmbientOcclusion.jpg	pbr/special/roof	RoofingTiles012A	AmbientOcclusion	JPEG	1024	1024	L	343691	de747422ab907724fb8d77883e00a3cf0b522e583565cca9024f92a34c4da900	false
pbr/special/roof/RoofingTiles012A_1K-JPG_Color.jpg	pbr/special/roof	RoofingTiles012A	Color	JPEG	1024	1024	RGB	509699	a1b613af4009bcb05b0b20ee30914d1f912495f53d78c2fdb652582ba10de582	false
pbr/special/roof/RoofingTiles012A_1K-JPG_Displacement.jpg	pbr/special/roof	RoofingTiles012A	Displacement	JPEG	1024	1024	L	249427	e291409a85ec8f0fe5851fca3b7a18ffd59287fcd6bef5ea02e9496b166411d1	false
pbr/special/roof/RoofingTiles012A_1K-JPG_NormalDX.jpg	pbr/special/roof	RoofingTiles012A	NormalDX	JPEG	1024	1024	RGB	834811	07bcfeb7d2ecedad91ac3464660457a3fc85d92d3f64548448f391743b100d54	false
pbr/special/roof/RoofingTiles012A_1K-JPG_NormalGL.jpg	pbr/special/roof	RoofingTiles012A	NormalGL	JPEG	1024	1024	RGB	827625	c9e96a1e33fb5204cf461591d895504fe51ce27f09bec89504e43c781c5385de	false
pbr/special/roof/RoofingTiles012A_1K-JPG_Opacity.jpg	pbr/special/roof	RoofingTiles012A	Opacity	JPEG	1024	1024	L	5229	bf330263a3129b164e9890e47144565a44be1e000910a8930260a91537175175	false
pbr/special/roof/RoofingTiles012A_1K-JPG_Roughness.jpg	pbr/special/roof	RoofingTiles012A	Roughness	JPEG	1024	1024	L	569980	3f0461ab42515d522eb74a1180ea5a74966aaa29d4df88b31ed17cd1b4f77465	false
pbr/special/roof/RoofingTiles013A.png	pbr/special/roof	RoofingTiles013A	albedo_preview	PNG	512	512	RGBA	248179	bcd87159c38126e15ab5d403e5e85f52d55c938662af3b625cf9e2578c578414	true
pbr/special/roof/RoofingTiles013A_1K-JPG_AmbientOcclusion.jpg	pbr/special/roof	RoofingTiles013A	AmbientOcclusion	JPEG	1024	1024	L	310035	6d57e59e22d0aa1d05123ec5cba1f5ce3973698151021fef3f35a5df961eb9cc	false
pbr/special/roof/RoofingTiles013A_1K-JPG_Color.jpg	pbr/special/roof	RoofingTiles013A	Color	JPEG	1024	1024	RGB	403258	13779a23d342e1f80001d380889744eb6795460e8b8b993f7b9bb89da78089d4	false
pbr/special/roof/RoofingTiles013A_1K-JPG_Displacement.jpg	pbr/special/roof	RoofingTiles013A	Displacement	JPEG	1024	1024	L	220471	0be3de6e781717477dd3ffbf8165dfd5b5c73fa6bc2476fd4b3d542005455c47	false
pbr/special/roof/RoofingTiles013A_1K-JPG_NormalDX.jpg	pbr/special/roof	RoofingTiles013A	NormalDX	JPEG	1024	1024	RGB	747868	69957877f348d1e9e934a8ac6dbdbe01ae14f66656b7ac96f2521ee592381c7e	false
pbr/special/roof/RoofingTiles013A_1K-JPG_NormalGL.jpg	pbr/special/roof	RoofingTiles013A	NormalGL	JPEG	1024	1024	RGB	718594	08d9718bd62c5de5c4cc886a68cf3dbad5996136f52f16249b07a896e0c29005	false
pbr/special/roof/RoofingTiles013A_1K-JPG_Opacity.jpg	pbr/special/roof	RoofingTiles013A	Opacity	JPEG	1024	1024	L	5263	216f868089be5f9bed8cb856d230b529ab35bc0c1887b02224bf6c7fab8e096b	false
pbr/special/roof/RoofingTiles013A_1K-JPG_Roughness.jpg	pbr/special/roof	RoofingTiles013A	Roughness	JPEG	1024	1024	L	564671	4cb93f5e8d84b97f3247aad4051c3805ea51f88a05a6c703abe32ab0bcec65c6	false
pbr/special/roof/RoofingTiles014A.png	pbr/special/roof	RoofingTiles014A	albedo_preview	PNG	512	512	RGBA	291469	a90e57d0d5f129ec264ece4ed6e57e387e5a4924604705dcc8c033ba9fb8375d	true
pbr/special/roof/RoofingTiles014A_1K-JPG_AmbientOcclusion.jpg	pbr/special/roof	RoofingTiles014A	AmbientOcclusion	JPEG	1024	1024	L	328231	03d68264378012f73db282060f3be7d24ec80c22df14663bf93a44716be54c39	false
pbr/special/roof/RoofingTiles014A_1K-JPG_Color.jpg	pbr/special/roof	RoofingTiles014A	Color	JPEG	1024	1024	RGB	713878	860a5c194a4e516afc24e836b21eb9eaf52c69a4d50b6a2a5418e363b88b40c5	false
pbr/special/roof/RoofingTiles014A_1K-JPG_Displacement.jpg	pbr/special/roof	RoofingTiles014A	Displacement	JPEG	1024	1024	L	275020	671a46f8138f75277f39369df6f48bb6966348d0b02c96f7eb3f959a7c8bceed	false
pbr/special/roof/RoofingTiles014A_1K-JPG_NormalDX.jpg	pbr/special/roof	RoofingTiles014A	NormalDX	JPEG	1024	1024	RGB	853058	c7748eb77fe1dd9a492fc66ea2a1e0861e65233fd3f9514099ac51b8b9cffb0c	false
pbr/special/roof/RoofingTiles014A_1K-JPG_NormalGL.jpg	pbr/special/roof	RoofingTiles014A	NormalGL	JPEG	1024	1024	RGB	837895	39abc3b99b41e3446fd79fd81dffb86de1dff11aa7f5ea4138a0f390fa0003dc	false
pbr/special/roof/RoofingTiles014A_1K-JPG_Opacity.jpg	pbr/special/roof	RoofingTiles014A	Opacity	JPEG	1024	1024	L	5677	23ab33fabfa64dd4a02c9a6d5532cda1b0f47a00cc015986bf41ebfa784a1407	false
pbr/special/roof/RoofingTiles014A_1K-JPG_Roughness.jpg	pbr/special/roof	RoofingTiles014A	Roughness	JPEG	1024	1024	L	566303	8ab5118d1a1c06fbbff1ca27b24906aece0ad056c5c6d724e46ed3e4a17729ca	false
pbr/special/roof/RoofingTiles014B.png	pbr/special/roof	RoofingTiles014B	albedo_preview	PNG	512	512	RGBA	338554	a16d4dfcf09536e83119a8284c0cd8ca42da38918c402439ace3a9da5897f474	true
pbr/special/roof/RoofingTiles014B_1K-JPG_AmbientOcclusion.jpg	pbr/special/roof	RoofingTiles014B	AmbientOcclusion	JPEG	1024	1024	L	466317	d024563853d609dce0d078200ecdacea5d3190a0bea9b8c0d92cdd44033d66e6	false
pbr/special/roof/RoofingTiles014B_1K-JPG_Color.jpg	pbr/special/roof	RoofingTiles014B	Color	JPEG	1024	1024	RGB	979821	19d984cdf32b07ddd2df209318c5fe77bcd6d844373fec40f4c79dcea39ac898	false
pbr/special/roof/RoofingTiles014B_1K-JPG_Displacement.jpg	pbr/special/roof	RoofingTiles014B	Displacement	JPEG	1024	1024	L	297391	5aebf3806c2f9e2314929c0f0f263786d4210081f002ac4fdda956acab72f62e	false
pbr/special/roof/RoofingTiles014B_1K-JPG_NormalDX.jpg	pbr/special/roof	RoofingTiles014B	NormalDX	JPEG	1024	1024	RGB	1307038	688d099e799dd1ab88b41053afb23772c80944a0f0768538634470fb83b3508b	false
pbr/special/roof/RoofingTiles014B_1K-JPG_NormalGL.jpg	pbr/special/roof	RoofingTiles014B	NormalGL	JPEG	1024	1024	RGB	1294439	a0a78b16f67b1b2f92eca2eabf32e8f09fd83bbc6a7c02dc3463942bb00269c0	false
pbr/special/roof/RoofingTiles014B_1K-JPG_Opacity.jpg	pbr/special/roof	RoofingTiles014B	Opacity	JPEG	1024	1024	L	5749	2008de7b3881528fc666f36141aa619785494e29c4c801de14b220ff4452a23f	false
pbr/special/roof/RoofingTiles014B_1K-JPG_Roughness.jpg	pbr/special/roof	RoofingTiles014B	Roughness	JPEG	1024	1024	L	662184	6a91f9db4d37a28f586e3f71d6caeba8c2508dc5d811e49bcf916619f66299d2	false
pbr/special/void/Concrete033.png	pbr/special/void	Concrete033	albedo_preview	PNG	512	512	RGBA	333214	f85f5d3c96688f2f4951b3d7a0dcede5b183d4a23b791fa714eb19d9c5943ab6	true
pbr/special/void/Concrete033_1K-JPG_AmbientOcclusion.jpg	pbr/special/void	Concrete033	AmbientOcclusion	JPEG	1024	1024	L	709841	0613833da5d6d5da7264546f10c4fc1e75cd6004f62a91711f535732ab51ae81	false
pbr/special/void/Concrete033_1K-JPG_Color.jpg	pbr/special/void	Concrete033	Color	JPEG	1024	1024	RGB	1002412	617288a15a38b32233f28d76460f5a3d29c5ae9fbc731257d06af47730440b4c	false
pbr/special/void/Concrete033_1K-JPG_Displacement.jpg	pbr/special/void	Concrete033	Displacement	JPEG	1024	1024	L	582677	6f4b7b9189f817fb54a9e6299448b9f3a8ea2f824b761681bb644fd8b9aa4b36	false
pbr/special/void/Concrete033_1K-JPG_NormalDX.jpg	pbr/special/void	Concrete033	NormalDX	JPEG	1024	1024	RGB	1944470	57b45e46f939e44455c1182afda1102277c42e54fd32d87380f72f14e47000dc	false
pbr/special/void/Concrete033_1K-JPG_NormalGL.jpg	pbr/special/void	Concrete033	NormalGL	JPEG	1024	1024	RGB	1950016	3bc82aa3549873c5a7fdc6d65b6ca1250ec889dc39c4b690af9ea2db2648414a	false
pbr/special/void/Concrete033_1K-JPG_Roughness.jpg	pbr/special/void	Concrete033	Roughness	JPEG	1024	1024	L	710100	b84f6b186668d6d1ec3e547b0d30146f558129036acb46e9307ec7facce5c3e0	false
pbr/special/void/Concrete035.png	pbr/special/void	Concrete035	albedo_preview	PNG	512	512	RGBA	363946	8ab26d92c63a14689ae6281b150d5b3a72346b3a829611e5e1f38c808525b468	true
pbr/special/void/Concrete035_1K-JPG_Color.jpg	pbr/special/void	Concrete035	Color	JPEG	1024	512	RGB	658698	9e75883b8c6211bb617c54b7efa08282f1f4733a87a0c0e85060120314803ed8	false
pbr/special/void/Concrete035_1K-JPG_Displacement.jpg	pbr/special/void	Concrete035	Displacement	JPEG	1024	512	L	347166	d323283da687294cfd3b231b3c35901a2011a840b45f819d7383a2f11a59ff09	false
pbr/special/void/Concrete035_1K-JPG_NormalDX.jpg	pbr/special/void	Concrete035	NormalDX	JPEG	1024	512	RGB	745409	bcc9b7e0efce4700e120abe21036e6071a8997278a19cd7543acf7c0abf66435	false
pbr/special/void/Concrete035_1K-JPG_NormalGL.jpg	pbr/special/void	Concrete035	NormalGL	JPEG	1024	512	RGB	745218	7a21c3664be029f9fc82342ec0b060b7d6502035a0ed872d6178b66860d8c26d	false
pbr/special/void/Concrete035_1K-JPG_Roughness.jpg	pbr/special/void	Concrete035	Roughness	JPEG	1024	512	L	331974	33be16d7b3c294f16989e3cd6abbaa03ae417dc9356dd0ebcd92628355cc7a6a	false
pbr/special/void/Concrete036.png	pbr/special/void	Concrete036	albedo_preview	PNG	512	512	RGBA	339616	6cc2a287c67680b509dd6b59c1fb3088277fe5327046efff6330a5421ed22c78	true
pbr/special/void/Concrete036_1K-JPG_Color.jpg	pbr/special/void	Concrete036	Color	JPEG	1024	1024	RGB	1158249	8b618898cadda99188f3d667e4a09c2108f07bbc800cc1c0a4f300653b221adb	false
pbr/special/void/Concrete036_1K-JPG_Displacement.jpg	pbr/special/void	Concrete036	Displacement	JPEG	1024	1024	L	627431	28ed8c2eeb8c599576daa741b5f0b9e5eed3118ebcd17ae1611f9ca23693be2d	false
pbr/special/void/Concrete036_1K-JPG_NormalDX.jpg	pbr/special/void	Concrete036	NormalDX	JPEG	1024	1024	RGB	1331929	9e054059cc096b9451b8cc1f83a9b990c8f6d9d997f0c92bcf5f0209265f4b72	false
pbr/special/void/Concrete036_1K-JPG_NormalGL.jpg	pbr/special/void	Concrete036	NormalGL	JPEG	1024	1024	RGB	1330580	c5c8bd16dd7db40b45f4d71e4fec6a9f77f6dfb2424dc00319f5fddb40c898f0	false
pbr/special/void/Concrete036_1K-JPG_Roughness.jpg	pbr/special/void	Concrete036	Roughness	JPEG	1024	1024	L	588010	32c2de96e9a0804fe093587fa157a700f5d59c5f457a911f93cf49030e146699	false
pbr/special/void/Road008B.png	pbr/special/void	Road008B	albedo_preview	PNG	512	512	RGBA	285618	bda1a49f6386f66add5d64e3d428863300f27763daec668c60f0ca31cd1fc2ab	true
pbr/special/void/Road008B_1K-JPG_AmbientOcclusion.jpg	pbr/special/void	Road008B	AmbientOcclusion	JPEG	1024	1024	L	680346	e194acc03b68a0338cf5bb0cf4cbb256654503f3558a4383eda7652998464786	false
pbr/special/void/Road008B_1K-JPG_Color.jpg	pbr/special/void	Road008B	Color	JPEG	1024	1024	RGB	980362	19ade83e0bea1aebbf502a078565e675065b78c1723672fdd1554ee5bbe9e96d	false
pbr/special/void/Road008B_1K-JPG_Displacement.jpg	pbr/special/void	Road008B	Displacement	JPEG	1024	1024	L	565734	918f18bef51a2a2356c441086ac5988283b183687817ed46694bf87557f06c42	false
pbr/special/void/Road008B_1K-JPG_NormalDX.jpg	pbr/special/void	Road008B	NormalDX	JPEG	1024	1024	RGB	1780298	9be48baf20404c6ee301db9b9cdf617d758790f4a8fb940f8c3ad2cc40844c9c	false
pbr/special/void/Road008B_1K-JPG_NormalGL.jpg	pbr/special/void	Road008B	NormalGL	JPEG	1024	1024	RGB	1785616	64615fd898db7afb6cab635e5a3bffa7089f58a69a520fcb46e38722e8c907f2	false
pbr/special/void/Road008B_1K-JPG_Roughness.jpg	pbr/special/void	Road008B	Roughness	JPEG	1024	1024	L	683344	d738b831bebebaba6ef54925c05fe7cf321f79bcf1a22e3cc798a7c073dd0553	false
pbr/special/void/Road009C.png	pbr/special/void	Road009C	albedo_preview	PNG	512	512	RGBA	306260	8dc17bd8e0dbd91331e80403debc78d8e0c3642a7bf9423ecbdd1714fb8c010c	true
pbr/special/void/Road009C_1K-JPG_AmbientOcclusion.jpg	pbr/special/void	Road009C	AmbientOcclusion	JPEG	1024	1024	L	693773	06592e3e9460168a8663e48bec2386252f38e3ea20e1162cf66d4785a1b0d184	false
pbr/special/void/Road009C_1K-JPG_Color.jpg	pbr/special/void	Road009C	Color	JPEG	1024	1024	RGB	1015815	a4d563f918557b5bcb70a9f9ee730b62c75373dccfaeb773cf60264ca00a520f	false
pbr/special/void/Road009C_1K-JPG_Displacement.jpg	pbr/special/void	Road009C	Displacement	JPEG	1024	1024	L	529851	61a6add41a25f892dcffb7e47008d784f790bae53cea823d8615ed4a91dcb1e6	false
pbr/special/void/Road009C_1K-JPG_NormalDX.jpg	pbr/special/void	Road009C	NormalDX	JPEG	1024	1024	RGB	1719297	426509f57d87fcd09114ef3d34b3cd976da0937e0bd83c0719ab4eef49df9467	false
pbr/special/void/Road009C_1K-JPG_NormalGL.jpg	pbr/special/void	Road009C	NormalGL	JPEG	1024	1024	RGB	1722636	b51e7128a43ee04e6113b77a120c2e670238c6f97bcb88cd72c5638edb80bb79	false
pbr/special/void/Road009C_1K-JPG_Roughness.jpg	pbr/special/void	Road009C	Roughness	JPEG	1024	1024	L	686532	dd22cf2d9ba537dfc3e392915520f810b831c0dd8de66c6291772f2df816472b	false
pbr/special/void/Road012B.png	pbr/special/void	Road012B	albedo_preview	PNG	512	512	RGBA	283622	0348edb9c4eea37cd5ed995e17bc8c63eb31bd5526b0665500f8dfd69fc5df20	true
pbr/special/void/Road012B_1K-JPG_AmbientOcclusion.jpg	pbr/special/void	Road012B	AmbientOcclusion	JPEG	1024	1024	L	750348	fbc652ab6c0ddb3974a75e9a14f054ab1219a8f7fb2076f73fe4449a254a844c	false
pbr/special/void/Road012B_1K-JPG_Color.jpg	pbr/special/void	Road012B	Color	JPEG	1024	1024	RGB	929323	fd16138b8e4eed1db347a97f17957ebc7442fc41e444813e899e0de6db340317	false
pbr/special/void/Road012B_1K-JPG_Displacement.jpg	pbr/special/void	Road012B	Displacement	JPEG	1024	1024	L	634868	1984b357b7ca3c22c45484824bd8d78dec8c54eab00a7881f694cee57e6aac0d	false
pbr/special/void/Road012B_1K-JPG_NormalDX.jpg	pbr/special/void	Road012B	NormalDX	JPEG	1024	1024	RGB	1912898	8c4a1bed8e1aa47dc35f793236a521f18b384f0b9150a93754760fdf6ac3e65d	false
pbr/special/void/Road012B_1K-JPG_NormalGL.jpg	pbr/special/void	Road012B	NormalGL	JPEG	1024	1024	RGB	1918490	975f104d80dcd873f22305fc80331ed552bb1f134758df3e2893a1eab140c84a	false
pbr/special/void/Road012B_1K-JPG_Roughness.jpg	pbr/special/void	Road012B	Roughness	JPEG	1024	1024	L	693033	cc563acff8c8ab52a34941029b0012046185763ffc3a0158cbbb6d07ac57f3dd	false
pbr/stone/Rock030_1K-JPG_AmbientOcclusion.jpg	pbr/stone	Rock030	AmbientOcclusion	JPEG	1024	1024	L	568556	405ab1943485560bc01cd0c6c10065195adf7ef9c554f9b24914c3311751dde6	false
pbr/stone/Rock030_1K-JPG_Color.jpg	pbr/stone	Rock030	Color	JPEG	1024	1024	RGB	1483352	1dca8a336518ce0adca4b5cbe2ab30819c8769388f1c15278082a99f022c615a	false
pbr/stone/Rock030_1K-JPG_Displacement.jpg	pbr/stone	Rock030	Displacement	JPEG	1024	1024	L	348477	7739ae7883e6f7600e2a87319e7eada73fb654241909f3da24ef301a10c5665b	false
pbr/stone/Rock030_1K-JPG_NormalDX.jpg	pbr/stone	Rock030	NormalDX	JPEG	1024	1024	RGB	2526607	9a2fb25d9a3365d751ad6b5772cc2e6a3960ac58702978327eba95a003bfe7ee	false
pbr/stone/Rock030_1K-JPG_NormalGL.jpg	pbr/stone	Rock030	NormalGL	JPEG	1024	1024	RGB	2528233	8fd1d22eb6c7b6e4a374196c0de791f724538b8b86eb9c7a946fec1f5834cb94	false
pbr/stone/Rock030_1K-JPG_Roughness.jpg	pbr/stone	Rock030	Roughness	JPEG	1024	1024	L	669875	f37850f72994458994716d084683d80611528d1685264bde3071569e8ca53489	false
pbr/stone/cobble/PavingStones046.png	pbr/stone/cobble	PavingStones046	albedo_preview	PNG	512	512	RGBA	389652	16b4e25513b4d98e557b0a0879975cf97812155da939a1409c4a58ed79d4ebb6	true
pbr/stone/cobble/PavingStones046_1K-JPG_AmbientOcclusion.jpg	pbr/stone/cobble	PavingStones046	AmbientOcclusion	JPEG	1024	1024	L	404327	da98bdc437d8064e4032d5c6975c9088ca5ff3d67830d3fe9c3337743c3b8598	false
pbr/stone/cobble/PavingStones046_1K-JPG_Color.jpg	pbr/stone/cobble	PavingStones046	Color	JPEG	1024	1024	RGB	1083584	342a049071ba62dc2d1792868752fc19f88cdb45f5858206da933034bba571c4	false
pbr/stone/cobble/PavingStones046_1K-JPG_Displacement.jpg	pbr/stone/cobble	PavingStones046	Displacement	JPEG	1024	1024	L	357155	5e9a1fb05ff4788d6092816028e00c396d4e8f43cd2b0a3d9c609372cc92aa5a	false
pbr/stone/cobble/PavingStones046_1K-JPG_NormalDX.jpg	pbr/stone/cobble	PavingStones046	NormalDX	JPEG	1024	1024	RGB	2176092	fba1d7e295ee5906919c12195054c4ff2f6d128d76cfaf2ac8e4d05c4052bea9	false
pbr/stone/cobble/PavingStones046_1K-JPG_NormalGL.jpg	pbr/stone/cobble	PavingStones046	NormalGL	JPEG	1024	1024	RGB	2176030	8819849a3b3ceee6c3581ebc1c9c8fa41d275e4e843f65c5869388e1a980dd2e	false
pbr/stone/cobble/PavingStones046_1K-JPG_Roughness.jpg	pbr/stone/cobble	PavingStones046	Roughness	JPEG	1024	1024	L	636185	c24eda1eb09198a23ab29a79ce4c1e335d9bb1eb8145ed368639ac78036e9365	false
pbr/stone/cobble/PavingStones051.png	pbr/stone/cobble	PavingStones051	albedo_preview	PNG	512	512	RGBA	411062	2d786a76bb601816eaa885201ec36067368dd7ecabe460945daad4c2f3da4cdb	true
pbr/stone/cobble/PavingStones051_1K-JPG_AmbientOcclusion.jpg	pbr/stone/cobble	PavingStones051	AmbientOcclusion	JPEG	1024	1024	L	694166	d816e6b6e9e4033e38d5f5e3d734af6a4457abc78729d660b4840e1528b57749	false
pbr/stone/cobble/PavingStones051_1K-JPG_Color.jpg	pbr/stone/cobble	PavingStones051	Color	JPEG	1024	1024	RGB	1332790	2ad474824b26d9115bf4a3f66b25a344adce663a5c4c3ade9b7eb2da4d248ada	false
pbr/stone/cobble/PavingStones051_1K-JPG_Displacement.jpg	pbr/stone/cobble	PavingStones051	Displacement	JPEG	1024	1024	L	602384	59340c5ed059fa6899f5af9ed94fc3fddafee7efd5da054ea5c9928dd061eee0	false
pbr/stone/cobble/PavingStones051_1K-JPG_NormalDX.jpg	pbr/stone/cobble	PavingStones051	NormalDX	JPEG	1024	1024	RGB	2073972	e86e5b51bbb813b5bc9665864490f80012d84c4e88715680b96819b01d8e7da0	false
pbr/stone/cobble/PavingStones051_1K-JPG_NormalGL.jpg	pbr/stone/cobble	PavingStones051	NormalGL	JPEG	1024	1024	RGB	2077384	33adb5610fda1bd819dec0e2b8152ab3fe9fcb6b1c16fafa6876c13f41898be8	false
pbr/stone/cobble/PavingStones051_1K-JPG_Roughness.jpg	pbr/stone/cobble	PavingStones051	Roughness	JPEG	1024	1024	L	594307	649e3bd75cbdf6c2f03b9cb57f4f0081351796f0b111cae353437d3d222fa4ff	false
pbr/stone/cobble/PavingStones119.png	pbr/stone/cobble	PavingStones119	albedo_preview	PNG	512	512	RGBA	438062	025605d0a1ee7551a8d3d764d25d9f59cfa0f618250504989aa11be386f8e68d	true
pbr/stone/cobble/PavingStones119_1K-JPG_AmbientOcclusion.jpg	pbr/stone/cobble	PavingStones119	AmbientOcclusion	JPEG	1024	1024	L	624884	a2540953248deeeed93c2c63c6684d823d25019fc35fbd92f2af307e226ee54d	false
pbr/stone/cobble/PavingStones119_1K-JPG_Color.jpg	pbr/stone/cobble	PavingStones119	Color	JPEG	1024	1024	RGB	1494049	a8bb8ca4127c7226c6d74559808fdc16b0d9e170ccffda9795b87bdecad8df09	false
pbr/stone/cobble/PavingStones119_1K-JPG_Displacement.jpg	pbr/stone/cobble	PavingStones119	Displacement	JPEG	1024	1024	L	403306	a2b50a9ad39b97ca87d3827a336e6bec9b631a439d464cf54ea7c086b3449e3d	false
pbr/stone/cobble/PavingStones119_1K-JPG_NormalDX.jpg	pbr/stone/cobble	PavingStones119	NormalDX	JPEG	1024	1024	RGB	2064744	ed61437aa27be6fc846239673d76690f2f0992e3c1544750b1aa93f7a3323d84	false
pbr/stone/cobble/PavingStones119_1K-JPG_NormalGL.jpg	pbr/stone/cobble	PavingStones119	NormalGL	JPEG	1024	1024	RGB	2065709	184907a34884b9e4bf33ea211a2c805dc6f766c6be18052f2cb5c3cd389bf311	false
pbr/stone/cobble/PavingStones119_1K-JPG_Roughness.jpg	pbr/stone/cobble	PavingStones119	Roughness	JPEG	1024	1024	L	777805	79eb6da14a1328c1abc7106c787692d7638d69f73c5d8442d0b8f7f955e6f04e	false
pbr/stone/cobble/PavingStones128.png	pbr/stone/cobble	PavingStones128	albedo_preview	PNG	512	512	RGBA	336000	60f508122cc8d8f743a5ed46a6ed3138281c97d530cb1596d7cdf44962ffabb1	true
pbr/stone/cobble/PavingStones128_1K-JPG_AmbientOcclusion.jpg	pbr/stone/cobble	PavingStones128	AmbientOcclusion	JPEG	1024	1024	L	744111	b2715c26986c68cec6236067c55b4d43e5541f803a06370f251ca965296296b9	false
pbr/stone/cobble/PavingStones128_1K-JPG_Color.jpg	pbr/stone/cobble	PavingStones128	Color	JPEG	1024	1024	RGB	1270215	eef877d5807627e97b0f1813b14ff4d1855836c9af4976df65e8503f2022d0a3	false
pbr/stone/cobble/PavingStones128_1K-JPG_Displacement.jpg	pbr/stone/cobble	PavingStones128	Displacement	JPEG	1024	1024	L	444754	2ac4717982a02a00cf02cf46439194bc5e9a2b79cb8f75d17028a8c81c8e78f4	false
pbr/stone/cobble/PavingStones128_1K-JPG_NormalDX.jpg	pbr/stone/cobble	PavingStones128	NormalDX	JPEG	1024	1024	RGB	1937711	a877767aa7e4d10e71e41ff206668b5a477c8f1d8800d39bd365a6af6c44c53a	false
pbr/stone/cobble/PavingStones128_1K-JPG_NormalGL.jpg	pbr/stone/cobble	PavingStones128	NormalGL	JPEG	1024	1024	RGB	1936800	406df32c554c7faa64c39bcd3b5c4eebc41527b4df9448a9a6e2b16c98c9fff3	false
pbr/stone/cobble/PavingStones128_1K-JPG_Roughness.jpg	pbr/stone/cobble	PavingStones128	Roughness	JPEG	1024	1024	L	594270	19eca04e678297ee9662c33cac3e84e3f887d9fb9746e5b000f48073b0f3d497	false
pbr/stone/cobble/PavingStones138.png	pbr/stone/cobble	PavingStones138	albedo_preview	PNG	512	512	RGBA	468551	643c23c2c638a019b14de209cca58a22fbdb7fd583b6a9b0cf6d3c244d727e49	true
pbr/stone/cobble/PavingStones138_1K-JPG_AmbientOcclusion.jpg	pbr/stone/cobble	PavingStones138	AmbientOcclusion	JPEG	512	1024	L	315882	2203dcebdb1844308bc894bf617db7ffc6aaf2369dc804596c4d5de2f07ac368	false
pbr/stone/cobble/PavingStones138_1K-JPG_Color.jpg	pbr/stone/cobble	PavingStones138	Color	JPEG	512	1024	RGB	836330	2e8d43ba6320f22502a59ea35fcddb1eacd480b95c8926ae3f26bca199e5a26b	false
pbr/stone/cobble/PavingStones138_1K-JPG_Displacement.jpg	pbr/stone/cobble	PavingStones138	Displacement	JPEG	512	1024	L	225140	e702918ea4865911655d5184293f565ed28f90c7fb6e386d619fd2fa9af63d6e	false
pbr/stone/cobble/PavingStones138_1K-JPG_NormalDX.jpg	pbr/stone/cobble	PavingStones138	NormalDX	JPEG	512	1024	RGB	831125	4d5ba04f7219165fc34af4a5a145a0092bf98dc886f3996ec6a576adc5c158ff	false
pbr/stone/cobble/PavingStones138_1K-JPG_NormalGL.jpg	pbr/stone/cobble	PavingStones138	NormalGL	JPEG	512	1024	RGB	830646	f1ea8a0b0a86b361cb531140ac737c9438fe36da79142ce03419410c354f3ed3	false
pbr/stone/cobble/PavingStones138_1K-JPG_Roughness.jpg	pbr/stone/cobble	PavingStones138	Roughness	JPEG	512	1024	L	278891	18234c8e43ce3c644d813cd3ad8d649f009a32d6e5da6df3a716f13d386f9a9c	false
pbr/stone/cobble/PavingStones141.png	pbr/stone/cobble	PavingStones141	albedo_preview	PNG	512	512	RGBA	503203	e026cc2daba4ccc1e977da1d1be74e09d60686d06a143082110bc3728f7ba488	true
pbr/stone/cobble/PavingStones141_1K-JPG_AmbientOcclusion.jpg	pbr/stone/cobble	PavingStones141	AmbientOcclusion	JPEG	1024	1024	L	757118	93c61a6dc7a4c1c8aaa12f8bac1947b3b222a1ae40763628c253614d65a3e3ff	false
pbr/stone/cobble/PavingStones141_1K-JPG_Color.jpg	pbr/stone/cobble	PavingStones141	Color	JPEG	1024	1024	RGB	1744606	b1dbdb2c8a7e70b7f62913b9a0b484aeaaee71ca2830161f6765b1effd6cc32e	false
pbr/stone/cobble/PavingStones141_1K-JPG_Displacement.jpg	pbr/stone/cobble	PavingStones141	Displacement	JPEG	1024	1024	L	527236	f92dcaad4f244322cc49749827d0a85a20ade93c46d4ccb29bb0ff13beba4dc7	false
pbr/stone/cobble/PavingStones141_1K-JPG_NormalDX.jpg	pbr/stone/cobble	PavingStones141	NormalDX	JPEG	1024	1024	RGB	1943074	1155d66366e2af1653712df0a82ba84c4b03660ddaa42c9ea21d8625d4621eb7	false
pbr/stone/cobble/PavingStones141_1K-JPG_NormalGL.jpg	pbr/stone/cobble	PavingStones141	NormalGL	JPEG	1024	1024	RGB	1944619	22312e6c291f0a9364b102ed5ee9641653ddf20911ad51d36d1dbb9295570d68	false
pbr/stone/cobble/PavingStones141_1K-JPG_Roughness.jpg	pbr/stone/cobble	PavingStones141	Roughness	JPEG	1024	1024	L	696577	80642df31447bba14c07d54e8055c31d68471eb2e7a6f23f18a23455f4cb4765	false
pbr/stone/cobble/PavingStones146.png	pbr/stone/cobble	PavingStones146	albedo_preview	PNG	512	512	RGBA	419691	b1e58d6a5c72662a0c892b9539dcfbafcb79e3239890389309db4d92fea1d622	true
pbr/stone/cobble/PavingStones146_1K-JPG_AmbientOcclusion.jpg	pbr/stone/cobble	PavingStones146	AmbientOcclusion	JPEG	1024	1024	L	769064	6b2e28a4b5f94b346901d2e688bbe5345856c3d02354239537c6b1d866593602	false
pbr/stone/cobble/PavingStones146_1K-JPG_Color.jpg	pbr/stone/cobble	PavingStones146	Color	JPEG	1024	1024	RGB	1588092	bc1bfdcc1abf3673317f0d14fed9f8092d6aca2671316f7c616c30425bf8173d	false
pbr/stone/cobble/PavingStones146_1K-JPG_Displacement.jpg	pbr/stone/cobble	PavingStones146	Displacement	JPEG	1024	1024	L	488363	7b9ddc0124bf41f67813299128d680d3a3f0a94d47e8b0bd81d9aec4e56daddd	false
pbr/stone/cobble/PavingStones146_1K-JPG_NormalDX.jpg	pbr/stone/cobble	PavingStones146	NormalDX	JPEG	1024	1024	RGB	1842693	ceea0b5408d38582f747e8ca918124cdf7daa2110e84d3b10fd05ed2d51f7b10	false
pbr/stone/cobble/PavingStones146_1K-JPG_NormalGL.jpg	pbr/stone/cobble	PavingStones146	NormalGL	JPEG	1024	1024	RGB	1842449	79dbe9c97695ba0ebcd8cfd3a74e85d812746896d0ace313dbba2fb3a3492f72	false
pbr/stone/cobble/PavingStones146_1K-JPG_Roughness.jpg	pbr/stone/cobble	PavingStones146	Roughness	JPEG	1024	1024	L	716379	c6246453e3fb8d4d0485506ad6aa9eb729fc73c49d6c0500c2c8d0f82be9df2b	false
pbr/stone/floor/Asphalt031.png	pbr/stone/floor	Asphalt031	albedo_preview	PNG	512	512	RGBA	413063	0b2e87c1e56da5825cb50d15c2377b22d579f1246f7b913f91dcd191b1cdef0a	true
pbr/stone/floor/Asphalt031_1K-JPG_AmbientOcclusion.jpg	pbr/stone/floor	Asphalt031	AmbientOcclusion	JPEG	1024	1024	L	760025	bf8ac1621f095bc99e6456edc7f846ba4ee82f81292d2c74bdd19e3af29cd40b	false
pbr/stone/floor/Asphalt031_1K-JPG_Color.jpg	pbr/stone/floor	Asphalt031	Color	JPEG	1024	1024	RGB	855584	d8301ee35f486ba073bdd5fda3ea9ed7e40f768aa1def75c420bcc5c055e3534	false
pbr/stone/floor/Asphalt031_1K-JPG_Displacement.jpg	pbr/stone/floor	Asphalt031	Displacement	JPEG	1024	1024	L	695243	f4db2fb0be7b52dd9847977108d7d32e5e9c85d3eb1c31a147690f7e9b98c069	false
pbr/stone/floor/Asphalt031_1K-JPG_NormalDX.jpg	pbr/stone/floor	Asphalt031	NormalDX	JPEG	1024	1024	RGB	2007748	6a6f5fdcf9d8107019948b946c425687887f8aeb4d7ba0122944cfd8005aff62	false
pbr/stone/floor/Asphalt031_1K-JPG_NormalGL.jpg	pbr/stone/floor	Asphalt031	NormalGL	JPEG	1024	1024	RGB	2010745	8afb3f4090793dc9055b861220f5ada95fce232c02e3b3095e2bb10e8fc69775	false
pbr/stone/floor/Asphalt031_1K-JPG_Roughness.jpg	pbr/stone/floor	Asphalt031	Roughness	JPEG	1024	1024	L	838751	b6211415277cad253d6d41330ac1b4b8b3edf631ac56561f7193670935e3d200	false
pbr/stone/floor/Concrete047A.png	pbr/stone/floor	Concrete047A	albedo_preview	PNG	512	512	RGBA	415852	241376777f3192a03b1f4d986a2f6d21a9ef151eb044755fc8dceb891760bde7	true
pbr/stone/floor/Concrete047A_1K-JPG_AmbientOcclusion.jpg	pbr/stone/floor	Concrete047A	AmbientOcclusion	JPEG	1024	1024	L	713780	b75c94f7798e72fe595fef0c55e98ec93b2c6efe912b76f53af8f3dcc8195251	false
pbr/stone/floor/Concrete047A_1K-JPG_Color.jpg	pbr/stone/floor	Concrete047A	Color	JPEG	1024	1024	RGB	1596193	74cbb49d821ac1a26dde8adf54527d84400c07aaf4e49918aed060a8a4715071	false
pbr/stone/floor/Concrete047A_1K-JPG_Displacement.jpg	pbr/stone/floor	Concrete047A	Displacement	JPEG	1024	1024	L	451463	22f4aab777cb5680d5d7abddaaecb6fb2d2f4ad917c13cfa511d534d607423ef	false
pbr/stone/floor/Concrete047A_1K-JPG_NormalDX.jpg	pbr/stone/floor	Concrete047A	NormalDX	JPEG	1024	1024	RGB	1807323	ccff1ff6b916ebe5163c2d8ad3f865d0d5ab5613060729aaa24e8f1e3ff8b9db	false
pbr/stone/floor/Concrete047A_1K-JPG_NormalGL.jpg	pbr/stone/floor	Concrete047A	NormalGL	JPEG	1024	1024	RGB	1806276	5e4fa823e8af86feb9de7ea46c8bbfba1d761998787f23df1e548b319e86b8a2	false
pbr/stone/floor/Concrete047A_1K-JPG_Roughness.jpg	pbr/stone/floor	Concrete047A	Roughness	JPEG	1024	1024	L	705460	b08c3dcbd9cdf40dc0db9acdf9b9383ede21ac9eaabca2e80f7f220620108f22	false
pbr/stone/floor/Concrete048.png	pbr/stone/floor	Concrete048	albedo_preview	PNG	512	512	RGBA	321425	8061a67208b49da2d203815376b220313d2805e5dbed4eef150995eda06ab4b9	true
pbr/stone/floor/Concrete048_1K-JPG_AmbientOcclusion.jpg	pbr/stone/floor	Concrete048	AmbientOcclusion	JPEG	1024	1024	L	659489	4d1f849c3a7881e6b634616918f6a4c0c2defe67529d05c5809084e36a9fbbe7	false
pbr/stone/floor/Concrete048_1K-JPG_Color.jpg	pbr/stone/floor	Concrete048	Color	JPEG	1024	1024	RGB	1126366	1bf2156b86866732660e6d3ccd1942598ac2b9e73a9bb97a23763574ac4d7722	false
pbr/stone/floor/Concrete048_1K-JPG_Displacement.jpg	pbr/stone/floor	Concrete048	Displacement	JPEG	1024	1024	L	492343	d4b27cabb35b7873c31f5b11df093e725664eadc308a992cae25d3928e3805a3	false
pbr/stone/floor/Concrete048_1K-JPG_Metalness.jpg	pbr/stone/floor	Concrete048	Metalness	JPEG	1024	1024	L	5229	c7269ed127d209f7211e00edfcc7fcefeb1dd1f905ff4848529c45a11a06a522	false
pbr/stone/floor/Concrete048_1K-JPG_NormalDX.jpg	pbr/stone/floor	Concrete048	NormalDX	JPEG	1024	1024	RGB	1552023	19d94bd7376d362fef77f48da9f801e3de1c17465a72b571ebe25828ad78e42a	false
pbr/stone/floor/Concrete048_1K-JPG_NormalGL.jpg	pbr/stone/floor	Concrete048	NormalGL	JPEG	1024	1024	RGB	1548946	16d110670d8a1ca4dd85d498bb46afaa6953456878dae7ab6717053600dddcfc	false
pbr/stone/floor/Concrete048_1K-JPG_Roughness.jpg	pbr/stone/floor	Concrete048	Roughness	JPEG	1024	1024	L	702183	cf9b741e1ffc25b89a7d7a8971656463009c25b30c3fd300b3296c60daef729f	false
pbr/stone/floor/PavingStones142.png	pbr/stone/floor	PavingStones142	albedo_preview	PNG	512	512	RGBA	464152	6b305d37c091cbeef62d7bf269bbeb88fd34fd678f87590ae6ed44de7a8b4648	true
pbr/stone/floor/PavingStones142_1K-JPG_AmbientOcclusion.jpg	pbr/stone/floor	PavingStones142	AmbientOcclusion	JPEG	1024	1024	L	665513	8a81dd5f67fd1aab0f736b77ec2af3f8854c7e0e40e80f30bc862adb37bc2cb5	false
pbr/stone/floor/PavingStones142_1K-JPG_Color.jpg	pbr/stone/floor	PavingStones142	Color	JPEG	1024	1024	RGB	1518213	ee12bb519e6281a32f1c960c86bbdb76ea9e3873bc1442c7bea26d75ac72b914	false
pbr/stone/floor/PavingStones142_1K-JPG_Displacement.jpg	pbr/stone/floor	PavingStones142	Displacement	JPEG	1024	1024	L	476673	51337af23df3ceb0fae35c2acf5674b242f256538828d3e5bcc017ecfbb32ea6	false
pbr/stone/floor/PavingStones142_1K-JPG_NormalDX.jpg	pbr/stone/floor	PavingStones142	NormalDX	JPEG	1024	1024	RGB	1774155	5de6c6d0c173f33eed719c3c81191b26ebf15ee014c9625a40b3ebf6fc32a7eb	false
pbr/stone/floor/PavingStones142_1K-JPG_NormalGL.jpg	pbr/stone/floor	PavingStones142	NormalGL	JPEG	1024	1024	RGB	1771746	4a0b5c742de703eda78627e3cbad75085dc65a8eeb384d418b45b58adfd64b98	false
pbr/stone/floor/PavingStones142_1K-JPG_Roughness.jpg	pbr/stone/floor	PavingStones142	Roughness	JPEG	1024	1024	L	738907	e13fb1183833a5964edd475196a7aa622107b90a3dc0da94226bf7350a76b671	false
pbr/stone/floor/PavingStones150.png	pbr/stone/floor	PavingStones150	albedo_preview	PNG	512	512	RGBA	457073	2014fcf8506cfa28e4fc591c2bd20947e2ddae25e78336cf2004dd4c37cd58f9	true
pbr/stone/floor/PavingStones150_1K-JPG_AmbientOcclusion.jpg	pbr/stone/floor	PavingStones150	AmbientOcclusion	JPEG	1024	512	L	390645	c9154b6f177906272857c8994decf7d26d51e4d338692f14a87dba55d2bc5705	false
pbr/stone/floor/PavingStones150_1K-JPG_Color.jpg	pbr/stone/floor	PavingStones150	Color	JPEG	1024	512	RGB	737414	dc766b466d2ab08b8c7bcbf4c59bd3e2c76dca2076aebe63473d5aab52645e72	false
pbr/stone/floor/PavingStones150_1K-JPG_Displacement.jpg	pbr/stone/floor	PavingStones150	Displacement	JPEG	1024	512	L	286885	8d9fea7ca89251510da513d9a2e8e453feaf8188e6004e8ca8a770db0df86563	false
pbr/stone/floor/PavingStones150_1K-JPG_NormalDX.jpg	pbr/stone/floor	PavingStones150	NormalDX	JPEG	1024	512	RGB	995156	a75b449296365acbcf97adf1bf5d69bae743a47ba31b310611befc9ea612f0d6	false
pbr/stone/floor/PavingStones150_1K-JPG_NormalGL.jpg	pbr/stone/floor	PavingStones150	NormalGL	JPEG	1024	512	RGB	995888	eaf2784c0cfe4c548fdd58bcf75b79d2e5ad9a8529a9b26cdcde121b89e1e106	false
pbr/stone/floor/PavingStones150_1K-JPG_Roughness.jpg	pbr/stone/floor	PavingStones150	Roughness	JPEG	1024	512	L	352657	5fdfd003185f766c579a8f62cb2bd1c522800bfe426f73e81d41677f1407d586	false
pbr/stone/floor/Tiles074.png	pbr/stone/floor	Tiles074	albedo_preview	PNG	512	512	RGBA	297213	fff80c84595ddd833a76b017afbffab0c2167d76231bbf08def9565159d2c639	true
pbr/stone/floor/Tiles074_1K-JPG_Color.jpg	pbr/stone/floor	Tiles074	Color	JPEG	1024	1024	RGB	1152913	cd7011b8c21e0ef4b8ee979ea2ff1a89c5b07b19f570a6dfc5ad26b3bca24857	false
pbr/stone/floor/Tiles074_1K-JPG_Displacement.jpg	pbr/stone/floor	Tiles074	Displacement	JPEG	1024	1024	L	258158	69bbf4cb5da973b462cced2d3a11db07a8fed45555683114668a2e0c8aba36e6	false
pbr/stone/floor/Tiles074_1K-JPG_NormalDX.jpg	pbr/stone/floor	Tiles074	NormalDX	JPEG	1024	1024	RGB	200409	51efe1d667a9e23066f94115f1ff44197cfb9e08c2594f2a3c79e33d7afa0999	false
pbr/stone/floor/Tiles074_1K-JPG_NormalGL.jpg	pbr/stone/floor	Tiles074	NormalGL	JPEG	1024	1024	RGB	227039	4d0de18fa8802fefc8d7335c5af264d6b932bf34f2be96d38e99f9573b018399	false
pbr/stone/floor/Tiles074_1K-JPG_Roughness.jpg	pbr/stone/floor	Tiles074	Roughness	JPEG	1024	1024	L	463120	8995bd151ebd2a5cc767eb2ca848b9c446b9d47510a0685e5fe7e2226e52e22a	false
pbr/stone/floor/Tiles075.png	pbr/stone/floor	Tiles075	albedo_preview	PNG	512	512	RGBA	282662	97b7436a6f52e62836e90a178c94efe893960f39b2ca0dd156949a095aee64aa	true
pbr/stone/floor/Tiles075_1K-JPG_Color.jpg	pbr/stone/floor	Tiles075	Color	JPEG	1024	1024	RGB	1096755	e64d4953dadc438108ac38447fdda5cece9a5fcf24ea6658ae001fcb251944d6	false
pbr/stone/floor/Tiles075_1K-JPG_Displacement.jpg	pbr/stone/floor	Tiles075	Displacement	JPEG	1024	1024	L	291883	c57619309bc69148cef6da5575528dd6dfa6a37c1a1c600264761263416092e3	false
pbr/stone/floor/Tiles075_1K-JPG_NormalDX.jpg	pbr/stone/floor	Tiles075	NormalDX	JPEG	1024	1024	RGB	225254	d708cb0ce265f6a7130b399f86d062634d0005c78fda7d26dddf7688e7d5a6a5	false
pbr/stone/floor/Tiles075_1K-JPG_NormalGL.jpg	pbr/stone/floor	Tiles075	NormalGL	JPEG	1024	1024	RGB	230651	cee1adaeb869286b7d83549a0aefdc50ccbd73b63352d46a15581883c7c56ec6	false
pbr/stone/floor/Tiles075_1K-JPG_Roughness.jpg	pbr/stone/floor	Tiles075	Roughness	JPEG	1024	1024	L	495074	2cec5c70a0fd3fab4f293ab99d03b8f940fabbb2eede8c8c2b77dc706cd0b96d	false
pbr/stone/floor/Tiles078.png	pbr/stone/floor	Tiles078	albedo_preview	PNG	512	512	RGBA	305015	0932aaab962bcbe1d7bda584e02ec012389557958b26d10a74858a6f7f5622c7	true
pbr/stone/floor/Tiles078_1K-JPG_Color.jpg	pbr/stone/floor	Tiles078	Color	JPEG	1024	1024	RGB	1249799	d87fba962c0779016ae33ae266c4c4e35a274bc96b931a498729104f034a1a47	false
pbr/stone/floor/Tiles078_1K-JPG_Displacement.jpg	pbr/stone/floor	Tiles078	Displacement	JPEG	1024	1024	L	347135	7ddb621bf90509a44bda307e796d4ea257536d44d465ea524f6953fb6fefd284	false
pbr/stone/floor/Tiles078_1K-JPG_NormalDX.jpg	pbr/stone/floor	Tiles078	NormalDX	JPEG	1024	1024	RGB	341068	15ba99265c57dd947680da9570777bb5c43c510adbb54c6cd220a29424217771	false
pbr/stone/floor/Tiles078_1K-JPG_NormalGL.jpg	pbr/stone/floor	Tiles078	NormalGL	JPEG	1024	1024	RGB	361914	817aa8de25db1e8af28c2a48a5c46b3ba3d9e8c5cb04d11f7eb5ef0b5db848f1	false
pbr/stone/floor/Tiles078_1K-JPG_Roughness.jpg	pbr/stone/floor	Tiles078	Roughness	JPEG	1024	1024	L	477032	1ee3f45d9840d36df706d4ae3a48df8295334162b9e2bba92d665f5035332157	false
pbr/stone/floor/Tiles079.png	pbr/stone/floor	Tiles079	albedo_preview	PNG	512	512	RGBA	271552	6743c1ce2a64aa30e573eed4be42c957730d2489a20e149b36c7c8e7dfc0e5f7	true
pbr/stone/floor/Tiles079_1K-JPG_Color.jpg	pbr/stone/floor	Tiles079	Color	JPEG	1024	1024	RGB	1129046	28f2e2df93c29ca104392f82e4c781ca9a009dcea7f437c0379b2b5277488c3c	false
pbr/stone/floor/Tiles079_1K-JPG_Displacement.jpg	pbr/stone/floor	Tiles079	Displacement	JPEG	1024	1024	L	374116	7982af6bc7dd0e25e91fc468219172a727630fad880ab838309db3cd4517cd8c	false
pbr/stone/floor/Tiles079_1K-JPG_NormalDX.jpg	pbr/stone/floor	Tiles079	NormalDX	JPEG	1024	1024	RGB	378748	14bb3774fd3768de23c5c0dc25ceb5db23fbc15f99d34993ad953c64cde26277	false
pbr/stone/floor/Tiles079_1K-JPG_NormalGL.jpg	pbr/stone/floor	Tiles079	NormalGL	JPEG	1024	1024	RGB	357476	a027339804eb75ecfb86ba77ef23728c303ab3fa94ee470f5f2418a8b43dbac2	false
pbr/stone/floor/Tiles079_1K-JPG_Roughness.jpg	pbr/stone/floor	Tiles079	Roughness	JPEG	1024	1024	L	480507	f542604331ada80c10fab221591f020a427ee1df537546ab6a7c64479220a120	false
pbr/stone/floor/Tiles081.png	pbr/stone/floor	Tiles081	albedo_preview	PNG	512	512	RGBA	310401	858d73cd45cef100077c441fed30a44fdf1fe62cfaac9680c2189dbabdb4ac98	true
pbr/stone/floor/Tiles081_1K-JPG_Color.jpg	pbr/stone/floor	Tiles081	Color	JPEG	1024	1024	RGB	1221166	7a27e18c081f0bff8d5c994bd3203ac122bc31d899d3b18ebe5259d088c8e1b3	false
pbr/stone/floor/Tiles081_1K-JPG_Displacement.jpg	pbr/stone/floor	Tiles081	Displacement	JPEG	1024	1024	L	391358	9f76ac8cc74853fe7c770bf24c53796d5cf729720ba91461c14f85a1515e3d7c	false
pbr/stone/floor/Tiles081_1K-JPG_NormalDX.jpg	pbr/stone/floor	Tiles081	NormalDX	JPEG	1024	1024	RGB	437418	8b3e36cafa0d2d8001d2035bd2c8e4f350ecfafc8612926ff4ec83e45cad6c03	false
pbr/stone/floor/Tiles081_1K-JPG_NormalGL.jpg	pbr/stone/floor	Tiles081	NormalGL	JPEG	1024	1024	RGB	430336	ce988235bd7ea832cbe113a46c169f559abb9be8359f2ae9d9bf572745671de3	false
pbr/stone/floor/Tiles081_1K-JPG_Roughness.jpg	pbr/stone/floor	Tiles081	Roughness	JPEG	1024	1024	L	511157	e6520f1af656bd1698cc85bb617cb24de8dc5f4654a1365e6a8c8fc002fadb0a	false
pbr/stone/rock/Rock035.png	pbr/stone/rock	Rock035	albedo_preview	PNG	512	512	RGBA	370193	314b42ab1699635356714cd74f40debf66a0b311bc0785ed3bbfa660f97b0c78	true
pbr/stone/rock/Rock035_1K-JPG_AmbientOcclusion.jpg	pbr/stone/rock	Rock035	AmbientOcclusion	JPEG	1024	1024	L	565898	f38f0c6fa6ce82e190ed94aed05923b8a053e21d5b3ff5e61d8fdf884611a32b	false
pbr/stone/rock/Rock035_1K-JPG_Color.jpg	pbr/stone/rock	Rock035	Color	JPEG	1024	1024	RGB	1453569	7d387e01cad601ce49c35d9d9161f7f8f097de0e32e60f8f2108ae1787854ccf	false
pbr/stone/rock/Rock035_1K-JPG_Displacement.jpg	pbr/stone/rock	Rock035	Displacement	JPEG	1024	1024	L	332547	3380fad124cfebbfbc5d85a036bf17e49b6768617804978b4a970c3aa0009449	false
pbr/stone/rock/Rock035_1K-JPG_NormalDX.jpg	pbr/stone/rock	Rock035	NormalDX	JPEG	1024	1024	RGB	2517059	bd50d0f84208bfb532521a91835da12558dea9c00e2cacc338d4fc39d32d85b6	false
pbr/stone/rock/Rock035_1K-JPG_NormalGL.jpg	pbr/stone/rock	Rock035	NormalGL	JPEG	1024	1024	RGB	2522360	003dcaa856ce97d2673379a26a444cc0637f0cdd46d7f5de5c3dd263dfbf3f76	false
pbr/stone/rock/Rock035_1K-JPG_Roughness.jpg	pbr/stone/rock	Rock035	Roughness	JPEG	1024	1024	L	668189	1b3834e6d15be99c06653688ed6c43b492163f6eaacfa56bd7397cf59165e8d6	false
pbr/stone/rock/Rock058.png	pbr/stone/rock	Rock058	albedo_preview	PNG	512	512	RGBA	369099	82b3785ca22238c9d6597e64b771169ec92d8d34f5c0f41150d53a84f274b676	true
pbr/stone/rock/Rock058_1K-JPG_AmbientOcclusion.jpg	pbr/stone/rock	Rock058	AmbientOcclusion	JPEG	1024	1024	L	594853	735c55d136c97e8db20f6698ac5babfc39a045fd789f85b45fcc5a75d8470aba	false
pbr/stone/rock/Rock058_1K-JPG_Color.jpg	pbr/stone/rock	Rock058	Color	JPEG	1024	1024	RGB	1156859	ba46be27557942876629de570ce6d674d92a4bf32f8514fca0ca05510860df53	false
pbr/stone/rock/Rock058_1K-JPG_Displacement.jpg	pbr/stone/rock	Rock058	Displacement	JPEG	1024	1024	L	279803	71a11323be9140fb6a799fd8f3ee12434fe8050724d0324dc4c521c1a5898fcb	false
pbr/stone/rock/Rock058_1K-JPG_NormalDX.jpg	pbr/stone/rock	Rock058	NormalDX	JPEG	1024	1024	RGB	1891420	a82159cc37d917e5dfecb90aa8cd4074957d745fdcab82076d4e124b74498c18	false
pbr/stone/rock/Rock058_1K-JPG_NormalGL.jpg	pbr/stone/rock	Rock058	NormalGL	JPEG	1024	1024	RGB	1902440	0c2695a50fa2cb62c6198524e5e265d0d6b2b143348d93421a1c303cc576f66c	false
pbr/stone/rock/Rock058_1K-JPG_Roughness.jpg	pbr/stone/rock	Rock058	Roughness	JPEG	1024	1024	L	798177	b26ba517a3a7ad7aa7286db46368516cc92a308257d7c7ee98c2eecf3cdba02e	false
pbr/stone/rock/Rock060.png	pbr/stone/rock	Rock060	albedo_preview	PNG	512	512	RGBA	361051	0d538cbc5f35a1654f97287c89e681eeb873c3c422a7afa3fdbbb56d27c71d0d	true
pbr/stone/rock/Rock060_1K-JPG_AmbientOcclusion.jpg	pbr/stone/rock	Rock060	AmbientOcclusion	JPEG	1024	1024	L	603867	f8b58e9f6db764c3985bb942b79fce11d91b7f8cdc5eb5eeecca5ddadf673259	false
pbr/stone/rock/Rock060_1K-JPG_Color.jpg	pbr/stone/rock	Rock060	Color	JPEG	1024	1024	RGB	1028453	0badf4e433aa96102c3beaeadb08ae4a9510d374ee251ddbf3ae77f73efaddad	false
pbr/stone/rock/Rock060_1K-JPG_Displacement.jpg	pbr/stone/rock	Rock060	Displacement	JPEG	1024	1024	L	294271	e30ed618ddba9d08107a9984b4a545a0063945021ffc8960895864a2f4924046	false
pbr/stone/rock/Rock060_1K-JPG_NormalDX.jpg	pbr/stone/rock	Rock060	NormalDX	JPEG	1024	1024	RGB	1918440	57362aca82bba6fd0f8b0a05cb3d49ccc4bc8fccc8e6db094ca9651dba905e8d	false
pbr/stone/rock/Rock060_1K-JPG_NormalGL.jpg	pbr/stone/rock	Rock060	NormalGL	JPEG	1024	1024	RGB	1921754	3dcdf6b058eb7ce9a2c7bcfe955c3e621c5adfacc26dfed06a709395cbd4ff8d	false
pbr/stone/rock/Rock060_1K-JPG_Roughness.jpg	pbr/stone/rock	Rock060	Roughness	JPEG	1024	1024	L	783640	de4fd1bca94806e44b80d4d25988910340e3c73dbee1a2a4ac045cad41f29180	false
pbr/stone/rock/Rock063.png	pbr/stone/rock	Rock063	albedo_preview	PNG	512	512	RGBA	463099	4a169a1d55fddff55fc579fa75ff88cc4339d13d6ea691182aef650081773d01	true
pbr/stone/rock/Rock063_1K-JPG_AmbientOcclusion.jpg	pbr/stone/rock	Rock063	AmbientOcclusion	JPEG	1024	512	L	330201	34bf1b0301c210a8aee65190b8300a9bf39bbc45f9dca50265debd9f92b7cedb	false
pbr/stone/rock/Rock063_1K-JPG_Color.jpg	pbr/stone/rock	Rock063	Color	JPEG	1024	512	RGB	902263	3351e66164b1cffecd190c0611881b01bda692e8e9f94ab39cd885b0690dcf4e	false
pbr/stone/rock/Rock063_1K-JPG_Displacement.jpg	pbr/stone/rock	Rock063	Displacement	JPEG	1024	512	L	117144	332345d4fc672dddb4038fa39e876fdb762214e27bc886b800709acba20ae0d5	false
pbr/stone/rock/Rock063_1K-JPG_NormalDX.jpg	pbr/stone/rock	Rock063	NormalDX	JPEG	1024	512	RGB	844115	5e81b06cf0fbca0f8a65c6c51e089bb55e1857f228e036883f1626631a9f3b2a	false
pbr/stone/rock/Rock063_1K-JPG_NormalGL.jpg	pbr/stone/rock	Rock063	NormalGL	JPEG	1024	512	RGB	842156	f2597b83597d0abff2244b18011097b5efd5a99d02a698539cc6b29d91748984	false
pbr/stone/rock/Rock063_1K-JPG_Roughness.jpg	pbr/stone/rock	Rock063	Roughness	JPEG	1024	512	L	359735	008707c8f89a4d6c23cbd69548531e42c503a82b04398ef01a28162dd530ea0f	false
pbr/stone/ruins/Concrete042C.png	pbr/stone/ruins	Concrete042C	albedo_preview	PNG	512	512	RGBA	391624	bc2db3208cb608ca9047446c9768127458e1fb53a83ceb2e2892161eb1b8c14a	true
pbr/stone/ruins/Concrete042C_1K-JPG_AmbientOcclusion.jpg	pbr/stone/ruins	Concrete042C	AmbientOcclusion	JPEG	1024	1024	L	573710	bf652838eb2871824a6cd287f007203639cb12d0b63ac65abe9f9725c285e2cc	false
pbr/stone/ruins/Concrete042C_1K-JPG_Color.jpg	pbr/stone/ruins	Concrete042C	Color	JPEG	1024	1024	RGB	1049804	56ea4492f7aaf9846b745948fd1b1b3b9047018bec5d1d3d11579ee8b5be12f0	false
pbr/stone/ruins/Concrete042C_1K-JPG_Displacement.jpg	pbr/stone/ruins	Concrete042C	Displacement	JPEG	1024	1024	L	492149	1025ae3b7e2f0c4924e6737df4062fcf646c1b5790bfbd74f7c3431bc884d0fb	false
pbr/stone/ruins/Concrete042C_1K-JPG_Metalness.jpg	pbr/stone/ruins	Concrete042C	Metalness	JPEG	1024	1024	L	44172	0fd15344cd4cc5d01412e02d9cfe84f28e00e1eb3ac04f2ecedb5b1b3192408f	false
pbr/stone/ruins/Concrete042C_1K-JPG_NormalDX.jpg	pbr/stone/ruins	Concrete042C	NormalDX	JPEG	1024	1024	RGB	1788759	88eb053b1aaf4766e4e3cf7d6e3c2a92f7dc8cc6a4e281455ee8ce46b7cbacd2	false
pbr/stone/ruins/Concrete042C_1K-JPG_NormalGL.jpg	pbr/stone/ruins	Concrete042C	NormalGL	JPEG	1024	1024	RGB	1791731	5d3f5e754972ec55594458a6bc18f825f6359ea9a2db10be4317f0570d5a3f4b	false
pbr/stone/ruins/Concrete042C_1K-JPG_Roughness.jpg	pbr/stone/ruins	Concrete042C	Roughness	JPEG	1024	1024	L	693210	0128fb7be9c0f6c3a2a86021941984a5ce8bf22a6d46cb02d6c4ad4f4358f9cc	false
pbr/stone/ruins/Concrete044C.png	pbr/stone/ruins	Concrete044C	albedo_preview	PNG	512	512	RGBA	364186	ff3678ae5771e2f49e2a0b2618779e93ab9e33c934ef6e081309514d7abc5778	true
pbr/stone/ruins/Concrete044C_1K-JPG_AmbientOcclusion.jpg	pbr/stone/ruins	Concrete044C	AmbientOcclusion	JPEG	1024	1024	L	544988	24fa2b93946b782dbcc3f4de4e833192a7081ed8704964ed2a3829405afcf81c	false
pbr/stone/ruins/Concrete044C_1K-JPG_Color.jpg	pbr/stone/ruins	Concrete044C	Color	JPEG	1024	1024	RGB	906542	733c519ce3f806e906b5f5276aff785cdd7f39acae267db3793e8235a86f561e	false
pbr/stone/ruins/Concrete044C_1K-JPG_Displacement.jpg	pbr/stone/ruins	Concrete044C	Displacement	JPEG	1024	1024	L	461751	d1e3c48f699579a8c768d017d85f34dec8c2ad480c4708d5a06b1e92fa695242	false
pbr/stone/ruins/Concrete044C_1K-JPG_Metalness.jpg	pbr/stone/ruins	Concrete044C	Metalness	JPEG	1024	1024	L	5227	b5267bb52e0b0e7968f3e13aa970254f6ee4162f9d262c66b6a3e2ae8d391b0d	false
pbr/stone/ruins/Concrete044C_1K-JPG_NormalDX.jpg	pbr/stone/ruins	Concrete044C	NormalDX	JPEG	1024	1024	RGB	1710937	acce6361643691208132508ca62d9109743ed0504067bef6978960ffbeaf47d7	false
pbr/stone/ruins/Concrete044C_1K-JPG_NormalGL.jpg	pbr/stone/ruins	Concrete044C	NormalGL	JPEG	1024	1024	RGB	1714726	1e46e836a1379ee25c043fcb4b05d052f369944f04c6916523cf1eca5c9f092b	false
pbr/stone/ruins/Concrete044C_1K-JPG_Roughness.jpg	pbr/stone/ruins	Concrete044C	Roughness	JPEG	1024	1024	L	670001	442832cb99d391affe7dd9076c10efebead2b0c14f8af9943ff0baac2bde78fc	false
pbr/stone/ruins/Concrete044D.png	pbr/stone/ruins	Concrete044D	albedo_preview	PNG	512	512	RGBA	368170	0db044f35974fd4e2923c627bbe24730e7ab5a4a1db2a2a9f390d1168bd6884d	true
pbr/stone/ruins/Concrete044D_1K-JPG_AmbientOcclusion.jpg	pbr/stone/ruins	Concrete044D	AmbientOcclusion	JPEG	1024	1024	L	498810	a21ac57d213e599a4070124896a3d97fba0adf3a9cb5651bf73dcb01c1ac6e1b	false
pbr/stone/ruins/Concrete044D_1K-JPG_Color.jpg	pbr/stone/ruins	Concrete044D	Color	JPEG	1024	1024	RGB	1036186	afc1e15fb74bb9d8c946e8dc7bc65e938fe678f74af430a1f67fc6966a87f90e	false
pbr/stone/ruins/Concrete044D_1K-JPG_Displacement.jpg	pbr/stone/ruins	Concrete044D	Displacement	JPEG	1024	1024	L	470196	915a0a02c11b6281a96b294739eb9a166a742b4dbcb42e2af76b27df536691a5	false
pbr/stone/ruins/Concrete044D_1K-JPG_Metalness.jpg	pbr/stone/ruins	Concrete044D	Metalness	JPEG	1024	1024	L	5227	b5267bb52e0b0e7968f3e13aa970254f6ee4162f9d262c66b6a3e2ae8d391b0d	false
pbr/stone/ruins/Concrete044D_1K-JPG_NormalDX.jpg	pbr/stone/ruins	Concrete044D	NormalDX	JPEG	1024	1024	RGB	1678665	b32fa27140516dbd3eb6028c5f61b58e989cebad2a2527bb2fbe50c0afeb3a0a	false
pbr/stone/ruins/Concrete044D_1K-JPG_NormalGL.jpg	pbr/stone/ruins	Concrete044D	NormalGL	JPEG	1024	1024	RGB	1682815	7da61444e2f8b97ef92346c9d0a197297f3853aad947265ef61bb282c61ff957	false
pbr/stone/ruins/Concrete044D_1K-JPG_Roughness.jpg	pbr/stone/ruins	Concrete044D	Roughness	JPEG	1024	1024	L	671553	0c50eae91c5e0395cadd992d06269c1dea85404c3d453ae3c31048b049550d92	false
pbr/stone/ruins/PaintedPlaster018.png	pbr/stone/ruins	PaintedPlaster018	albedo_preview	PNG	512	512	RGBA	426794	05847c577f45b7008314be1ed647167344ab81d538e2bcf6396bd2086e8f2623	true
pbr/stone/ruins/PaintedPlaster018_1K-JPG_AmbientOcclusion.jpg	pbr/stone/ruins	PaintedPlaster018	AmbientOcclusion	JPEG	1024	1024	L	717110	421752599989eb7e8f103b3def02d7a17f9b5d807225b1c17d75506c340df0b6	false
pbr/stone/ruins/PaintedPlaster018_1K-JPG_Color.jpg	pbr/stone/ruins	PaintedPlaster018	Color	JPEG	1024	1024	RGB	1208310	6594245d2435c24959cb911d599b25b6d2176bc690b1aabcad406e51c70b4877	false
pbr/stone/ruins/PaintedPlaster018_1K-JPG_Displacement.jpg	pbr/stone/ruins	PaintedPlaster018	Displacement	JPEG	1024	1024	L	498365	b9ce2875679da2170fef8f876c36e3f6fbef5acc59b05ec090aea08ac939ba8e	false
pbr/stone/ruins/PaintedPlaster018_1K-JPG_NormalDX.jpg	pbr/stone/ruins	PaintedPlaster018	NormalDX	JPEG	1024	1024	RGB	2168064	02f978d2dfd2b85e459944455ae6e30e441b3dca105bafe70e62c40444d67096	false
pbr/stone/ruins/PaintedPlaster018_1K-JPG_NormalGL.jpg	pbr/stone/ruins	PaintedPlaster018	NormalGL	JPEG	1024	1024	RGB	2163618	512b7f9b526ee2a25ed14ade154bff6676148ce4e043c93c77a78c3bf88d710b	false
pbr/stone/ruins/PaintedPlaster018_1K-JPG_Roughness.jpg	pbr/stone/ruins	PaintedPlaster018	Roughness	JPEG	1024	1024	L	551252	9a7e8ea6417154c284d10a1d40da0f7964149aa0b06eec22c1166255e0dac95b	false
pbr/stone/wall/Bricks066.png	pbr/stone/wall	Bricks066	albedo_preview	PNG	512	512	RGBA	298399	5875bdc3bad6c50ba0ab68eca94185bd11b3a1d28670aacb050fe12c6f4f555b	true
pbr/stone/wall/Bricks066_1K-JPG_AmbientOcclusion.jpg	pbr/stone/wall	Bricks066	AmbientOcclusion	JPEG	1024	1024	L	606366	eeadf60c6900d6d150d824ec93b2f722fddb14582aba258631f2525d6a26d7c9	false
pbr/stone/wall/Bricks066_1K-JPG_Color.jpg	pbr/stone/wall	Bricks066	Color	JPEG	1024	1024	RGB	795752	3a5b51dce8b672cbe022537d51c3cabf7af116d8e2e258e5da45b734fe02eca9	false
pbr/stone/wall/Bricks066_1K-JPG_Displacement.jpg	pbr/stone/wall	Bricks066	Displacement	JPEG	1024	1024	L	324130	fcade7ea3695a1c022cb07a81d809fcea39d09e80d8c16a3d2874c9d9dd3bbe4	false
pbr/stone/wall/Bricks066_1K-JPG_NormalDX.jpg	pbr/stone/wall	Bricks066	NormalDX	JPEG	1024	1024	RGB	1846902	8058adb92d0648e0c091636e7a13837b6ed2a230dd31545e55db23097ea0e2a6	false
pbr/stone/wall/Bricks066_1K-JPG_NormalGL.jpg	pbr/stone/wall	Bricks066	NormalGL	JPEG	1024	1024	RGB	1846446	2c6fede28d4f5a5fd6228b3114ad6363da766e154389e442573bed9e860c0e54	false
pbr/stone/wall/Bricks066_1K-JPG_Roughness.jpg	pbr/stone/wall	Bricks066	Roughness	JPEG	1024	1024	L	391789	aba34eacf347961cb3a606f80a52260c5b978b27451df8df6d99a57f6787be50	false
pbr/stone/wall/Bricks085.png	pbr/stone/wall	Bricks085	albedo_preview	PNG	512	512	RGBA	414382	696a8dedb7bb95e1ea208ac68e1f564e5282bb2f2dc915323c6def3ad76485bd	true
pbr/stone/wall/Bricks085_1K-JPG_AmbientOcclusion.jpg	pbr/stone/wall	Bricks085	AmbientOcclusion	JPEG	1024	512	L	327508	d72baeb50edc363eaefc7972334a0a5a8fb01dc1032544f260297c299e58a676	false
pbr/stone/wall/Bricks085_1K-JPG_Color.jpg	pbr/stone/wall	Bricks085	Color	JPEG	1024	512	RGB	779839	d0c822cdb5c001e66d087eeced710c652391f69ecada3c19dc9e236c15095a46	false
pbr/stone/wall/Bricks085_1K-JPG_Displacement.jpg	pbr/stone/wall	Bricks085	Displacement	JPEG	1024	512	L	201802	00c752cdc42e9035d551bc701501899848db8c14d70eb01af1e1aa3b2bd9d331	false
pbr/stone/wall/Bricks085_1K-JPG_NormalDX.jpg	pbr/stone/wall	Bricks085	NormalDX	JPEG	1024	512	RGB	859777	113c14cb7e9320cf181f9c0c18dcb33f2c5db016796f7e76df7dba5291e8e5ad	false
pbr/stone/wall/Bricks085_1K-JPG_NormalGL.jpg	pbr/stone/wall	Bricks085	NormalGL	JPEG	1024	512	RGB	862377	96a09057e96518eea5212b090fab7f983278f5bb429fae8fed4dc066d291995e	false
pbr/stone/wall/Bricks085_1K-JPG_Roughness.jpg	pbr/stone/wall	Bricks085	Roughness	JPEG	1024	512	L	271991	987c5c169d5880db2820fb649aa6e9d88697cf544fb138c730cb1617845840b6	false
pbr/stone/wall/Bricks094.png	pbr/stone/wall	Bricks094	albedo_preview	PNG	512	512	RGBA	450561	964f022a77fcaf6c8bbd2c7696d4727771dff5c48d9fca049d2a2ca140339c71	true
pbr/stone/wall/Bricks094_1K-JPG_AmbientOcclusion.jpg	pbr/stone/wall	Bricks094	AmbientOcclusion	JPEG	1024	512	L	377852	bbb0160473c67bd4a1972d0f46bd6b4dba70c86d98462e669918050057bd5f55	false
pbr/stone/wall/Bricks094_1K-JPG_Color.jpg	pbr/stone/wall	Bricks094	Color	JPEG	1024	512	RGB	739308	b5f7845f993bd991617497f8870f419afb861788f5b4a1e1413379ab28dff90e	false
pbr/stone/wall/Bricks094_1K-JPG_Displacement.jpg	pbr/stone/wall	Bricks094	Displacement	JPEG	1024	512	L	228922	68c50cd574c8cc5fa51896be92e06bfd0d9939469a9b812c78d51b759752b0b6	false
pbr/stone/wall/Bricks094_1K-JPG_NormalDX.jpg	pbr/stone/wall	Bricks094	NormalDX	JPEG	1024	512	RGB	927855	a3f3e3ecd283f46e9296e99c06d63ba58432034f86610f13080be23753f5dc51	false
pbr/stone/wall/Bricks094_1K-JPG_NormalGL.jpg	pbr/stone/wall	Bricks094	NormalGL	JPEG	1024	512	RGB	927789	d6f5f9d999ad53d5be1ee500f573e17f723cb228f2d923298787364ea712615f	false
pbr/stone/wall/Bricks094_1K-JPG_Roughness.jpg	pbr/stone/wall	Bricks094	Roughness	JPEG	1024	512	L	377008	2bb8a8857a6667b54e0afaea961f1f7fc081c876bced161296408e0795e0f746	false
pbr/stone/wall/Bricks097.png	pbr/stone/wall	Bricks097	albedo_preview	PNG	512	512	RGBA	462888	b831208d9df60e7e0d85f43f88a13978fef19fd028d1da06304c14628c37223d	true
pbr/stone/wall/Bricks097_1K-JPG_AmbientOcclusion.jpg	pbr/stone/wall	Bricks097	AmbientOcclusion	JPEG	1024	512	L	355118	80e610cfe7149e3759b3c49c93566cbcd07da89fb5de332a4d64b0a1d29acd28	false
pbr/stone/wall/Bricks097_1K-JPG_Color.jpg	pbr/stone/wall	Bricks097	Color	JPEG	1024	512	RGB	831880	218f7343091f1c0d9044fd642247d23dd322087271df1b45c8f51fdff91042dd	false
pbr/stone/wall/Bricks097_1K-JPG_Displacement.jpg	pbr/stone/wall	Bricks097	Displacement	JPEG	1024	512	L	199314	01118cacc0b4d8d10b0c9af494d294041e1e3403bf0bc05b8182a91e93c203f7	false
pbr/stone/wall/Bricks097_1K-JPG_NormalDX.jpg	pbr/stone/wall	Bricks097	NormalDX	JPEG	1024	512	RGB	909490	18fce615c116cf0292a2cdf93d89352d341ffc99b2df6982c4e4ac6a55ef49bf	false
pbr/stone/wall/Bricks097_1K-JPG_NormalGL.jpg	pbr/stone/wall	Bricks097	NormalGL	JPEG	1024	512	RGB	907097	3c13ff7b8018983e0d1529fa330b2d4494f92da299b72db19dbc76282f3f23e7	false
pbr/stone/wall/Bricks097_1K-JPG_Roughness.jpg	pbr/stone/wall	Bricks097	Roughness	JPEG	1024	512	L	386766	a629784339b79cff67079a34f313ec5de18b8b6eb478455ac9b8df09c615b37d	false
pbr/stone/wall/Rock051.png	pbr/stone/wall	Rock051	albedo_preview	PNG	512	512	RGBA	462708	0993722d9ed124320bc94f58432769552a79be732859d7abfca1b5a8c0471e3d	true
pbr/stone/wall/Rock051_1K-JPG_AmbientOcclusion.jpg	pbr/stone/wall	Rock051	AmbientOcclusion	JPEG	1024	1024	L	671597	0e87e0d98f4189c64ba8713b753fefb090042dc82caaabbdda1e18b677202d58	false
pbr/stone/wall/Rock051_1K-JPG_Color.jpg	pbr/stone/wall	Rock051	Color	JPEG	1024	1024	RGB	1584524	92bdd9212a6d5c6dcc7a143130e51f8b2eceeb1410825714e1565b1bc1102445	false
pbr/stone/wall/Rock051_1K-JPG_Displacement.jpg	pbr/stone/wall	Rock051	Displacement	JPEG	1024	1024	L	360085	16d86a2165a5cc8d181da07222fabf90c8054b41c1fd1c740ea2a7e06a273dd7	false
pbr/stone/wall/Rock051_1K-JPG_Metalness.jpg	pbr/stone/wall	Rock051	Metalness	JPEG	1024	1024	L	5227	b5267bb52e0b0e7968f3e13aa970254f6ee4162f9d262c66b6a3e2ae8d391b0d	false
pbr/stone/wall/Rock051_1K-JPG_NormalDX.jpg	pbr/stone/wall	Rock051	NormalDX	JPEG	1024	1024	RGB	2099972	44379f52074638f68a51439f321c53ede9ad69d3e9995a1de80e3b034f608191	false
pbr/stone/wall/Rock051_1K-JPG_NormalGL.jpg	pbr/stone/wall	Rock051	NormalGL	JPEG	1024	1024	RGB	2102099	b1b205a519b6fd139a8bcc8e78bbe55ea5c7cf4e5151924b270372b827a653fb	false
pbr/stone/wall/Rock051_1K-JPG_Roughness.jpg	pbr/stone/wall	Rock051	Roughness	JPEG	1024	1024	L	577866	6b1c6ea866c845836b1eaccf9c6a36111043ecc085c9de648a17854fb7b57d32	false
pbr/water/wet/Asphalt025C.png	pbr/water/wet	Asphalt025C	albedo_preview	PNG	512	512	RGBA	322026	acc5f82c8cac07797cf7d0b83f9fe4f715771aaca515c15689182be27a8b8c54	true
pbr/water/wet/Asphalt025C_1K-JPG_AmbientOcclusion.jpg	pbr/water/wet	Asphalt025C	AmbientOcclusion	JPEG	1024	1024	L	631015	da9aca76687ef664f97fb346a12f8b687877e8b479f3c9f33ca989d256f7e7e8	false
pbr/water/wet/Asphalt025C_1K-JPG_Color.jpg	pbr/water/wet	Asphalt025C	Color	JPEG	1024	1024	RGB	1064676	4bd3098142bfc267a30e4075bd7444585c7ef9c4783e6ba42bfc281c27f17dd0	false
pbr/water/wet/Asphalt025C_1K-JPG_Displacement.jpg	pbr/water/wet	Asphalt025C	Displacement	JPEG	1024	1024	L	655985	16fcda0f854dbcff69c41093aa3a284b00eb2828603f2cc1c12883f27d73ab07	false
pbr/water/wet/Asphalt025C_1K-JPG_NormalDX.jpg	pbr/water/wet	Asphalt025C	NormalDX	JPEG	1024	1024	RGB	2018874	0955a83fbb74d9780782e259c751e68269ce56fe682b7a182f6a9bd47dd65e50	false
pbr/water/wet/Asphalt025C_1K-JPG_NormalGL.jpg	pbr/water/wet	Asphalt025C	NormalGL	JPEG	1024	1024	RGB	2019616	5020ad70524e1eafb2fb0de89c07e86790ff79df6270f155a593ee4668dda6bf	false
pbr/water/wet/Asphalt025C_1K-JPG_Roughness.jpg	pbr/water/wet	Asphalt025C	Roughness	JPEG	1024	1024	L	594876	85d6ecad03eca9e592a7fc417acaf75ed3e3c76ba74d72976cc84e6b4c9d263a	false
pbr/water/wet/Ground050.png	pbr/water/wet	Ground050	albedo_preview	PNG	512	512	RGBA	377197	d6c72ceb728793a7d3e827440d38d62a76ce15a3e9c7a360ddf4c1e0680dc2e3	true
pbr/water/wet/Ground050_1K-JPG_AmbientOcclusion.jpg	pbr/water/wet	Ground050	AmbientOcclusion	JPEG	1024	1024	L	524338	c015b9f4469aa29777ccef2ca228eddcd978952f1ff4a82f2196f33ac9f11564	false
pbr/water/wet/Ground050_1K-JPG_Color.jpg	pbr/water/wet	Ground050	Color	JPEG	1024	1024	RGB	967712	dd60c209f61ac3cd3a028a63452474531bcb979f98128587e0e0e9c9ede5ebd1	false
pbr/water/wet/Ground050_1K-JPG_Displacement.jpg	pbr/water/wet	Ground050	Displacement	JPEG	1024	1024	L	338606	5f5d00e1f8c8cd5fa47c86805e7b4c9e6731bce39262c01430b5669dd2dc4d5d	false
pbr/water/wet/Ground050_1K-JPG_NormalDX.jpg	pbr/water/wet	Ground050	NormalDX	JPEG	1024	1024	RGB	1992818	c5fe4a990e170dd8e882a11cb58c87fa3567a2f6c75a6fa6e6a9a3aef584fb17	false
pbr/water/wet/Ground050_1K-JPG_NormalGL.jpg	pbr/water/wet	Ground050	NormalGL	JPEG	1024	1024	RGB	1993936	f8bbcec5c1cc8e78999b37a294c99e40f936a60d5babc780c80e92d5daee185c	false
pbr/water/wet/Ground050_1K-JPG_Roughness.jpg	pbr/water/wet	Ground050	Roughness	JPEG	1024	1024	L	470327	de6396ae1d1adb972e5c3834af0210a3bf0b7a2b2586ff0917779fd3a0a92b28	false
pbr/wood/bark/Bark012.png	pbr/wood/bark	Bark012	albedo_preview	PNG	512	512	RGBA	528450	077b334a1132510550231ba7c3d1a63184694d4f426d0464833127d8ac1c9c6d	true
pbr/wood/bark/Bark012_1K-JPG_AmbientOcclusion.jpg	pbr/wood/bark	Bark012	AmbientOcclusion	JPEG	1024	1024	L	758060	4f695890ad517325cc00659e6e66fa9388ee6470d525b78476c643d6c4c1e3b7	false
pbr/wood/bark/Bark012_1K-JPG_Color.jpg	pbr/wood/bark	Bark012	Color	JPEG	1024	1024	RGB	1711274	772d7a35b1d93bce6de7ad8adeabfb6cc126ba52d07b7c9103ed9a7e65dac577	false
pbr/wood/bark/Bark012_1K-JPG_Displacement.jpg	pbr/wood/bark	Bark012	Displacement	JPEG	1024	1024	L	598905	ba9f34d58b68e6fd5a0800ee497d3893e87d014b3afc6f4f644ec02b0f241dda	false
pbr/wood/bark/Bark012_1K-JPG_NormalDX.jpg	pbr/wood/bark	Bark012	NormalDX	JPEG	1024	1024	RGB	2450338	c6d2bbcadb69573175cf51b8a8813b03ee5e1a4321c1740f3827de9efb8c2762	false
pbr/wood/bark/Bark012_1K-JPG_NormalGL.jpg	pbr/wood/bark	Bark012	NormalGL	JPEG	1024	1024	RGB	2443285	516a7c92605277d05c7fcdc8fb468572ccdba10a661da1212a10c57977d449b6	false
pbr/wood/bark/Bark012_1K-JPG_Roughness.jpg	pbr/wood/bark	Bark012	Roughness	JPEG	1024	1024	L	728470	65bba089b8b7589e0dd6107fe418faaaa2ededcd610de4f9c9897bde763356a9	false
pbr/wood/bark/Bark014.png	pbr/wood/bark	Bark014	albedo_preview	PNG	512	512	RGBA	471925	28af7adcc755170523513d15c2ad6496d2ae7b191f3e692af700aa22db5194e5	true
pbr/wood/bark/Bark014_1K-JPG_AmbientOcclusion.jpg	pbr/wood/bark	Bark014	AmbientOcclusion	JPEG	1024	1024	L	753753	92ece37c217aa0609a02327a860520bfd3145cabe82bef1cf9fad601d3b86f15	false
pbr/wood/bark/Bark014_1K-JPG_Color.jpg	pbr/wood/bark	Bark014	Color	JPEG	1024	1024	RGB	1673314	da297aff93460d294a6a7b2976fbf1029de27127a66ba56a3cf0ef21ac77c493	false
pbr/wood/bark/Bark014_1K-JPG_Displacement.jpg	pbr/wood/bark	Bark014	Displacement	JPEG	1024	1024	L	394989	0157cc50fd51efd0ce1d91a61c9e3da4f2ead0df026b04eefde7e79785968a69	false
pbr/wood/bark/Bark014_1K-JPG_NormalDX.jpg	pbr/wood/bark	Bark014	NormalDX	JPEG	1024	1024	RGB	1747079	5f8cdd6e3f30b4c4a6e287330b3875a9dbed11767c2f590c916053a9c5723d48	false
pbr/wood/bark/Bark014_1K-JPG_NormalGL.jpg	pbr/wood/bark	Bark014	NormalGL	JPEG	1024	1024	RGB	1739655	04c449835e79c8829190ea07af41efec46655e347da4048c49b3b0f0d8538a2e	false
pbr/wood/bark/Bark014_1K-JPG_Roughness.jpg	pbr/wood/bark	Bark014	Roughness	JPEG	1024	1024	L	802004	a7e174d0e65de45a397fecf23d0a62a228bf3589fcf79eb0428b231db5e26a05	false
pbr/wood/bark/Bark015.png	pbr/wood/bark	Bark015	albedo_preview	PNG	512	512	RGBA	526060	6b66e2d9c64de91da5a7254ae64d385ba5fbadc56a0d0e029f60b54db24708b8	true
pbr/wood/bark/Bark015_1K-JPG_AmbientOcclusion.jpg	pbr/wood/bark	Bark015	AmbientOcclusion	JPEG	1024	1024	L	831667	f1f76bec73110050d943f42f4f51b636590239fce90aba0d3d81526c16672e78	false
pbr/wood/bark/Bark015_1K-JPG_Color.jpg	pbr/wood/bark	Bark015	Color	JPEG	1024	1024	RGB	1772314	53017d41e31312612a0f21e5573995a501ac151464b50725a499b947c4b28f94	false
pbr/wood/bark/Bark015_1K-JPG_Displacement.jpg	pbr/wood/bark	Bark015	Displacement	JPEG	1024	1024	L	438076	d23c3178caae573e56c3d409c7571ee0865ed03e2d3372ea1861a21bd24447ae	false
pbr/wood/bark/Bark015_1K-JPG_NormalDX.jpg	pbr/wood/bark	Bark015	NormalDX	JPEG	1024	1024	RGB	2176851	c43be48cadd4f5e10275165190785183b5cc283e9bdc28f1404fb9bb333c1e02	false
pbr/wood/bark/Bark015_1K-JPG_NormalGL.jpg	pbr/wood/bark	Bark015	NormalGL	JPEG	1024	1024	RGB	2174017	0e31a6df287933022ec6e0ee83d19acf9a8de0192a7531d258a9853f1db05db3	false
pbr/wood/bark/Bark015_1K-JPG_Roughness.jpg	pbr/wood/bark	Bark015	Roughness	JPEG	1024	1024	L	692388	6b88ce1481f3d2c509de938cddb5626930a6b16f2ee82de788c0eae1a2d5ab34	false
pbr/wood/log/Wood092.png	pbr/wood/log	Wood092	albedo_preview	PNG	512	512	RGBA	246035	28d0b65cddfc1a01e714dfb0ef31ab3207245fc019c696b13000734ef8a6e986	true
pbr/wood/log/Wood092_1K-JPG_Color.jpg	pbr/wood/log	Wood092	Color	JPEG	1024	1024	RGB	877470	ce1a9a76fb043038eef3d6cf21d93595db3751a0d037dfbc6811eb76add4722a	false
pbr/wood/log/Wood092_1K-JPG_Displacement.jpg	pbr/wood/log	Wood092	Displacement	JPEG	1024	1024	L	522778	f441e2e41ec6632fe9de6167fda24484634c4718004325fa90a8b874afa9af8e	false
pbr/wood/log/Wood092_1K-JPG_NormalDX.jpg	pbr/wood/log	Wood092	NormalDX	JPEG	1024	1024	RGB	988784	d57f9fc625b90177ededd1997af715d8cc70b8b39d405032476b8752d2679573	false
pbr/wood/log/Wood092_1K-JPG_NormalGL.jpg	pbr/wood/log	Wood092	NormalGL	JPEG	1024	1024	RGB	989523	cb51394b5cd732ac6fdb40e82069e9db61cf46b43c88690bd7f55c2055acfa45	false
pbr/wood/log/Wood092_1K-JPG_Roughness.jpg	pbr/wood/log	Wood092	Roughness	JPEG	1024	1024	L	433083	e8162cfbf0425ca2075a09fc9b7d3298818ba53d433262f47298800636727db6	false
pbr/wood/log/Wood094.png	pbr/wood/log	Wood094	albedo_preview	PNG	512	512	RGBA	261996	cd738b5c6a5e3d8a09a7d4ad327002dd70187cdb84f72e660252a08201931994	true
pbr/wood/log/Wood094_1K-JPG_Color.jpg	pbr/wood/log	Wood094	Color	JPEG	1024	1024	RGB	967576	25f87429708bd1137561790253c679dcc71f447f4667064c9875d1d959a910b3	false
pbr/wood/log/Wood094_1K-JPG_Displacement.jpg	pbr/wood/log	Wood094	Displacement	JPEG	1024	1024	L	593569	8e4e1066e08c4af7184df5ff1667e9bdd90be73cf63d3cdc97b280601ebe40f7	false
pbr/wood/log/Wood094_1K-JPG_NormalDX.jpg	pbr/wood/log	Wood094	NormalDX	JPEG	1024	1024	RGB	485121	a7266b08b1992f1ebf6e42d02365047c29182beb689db459f8d771763713a2f8	false
pbr/wood/log/Wood094_1K-JPG_NormalGL.jpg	pbr/wood/log	Wood094	NormalGL	JPEG	1024	1024	RGB	486237	126d0bca8eb3dd1541b1a93c642ec696e676fc1e9e4f93f22e594db1c1e24440	false
pbr/wood/log/Wood094_1K-JPG_Roughness.jpg	pbr/wood/log	Wood094	Roughness	JPEG	1024	1024	L	265487	457264bb65ab75683511c59c6df503066af990d356a92af3f823493f84c2a650	false
pbr/wood/log/Wood095.png	pbr/wood/log	Wood095	albedo_preview	PNG	512	512	RGBA	296585	cdd0876f42336ed9d72d9729a81dc85022af7aeb01eb7fb0c10e3d6c8770dfb3	true
pbr/wood/log/Wood095_1K-JPG_Color.jpg	pbr/wood/log	Wood095	Color	JPEG	1024	512	RGB	524178	d33072e12e0d5b4002b691689b599ee1eb8ea5fb70eb45b4c96cc4074102197b	false
pbr/wood/log/Wood095_1K-JPG_Displacement.jpg	pbr/wood/log	Wood095	Displacement	JPEG	1024	512	L	307251	993b7b306fe1a8ced711bcb3a5e9c01be8af319c09095578be2a451e4324752a	false
pbr/wood/log/Wood095_1K-JPG_NormalDX.jpg	pbr/wood/log	Wood095	NormalDX	JPEG	1024	512	RGB	696259	87c165382307023854ee6d536f63ea44c8aa74e0ab041b1b0a9096529ea1eec4	false
pbr/wood/log/Wood095_1K-JPG_NormalGL.jpg	pbr/wood/log	Wood095	NormalGL	JPEG	1024	512	RGB	695658	fe72137359eda7dd5d69c12e70e694133984269e4153df7b30875b7ccc7014ac	false
pbr/wood/log/Wood095_1K-JPG_Roughness.jpg	pbr/wood/log	Wood095	Roughness	JPEG	1024	512	L	253368	db64c73221bad05058b0c0ac20d98d80dfcb4038a73acadf97960eefe1f202b7	false
pbr/wood/old/Bamboo001C.png	pbr/wood/old	Bamboo001C	albedo_preview	PNG	512	512	RGBA	302792	4e450e2af19b3a2d07040cdcff579e0e23d74522d02bc953760dbe7d59293e8c	true
pbr/wood/old/Bamboo001C_1K-JPG_AmbientOcclusion.jpg	pbr/wood/old	Bamboo001C	AmbientOcclusion	JPEG	1024	1024	L	277323	2a68ac12ab9359274d8b9799032057340e2c28b2726b1ce897f875b3c2b6ef68	false
pbr/wood/old/Bamboo001C_1K-JPG_Color.jpg	pbr/wood/old	Bamboo001C	Color	JPEG	1024	1024	RGB	895686	1d42cc60468758cfe203f89084e95dbfc03448c4f3c768b8f78e742dbd9a693c	false
pbr/wood/old/Bamboo001C_1K-JPG_Displacement.jpg	pbr/wood/old	Bamboo001C	Displacement	JPEG	1024	1024	L	256519	6a62e454464c9934d5f4fe1ddf8ed0f60a1b1d3e99948b7ab8c413312ae737ab	false
pbr/wood/old/Bamboo001C_1K-JPG_NormalDX.jpg	pbr/wood/old	Bamboo001C	NormalDX	JPEG	1024	1024	RGB	1020216	80aab8008e4572d08ac6d168b5edd2bbdecc55fa56c5624f20f1ec3b32256594	false
pbr/wood/old/Bamboo001C_1K-JPG_NormalGL.jpg	pbr/wood/old	Bamboo001C	NormalGL	JPEG	1024	1024	RGB	1020960	e6690ddff65ad54004c662b14670854329e9f1a27d7970a94e71a36b911059a7	false
pbr/wood/old/Bamboo001C_1K-JPG_Opacity.jpg	pbr/wood/old	Bamboo001C	Opacity	JPEG	1024	1024	L	116061	3e2f36b9781392dafbec5984c333cee44e4d2a2e3178b3e023511da96c8b6893	false
pbr/wood/old/Bamboo001C_1K-JPG_Roughness.jpg	pbr/wood/old	Bamboo001C	Roughness	JPEG	1024	1024	L	477489	1dfa8710384d03d2b1243c19ea310ecd09dbb149bfa067d24919b55468c09dce	false
pbr/wood/old/PaintedWood009C.png	pbr/wood/old	PaintedWood009C	albedo_preview	PNG	512	512	RGBA	313337	99a4a564941e14f00d2844e1c73cb1b97ca2f0486b5291b8cda6652088de2358	true
pbr/wood/old/PaintedWood009C_1K-JPG_AmbientOcclusion.jpg	pbr/wood/old	PaintedWood009C	AmbientOcclusion	JPEG	1024	1024	L	589503	d6fd261581a7873047864af8fee6c1755e8dfe55f570bb6dfe06ddd18e28a730	false
pbr/wood/old/PaintedWood009C_1K-JPG_Color.jpg	pbr/wood/old	PaintedWood009C	Color	JPEG	1024	1024	RGB	1253297	2e7cfdfce8691369c5e2997433bc60c01040283c92584202daaf7619df360ed4	false
pbr/wood/old/PaintedWood009C_1K-JPG_Displacement.jpg	pbr/wood/old	PaintedWood009C	Displacement	JPEG	1024	1024	L	351621	cfc0380db0c23b8065d2a29ae45010c790b5108812641d52aa146b4ee804fa37	false
pbr/wood/old/PaintedWood009C_1K-JPG_NormalDX.jpg	pbr/wood/old	PaintedWood009C	NormalDX	JPEG	1024	1024	RGB	1745595	b8af0cae6483d3b16f0b03d1eb2226ea9fc86e2ac39dffcf2a0673d229829522	false
pbr/wood/old/PaintedWood009C_1K-JPG_NormalGL.jpg	pbr/wood/old	PaintedWood009C	NormalGL	JPEG	1024	1024	RGB	1745558	6df31a8b25275e27630c2596844e118bd3d199f8c9aa7f1eb054be0d6d062b64	false
pbr/wood/old/PaintedWood009C_1K-JPG_Roughness.jpg	pbr/wood/old	PaintedWood009C	Roughness	JPEG	1024	1024	L	534305	51382221fec534381abf41a437e70574b663d842f261c2c3613c7dcaa00c0a57	false
pbr/wood/old/WoodSiding011.png	pbr/wood/old	WoodSiding011	albedo_preview	PNG	512	512	RGBA	367927	a861c045616ea4e0ad2d61ad13ae0945f626745a66264d271896ef316bcef903	true
pbr/wood/old/WoodSiding011_1K-JPG_Color.jpg	pbr/wood/old	WoodSiding011	Color	JPEG	1024	1024	RGB	1126899	a6a62b84acd1604df9ce823fcf96481584a82060c0953c7842f8edd44d0f53dc	false
pbr/wood/old/WoodSiding011_1K-JPG_Displacement.jpg	pbr/wood/old	WoodSiding011	Displacement	JPEG	1024	1024	L	399680	62878ec04422933b1f449ae60b5be01076d99d5a39a40e61ce0c4224b43e0627	false
pbr/wood/old/WoodSiding011_1K-JPG_NormalDX.jpg	pbr/wood/old	WoodSiding011	NormalDX	JPEG	1024	1024	RGB	1719917	cfa1ce1ef4f29d32ef893f846523d25aa1358ff7bb165a1282931c28375e9abd	false
pbr/wood/old/WoodSiding011_1K-JPG_NormalGL.jpg	pbr/wood/old	WoodSiding011	NormalGL	JPEG	1024	1024	RGB	1719820	3648e6b74fe90378428019850c62cfff974d50ea9c224f240b31d84fa319e7a7	false
pbr/wood/old/WoodSiding012.png	pbr/wood/old	WoodSiding012	albedo_preview	PNG	512	512	RGBA	337339	c7d9e4acf93cf2125305fa6908d2286e7c661dd67212d776b0c16680c7fda053	true
pbr/wood/old/WoodSiding012_1K-JPG_AmbientOcclusion.jpg	pbr/wood/old	WoodSiding012	AmbientOcclusion	JPEG	1024	1024	L	819370	8e46e6b63b090a16783eaaa68e1e851404af78f6964c751c11348c20ce111371	false
pbr/wood/old/WoodSiding012_1K-JPG_Color.jpg	pbr/wood/old	WoodSiding012	Color	JPEG	1024	1024	RGB	1025090	f4cca355e1caa581e14e491a06c6c82fad9e74d0dd6fa253afb5a497dbb20765	false
pbr/wood/old/WoodSiding012_1K-JPG_Displacement.jpg	pbr/wood/old	WoodSiding012	Displacement	JPEG	1024	1024	L	472709	f3bcc0619232816860c3f7829d4c0f9f2ad743b5f208994a8dd9b08938b207bc	false
pbr/wood/old/WoodSiding012_1K-JPG_NormalDX.jpg	pbr/wood/old	WoodSiding012	NormalDX	JPEG	1024	1024	RGB	1943834	9745a879ade219dc6355770bc24726c701ac002529f781acd5329ae7d6643a6a	false
pbr/wood/old/WoodSiding012_1K-JPG_NormalGL.jpg	pbr/wood/old	WoodSiding012	NormalGL	JPEG	1024	1024	RGB	1943136	faa721ca8f3ef787e069a270e4682760a4d760905d228edf90d2e5d58650f875	false
pbr/wood/old/WoodSiding012_1K-JPG_Roughness.jpg	pbr/wood/old	WoodSiding012	Roughness	JPEG	1024	1024	L	603546	237fc5c8fd450257d5d456943ca0a393723b66c2c5e69e32619b5a1ccc1fca87	false
pbr/wood/old/WoodSiding013.png	pbr/wood/old	WoodSiding013	albedo_preview	PNG	512	512	RGBA	321199	6d9ad4b28bd55d367afae9c69c61e6ca639c77ca64b3420fc93a60a429dacb49	true
pbr/wood/old/WoodSiding013_1K-JPG_AmbientOcclusion.jpg	pbr/wood/old	WoodSiding013	AmbientOcclusion	JPEG	1024	1024	L	731452	c132a2a06a918d664056cec2e0f23b8f74d03a65cce439e09865ce9f7de4c53b	false
pbr/wood/old/WoodSiding013_1K-JPG_Color.jpg	pbr/wood/old	WoodSiding013	Color	JPEG	1024	1024	RGB	1076071	1d02899d68bdf1aa7b73580a8ec0cf666da3c5d85d74314223ee83ae1c2c35cb	false
pbr/wood/old/WoodSiding013_1K-JPG_Displacement.jpg	pbr/wood/old	WoodSiding013	Displacement	JPEG	1024	1024	L	328864	4184bd55f20cbf5ab1d461507377f776d5ad2c48a3f3dcf47ee1d3c9aa1c5b8f	false
pbr/wood/old/WoodSiding013_1K-JPG_NormalDX.jpg	pbr/wood/old	WoodSiding013	NormalDX	JPEG	1024	1024	RGB	1427647	b5d2847a30c6a586202748fcf4deadad2fb184e0d657cf3a8f41384724248c7c	false
pbr/wood/old/WoodSiding013_1K-JPG_NormalGL.jpg	pbr/wood/old	WoodSiding013	NormalGL	JPEG	1024	1024	RGB	1419892	4a69a76e6d7c66d5a82eceb9a597824415d424f6a90a3d45445057650824b161	false
pbr/wood/old/WoodSiding013_1K-JPG_Roughness.jpg	pbr/wood/old	WoodSiding013	Roughness	JPEG	1024	1024	L	626255	2b9ef2bb3a151df137a317736174be3909989ce309f3c660bce6c1a88ea80181	false
pbr/wood/planks/Planks037A.png	pbr/wood/planks	Planks037A	albedo_preview	PNG	512	512	RGBA	318524	c2b95a15bd152579c4d0877f433e56c288a9bfcafaf421dde2d22f820401ff98	true
pbr/wood/planks/Planks037A_1K-JPG_AmbientOcclusion.jpg	pbr/wood/planks	Planks037A	AmbientOcclusion	JPEG	1024	1024	L	279759	76cfcee8f80cc834af9ca7da7d9da2949e3e7ca2c18123132d9b2e9f598d26a3	false
pbr/wood/planks/Planks037A_1K-JPG_Color.jpg	pbr/wood/planks	Planks037A	Color	JPEG	1024	1024	RGB	1317443	e584e1db148c27a4185b5e2397b1bc708beaab2ee88fc46f938ba65fd56d33bc	false
pbr/wood/planks/Planks037A_1K-JPG_Displacement.jpg	pbr/wood/planks	Planks037A	Displacement	JPEG	1024	1024	L	221848	b58ddcfbd49486732e6831577004a4a054e3ad1abc43cf7c7677b02402c57f51	false
pbr/wood/planks/Planks037A_1K-JPG_Metalness.jpg	pbr/wood/planks	Planks037A	Metalness	JPEG	1024	1024	L	24660	65f6b901ad0a7399d243f6b2cc70e82443cc4c270537092c92cb1b7ff515028f	false
pbr/wood/planks/Planks037A_1K-JPG_NormalDX.jpg	pbr/wood/planks	Planks037A	NormalDX	JPEG	1024	1024	RGB	986668	6fc557a52b471699f251cd202a29a7b5e0202668947186be2934b92f5c121133	false
pbr/wood/planks/Planks037A_1K-JPG_NormalGL.jpg	pbr/wood/planks	Planks037A	NormalGL	JPEG	1024	1024	RGB	986087	eff680947108272c090927344cca34e5e92140ee2274d48bc843e8262731aaa4	false
pbr/wood/planks/Planks037A_1K-JPG_Roughness.jpg	pbr/wood/planks	Planks037A	Roughness	JPEG	1024	1024	L	559789	b90f02676f75f1b82dd00d7568c436095846b9006117aac14be80d2449a50df3	false
pbr/wood/planks/WoodFloor040.png	pbr/wood/planks	WoodFloor040	albedo_preview	PNG	512	512	RGBA	319799	4bfce5ec011c45fbe06a9d02afd80ff1480d2005d77ed4ac56d915f21dc7e74f	true
pbr/wood/planks/WoodFloor040_1K-JPG_AmbientOcclusion.jpg	pbr/wood/planks	WoodFloor040	AmbientOcclusion	JPEG	1024	1024	L	340661	9ddff33f0a7cd2a247a5229aee8f2596ac441a91a9a7986f117674c62708e67a	false
pbr/wood/planks/WoodFloor040_1K-JPG_Color.jpg	pbr/wood/planks	WoodFloor040	Color	JPEG	1024	1024	RGB	892211	2bf98c767ef184c0dbe0666f6a6bfdd22c637cc2816070dcb701d916cc9bcee9	false
pbr/wood/planks/WoodFloor040_1K-JPG_Displacement.jpg	pbr/wood/planks	WoodFloor040	Displacement	JPEG	1024	1024	L	516407	2edc154aba16be8af36642aa4a1cba29f13bd36d99098ed730bd1d19fa532994	false
pbr/wood/planks/WoodFloor040_1K-JPG_NormalDX.jpg	pbr/wood/planks	WoodFloor040	NormalDX	JPEG	1024	1024	RGB	1198151	d424cdf26789c51ab7993ba77383a229ff3b8e3f0d7e04cedcb10cc541cb5855	false
pbr/wood/planks/WoodFloor040_1K-JPG_NormalGL.jpg	pbr/wood/planks	WoodFloor040	NormalGL	JPEG	1024	1024	RGB	1195403	90d3b4ef0328f6cabf16b40eacc4fa7a03764f14a4b474da057d0ce23e6722c2	false
pbr/wood/planks/WoodFloor040_1K-JPG_Roughness.jpg	pbr/wood/planks	WoodFloor040	Roughness	JPEG	1024	1024	L	333438	2a396afced041d372218eaa881ba3157b9105f035826b22cf63cf2b65d82c081	false
pbr/wood/planks/WoodFloor041.png	pbr/wood/planks	WoodFloor041	albedo_preview	PNG	512	512	RGBA	346968	2486c3bb7261fd0f5a5f21d58947d75fc4731047a97e199297cd24634ded1357	true
pbr/wood/planks/WoodFloor041_1K-JPG_AmbientOcclusion.jpg	pbr/wood/planks	WoodFloor041	AmbientOcclusion	JPEG	1024	1024	L	343515	04fc5ef467e4711448f44f1812a74508d25dd814ed8c1defc5c8dd4070f353e3	false
pbr/wood/planks/WoodFloor041_1K-JPG_Color.jpg	pbr/wood/planks	WoodFloor041	Color	JPEG	1024	1024	RGB	1308332	36eab3c16a56ecdd3bae9a5b187434843d05c545ac52af7f0ea4f7ff81096b84	false
pbr/wood/planks/WoodFloor041_1K-JPG_Displacement.jpg	pbr/wood/planks	WoodFloor041	Displacement	JPEG	1024	1024	L	521264	06855375788a5f980d16be3d0146b8f1a051a412430cd11196d349a4298b14f8	false
pbr/wood/planks/WoodFloor041_1K-JPG_NormalDX.jpg	pbr/wood/planks	WoodFloor041	NormalDX	JPEG	1024	1024	RGB	1210867	218b8d82535ec1578c93b6748416f535281ea4c2ecebbf98e9d5a7306f9171db	false
pbr/wood/planks/WoodFloor041_1K-JPG_NormalGL.jpg	pbr/wood/planks	WoodFloor041	NormalGL	JPEG	1024	1024	RGB	1208429	1fc3487f4fa2707b2882ff7cca134014f32f1c72548b6c1e5a9296b97f72836e	false
pbr/wood/planks/WoodFloor041_1K-JPG_Roughness.jpg	pbr/wood/planks	WoodFloor041	Roughness	JPEG	1024	1024	L	338171	1d7b339425e2d75e6ce98a781bee4a298ee8d8fa502c0c0f1c8274553c6bba9b	false
pbr/wood/planks/WoodFloor043.png	pbr/wood/planks	WoodFloor043	albedo_preview	PNG	512	512	RGBA	323259	d85172f824245fe8caaea6c11175bfc68e045d998031f05dca09b2de19de7905	true
pbr/wood/planks/WoodFloor043_1K-JPG_AmbientOcclusion.jpg	pbr/wood/planks	WoodFloor043	AmbientOcclusion	JPEG	1024	512	L	121220	ae88f7df618aa08872de401edeeaa347ad8de55a10794e783a862397420bd260	false
pbr/wood/planks/WoodFloor043_1K-JPG_Color.jpg	pbr/wood/planks	WoodFloor043	Color	JPEG	1024	512	RGB	649557	307c33f1fc5e05f47bfc513a1cca2b6f4f2b179d74d873dd874a24938889cd98	false
pbr/wood/planks/WoodFloor043_1K-JPG_Displacement.jpg	pbr/wood/planks	WoodFloor043	Displacement	JPEG	1024	512	L	176498	d52b061899bab1b6dc2dbd3e6c2c12ec319e882742041b0a637df3284d85a294	false
pbr/wood/planks/WoodFloor043_1K-JPG_Metalness.jpg	pbr/wood/planks	WoodFloor043	Metalness	JPEG	1024	512	L	3639	8064646ac6b695b6f9cefc85c9cd453634680c21f8f5dd03e8726c59864d918a	false
pbr/wood/planks/WoodFloor043_1K-JPG_NormalDX.jpg	pbr/wood/planks	WoodFloor043	NormalDX	JPEG	1024	512	RGB	409656	b1ddead1fe60095d5b913b76889ab80d03085ffba458f636384ab78d8ec953e3	false
pbr/wood/planks/WoodFloor043_1K-JPG_NormalGL.jpg	pbr/wood/planks	WoodFloor043	NormalGL	JPEG	1024	512	RGB	408639	080491d11ebb4d2c7287c597322d438cc65050d4636a0eb59d4c85dac61418db	false
pbr/wood/planks/WoodFloor043_1K-JPG_Roughness.jpg	pbr/wood/planks	WoodFloor043	Roughness	JPEG	1024	512	L	216824	01563f4f0d0a095b92abf101be6ed231d7520980185fae429f73e99b94f82be3	false
pbr/wood/planks/WoodFloor051.png	pbr/wood/planks	WoodFloor051	albedo_preview	PNG	512	512	RGBA	265985	71de4c616cdef3d1ecfd7ee2ab5708c60f92c5da8b7eefca104c2e287e56f726	true
pbr/wood/planks/WoodFloor051_1K-JPG_AmbientOcclusion.jpg	pbr/wood/planks	WoodFloor051	AmbientOcclusion	JPEG	1024	1024	L	131406	cb5ad1e1443a47f4b1bbfc94e8e1c2668cd14e7e925fad6e0c568082978c0bed	false
pbr/wood/planks/WoodFloor051_1K-JPG_Color.jpg	pbr/wood/planks	WoodFloor051	Color	JPEG	1024	1024	RGB	1047153	ffbe4de8765619f278c5f819cd751e003808fa671eb99603abdf82b94ca85e9a	false
pbr/wood/planks/WoodFloor051_1K-JPG_Displacement.jpg	pbr/wood/planks	WoodFloor051	Displacement	JPEG	1024	1024	L	512771	d4f78fb95dec13330d0d3ea6ab6d9b01c01576f090e993b49c41dca535747bde	false
pbr/wood/planks/WoodFloor051_1K-JPG_NormalDX.jpg	pbr/wood/planks	WoodFloor051	NormalDX	JPEG	1024	1024	RGB	789311	7b7e5c50009bae2bb78ce5dff3cf4941932228be76f8e891a2eda7578aafceb0	false
pbr/wood/planks/WoodFloor051_1K-JPG_NormalGL.jpg	pbr/wood/planks	WoodFloor051	NormalGL	JPEG	1024	1024	RGB	784277	5b026049b8a2d84c5b135d0880563dcd555c5cdcac71d0101ee47cedc562022e	false
pbr/wood/planks/WoodFloor051_1K-JPG_Roughness.jpg	pbr/wood/planks	WoodFloor051	Roughness	JPEG	1024	1024	L	455503	967f0339ee6762fc0a40b222ed9801a37c626090f236f51b294878845ed38559	false
pbr/wood/planks/WoodFloor064.png	pbr/wood/planks	WoodFloor064	albedo_preview	PNG	512	512	RGBA	273874	c0a82cbf2c07fc3002519a99c29c76332f13060bc193892b0e1d39e8b399e8dd	true
pbr/wood/planks/WoodFloor064_1K-JPG_Color.jpg	pbr/wood/planks	WoodFloor064	Color	JPEG	1024	1024	RGB	879562	9a1725a0477626d2616011f6d870231e031ee071ce5b774c01b51571fe0639ac	false
pbr/wood/planks/WoodFloor064_1K-JPG_Displacement.jpg	pbr/wood/planks	WoodFloor064	Displacement	JPEG	1024	1024	L	414194	b188c83866b3c8b34e26ceb24ecb833bf8909227487f068839141c15f69c6f97	false
pbr/wood/planks/WoodFloor064_1K-JPG_NormalDX.jpg	pbr/wood/planks	WoodFloor064	NormalDX	JPEG	1024	1024	RGB	467981	1b13292b6aa78cf62e0d3d06880bda90166253b41792acd6fe317b2ec9007c53	false
pbr/wood/planks/WoodFloor064_1K-JPG_NormalGL.jpg	pbr/wood/planks	WoodFloor064	NormalGL	JPEG	1024	1024	RGB	467188	ad8dc6541ae102f3d136a29126053fd322213455ffdabf451baca39a41da56ea	false
pbr/wood/planks/WoodFloor064_1K-JPG_Roughness.jpg	pbr/wood/planks	WoodFloor064	Roughness	JPEG	1024	1024	L	392051	cfe1dc9b2a8f98edfe0d43a33c36bf03fe0d7d71dbcf3a2be8b0229dec3daa4e	false
pbr/wood/planks/WoodFloor070.png	pbr/wood/planks	WoodFloor070	albedo_preview	PNG	512	512	RGBA	288491	7f182a5fea37418cb8384a002817c0041a903d6670b8b2cc15ae9ea9375b2a8c	true
pbr/wood/planks/WoodFloor070_1K-JPG_Color.jpg	pbr/wood/planks	WoodFloor070	Color	JPEG	1024	1024	RGB	1039717	b8cf14696b1b74e818c8f138f01c92198689ee912dd86b4c19dd0d991ab15de0	false
pbr/wood/planks/WoodFloor070_1K-JPG_Displacement.jpg	pbr/wood/planks	WoodFloor070	Displacement	JPEG	1024	1024	L	553729	2347a6bace715da5a5d0395a9740881b397af8070fd698acf2965ea5e8811866	false
pbr/wood/planks/WoodFloor070_1K-JPG_NormalDX.jpg	pbr/wood/planks	WoodFloor070	NormalDX	JPEG	1024	1024	RGB	428749	5236450ee70ebd4a01e8691f6a28632191b382789dd7bf25542a9bd55bc7c2a8	false
pbr/wood/planks/WoodFloor070_1K-JPG_NormalGL.jpg	pbr/wood/planks	WoodFloor070	NormalGL	JPEG	1024	1024	RGB	431039	731b218dc45f66151f799f6dabbb622a5885a5b9c15ef706ca5faf38ca0d9939	false
pbr/wood/planks/WoodFloor070_1K-JPG_Roughness.jpg	pbr/wood/planks	WoodFloor070	Roughness	JPEG	1024	1024	L	497820	b1fb7fbd4eb1d254000b33cdf4d0df77df0bce71dafbea9de7c2597c8f513e20	false
pbr/wood/planks/WoodFloor071.png	pbr/wood/planks	WoodFloor071	albedo_preview	PNG	512	512	RGBA	279433	2f51f497d5b6524b7ce9e4568c088a19da98b1ad982ad335a805789ea3e3adba	true
pbr/wood/planks/WoodFloor071_1K-JPG_Color.jpg	pbr/wood/planks	WoodFloor071	Color	JPEG	1024	1024	RGB	1028940	69894067031dcfbd7078aa9d810d673242af194e599335ede84d1cb621e764a3	false
pbr/wood/planks/WoodFloor071_1K-JPG_Displacement.jpg	pbr/wood/planks	WoodFloor071	Displacement	JPEG	1024	1024	L	554521	bb4e295aa00d8b63e998e91a430a9adc3f575cb9828fc8d4072e8a29a058ec37	false
pbr/wood/planks/WoodFloor071_1K-JPG_NormalDX.jpg	pbr/wood/planks	WoodFloor071	NormalDX	JPEG	1024	1024	RGB	429357	060fa4c332f86a8d0c4a585cd392477e9fc967b4a888464598e029f389942171	false
pbr/wood/planks/WoodFloor071_1K-JPG_NormalGL.jpg	pbr/wood/planks	WoodFloor071	NormalGL	JPEG	1024	1024	RGB	430395	8a7e14d54c7e334df92bdd215bde8937244905533e79c8faecce9223edd6bf33	false
pbr/wood/planks/WoodFloor071_1K-JPG_Roughness.jpg	pbr/wood/planks	WoodFloor071	Roughness	JPEG	1024	1024	L	496675	9e3eeaf6e407b2237ee443c9c5a8d86f0e3297c6dcc43df3d8043f5ea3ff295a	false
zones/thornhaven_cellar.png	zones	thornhaven_cellar	zone_scene	PNG	1024	1024	RGB	1088914	2c8a2874b5939a499d4ee1539c7995ab30c4c13457779b46bd29024763e90e17	false
zones/thornhaven_cellar_ancient.png	zones	thornhaven_cellar_ancient	zone_scene	PNG	1024	1024	RGB	1491422	88602ce3778a1bfcc04cdca9ffbea51dec4190a2592c5c5f2dbf39e8c53325e7	false
zones/thornhaven_cellar_decay.png	zones	thornhaven_cellar_decay	zone_scene	PNG	1024	1024	RGB	1424691	8933155b939d5a0630ff9265d25eca5fc97c417688b86ad12fd7d35ec0b337e9	false
zones/thornhaven_cellar_void.png	zones	thornhaven_cellar_void	zone_scene	PNG	1024	1024	RGB	2052291	45d55181ffc4deb6fc1e4826fd7f1b12bd505db8475d2e83d4a3ae02134d0038	false
zones/thornhaven_courtyard_ancient.png	zones	thornhaven_courtyard_ancient	zone_scene	PNG	1024	1024	RGB	2099802	8457a6ee65ca0fee59434583864bc041af347c0841d232596a1af06508faf31f	false
zones/thornhaven_courtyard_decay.png	zones	thornhaven_courtyard_decay	zone_scene	PNG	1024	1024	RGB	1168597	f6b0708d402247a4486666f9e5bf79a464d637b7bc2b27d9d5dd2f7403816ec0	false
zones/thornhaven_courtyard_golden.png	zones	thornhaven_courtyard_golden	zone_scene	PNG	1024	1024	RGB	1922657	b4869aa7035177f64cf9300215b445fda18b1c7b1c208ba32b0218c2af140535	false
zones/thornhaven_courtyard_void.png	zones	thornhaven_courtyard_void	zone_scene	PNG	1024	1024	RGB	1590275	74b37ff4e4ae747c489387922f7478cbf5496c886b0d7b51da0810e6f497c704	false
zones/thornhaven_gate_ancient.png	zones	thornhaven_gate_ancient	zone_scene	PNG	1024	1024	RGB	1743380	160f127f6666c6a5c9d0b94c0a68e8c42a84ab5293a949a0e19026f3089f29fc	false
zones/thornhaven_gate_decay.png	zones	thornhaven_gate_decay	zone_scene	PNG	1024	1024	RGB	1545936	19aec28a7614e46818411be63f58dd7362fb1d305fe57a3307fd293e54f1b9a0	false
zones/thornhaven_gate_golden.png	zones	thornhaven_gate_golden	zone_scene	PNG	1024	1024	RGB	1712803	c66cbd237748802947e13297e1d451c5a80d50165680ebb6ebab72b3c6b9ef3a	false
zones/thornhaven_gate_void.png	zones	thornhaven_gate_void	zone_scene	PNG	1024	1024	RGB	1935688	327b24a8dc61248cb8b9b79f6f85ccae7beeeca207188be3ec10f5fa8d884321	false
zones/thornhaven_inn_ancient.png	zones	thornhaven_inn_ancient	zone_scene	PNG	1024	1024	RGB	1749833	de645b7cc961fea9f79bffc684904de851a4cd33fb69283c8a2c90a713ac0cd8	false
zones/thornhaven_inn_decay.png	zones	thornhaven_inn_decay	zone_scene	PNG	1024	1024	RGB	1693189	1326d235a4294e978c86b733656dfd34e9ad00b7d0aed1390a39eb6d6adafe67	false
zones/thornhaven_inn_golden.png	zones	thornhaven_inn_golden	zone_scene	PNG	1024	1024	RGB	1911737	e1bca367be8255399adf15a821a03930648eefa55141dd59086153d720ebe4a5	false
zones/thornhaven_inn_void.png	zones	thornhaven_inn_void	zone_scene	PNG	1024	1024	RGB	2149959	1efc69844a9a54baf55139f31f3ff2ce2046785c7e14ba80b91ff1b14092ca66	false
zones/thornhaven_market_ancient.png	zones	thornhaven_market_ancient	zone_scene	PNG	1024	1024	RGB	1708386	7f734e93e21d4b26a4550d3885c417ea9ace40dfdf18f9ecbcd6a59e17a72f34	false
zones/thornhaven_market_decay.png	zones	thornhaven_market_decay	zone_scene	PNG	1024	1024	RGB	1307098	b147fe90f693a546c8397737db3f612e817293eab1b17aa5746aabfd98d14f43	false
zones/thornhaven_market_golden.png	zones	thornhaven_market_golden	zone_scene	PNG	1024	1024	RGB	2184612	c6e3aba187bb728117b4edf9d41ca9ac98ab0aab5e3b24c93c25ddf1c49b75b1	false
zones/thornhaven_market_void.png	zones	thornhaven_market_void	zone_scene	PNG	1024	1024	RGB	1641584	f8a7f1f2f789a749ed30b2e20f96cc1d93085f2c159d077ac20ed16b50cc191d	false
