category	filename	sha256	bytes
architecture	banner_cloth.prompt.txt	c2f577f595fbd3a01443cb65c80b24928d91bf634c1dd0a6392c63bc91bd430c	581
architecture	banner_torn.prompt.txt	2c0696b535e7c48b71e55da49a4c3d7879964282722c2a31345afa5854a8b974	656
architecture	barrel.prompt.txt	bc80dee5db7352160a3d5bee926febcd9720178cdf88b598919db0e6394cb6a9	595
architecture	bookshelf.prompt.txt	ac125b1c810fe0b340161c0738e8c6984fe3d4294bced86f219d15bddf91e32a	640
architecture	bridge_rope.prompt.txt	fbcd30b6122ad0734c2667f1bde1190a146334c408218d8c030f66fa2c479345	605
architecture	bridge_stone.prompt.txt	9fa632528629b08e2e9d7f4edaae29f3ddbdc8756175c114232335aef3ed10f1	618
architecture	ceiling_cave.prompt.txt	5bbb1237b9e0f1f524c971e57245da72b86d93219652d642b2ce8403254217e2	627
architecture	ceiling_stone_arch.prompt.txt	93698c3c80a32976dc1524f1e2e316858ec4e8e4c4ff05945b34523345717f33	566
architecture	ceiling_wood_beam.prompt.txt	ef09ecfdd5f45230bb9b52b32d99752b2f22735f944568fb65c7a6c27313808e	583
architecture	chandelier.prompt.txt	4933ac720d9decdf836c31ed2860b533c0ae9381d7594a1673e37a78f1fa7e28	628
architecture	crate_wood.prompt.txt	d0d6fdb596f3510046e61eb4726d9c9ee21bd2158c222b4772121a874fc73457	581
architecture	door_iron.prompt.txt	1fb65958f5bb8f7689fdf849fe7f26ebf339dc69de42214419a8f557dec6180c	543
architecture	door_ornate.prompt.txt	38cdc0b4aa49936793c03767cf022b674ca824980b6de47e5873379ea1eb0353	625
architecture	door_prison.prompt.txt	70bdecbaad17df4c6c6a3f41d6cb21b2c1c5b86a75dde2483b858254434e506b	618
architecture	door_secret.prompt.txt	96ea38a5b0d001b9780ac64534b2f3204ac2f062d0cbc6691554ea3b9f80d517	572
architecture	door_wood.prompt.txt	798a817575913fa9bac3f08fa0ba09cf66b0bcdab01be3a43fddeab0e4f47083	584
architecture	floor_dirt_cellar.prompt.txt	2915189381231a123500a162af0650f5ae50419601b6e4261f6c659e94d6cde2	589
architecture	floor_marble_checker.prompt.txt	2a7a75aaa6ca9341690f8f879b62813a7630fa5a25637e4fd692f6b2902bebe1	655
architecture	floor_tile_mosaic.prompt.txt	34e92f0050d2ed312520019b41ad975fdcdc9e0193d0a60d82b73502abe31098	637
architecture	floor_tile_stone.prompt.txt	36eeaa53398aae53cf9a7f924e58dec544631cbf61033c1ae81098892781c99e	625
architecture	floor_wood.prompt.txt	d2a88b4718cb1df77c9baeebe61d6b12ed7a7709ecc1c7775e0410457ff66124	608
architecture	fountain_basin.prompt.txt	28a454d12f4d40bb6006bb2553dceb2a76c171f2fcb28323c8a469b2b1f4c10b	561
architecture	pillar_marble.prompt.txt	10c8e0282f71375a44e52ee4e1b5f4faf41e24d7c091d0d81f92c2a016b7c9a4	560
architecture	pillar_ruined.prompt.txt	639e81ad432c4de3ff33dfa7d079f7665972e99fb88cf61781d0fcc6d854bd82	642
architecture	pillar_stone.prompt.txt	b7df78d95bad22759bf4d648541efbdfad8111a0a0a9f9703976d12965d63cc2	644
architecture	rug_royal.prompt.txt	dc54225a1e0f249a5478cc7f956766fdcb6ef74dffa61563ac9a5f5d8c7819b8	551
architecture	rug_woven.prompt.txt	5d29e5100c4d15a5dcc812b0fdd408990ace1469ea93a375f4ae686f35e2cbd7	596
architecture	stairs_spiral.prompt.txt	043fdae140117924a5029ca5378a5e2a75fe4cf8cda99c4c9470c1e30464870b	615
architecture	stairs_stone.prompt.txt	2847b00a4b873d317c54f5b2a5a8e1f459d32ff5233cd94aeba503a126c31c41	543
architecture	stairs_wood.prompt.txt	a4aaee7c39fb81a06a563abe0e4a7c58071eecc780efacef49229f7fa94a25f6	593
architecture	torch_sconce.prompt.txt	09aa2ae743e09861d8e64e7b571c9b1885f8b4e4dfff5428d009eb4f379033d1	567
architecture	well_stone.prompt.txt	196208deaffa8159e30a83ce8e086162a951f8ddc99bb02bccea5c759945bb05	639
architecture	window_arrow_slit.prompt.txt	8590f73f8d8256603d17a7d09989143464ad3459303c2af4e4cde459a973766d	609
architecture	window_broken.prompt.txt	7defb14e2a05d774e66c22d12553221002256a4772bfca2948c717c9ad89308c	616
architecture	window_stained_glass.prompt.txt	551f7c775fbf9da7bf2822ebe8604d4dfcd488fc042e95497cf2a5faaca27c78	622
atlas_ground	ash_cold_settled.prompt.txt	29686e4dd9d2e8035adb3ec147cb1ea78a4974384cedae9d1123094a6889d430	598
atlas_ground	ash_ember_hot.prompt.txt	31661ea86bae3881340b32b71dce42ec0d85092983da48c033db8541059da486	602
atlas_ground	ash_grey_volcanic.prompt.txt	92ca3315324fb1767bb7188e231e62cc73ad59d6b60c171c91fdd2a29163e4e9	585
atlas_ground	cave_floor_bone.prompt.txt	883f8d16948663e8e61f2cfe488771a53f5c835d719235939c838495046c2b70	591
atlas_ground	cave_floor_crystal.prompt.txt	22c17d7dfb2712d154a237e22d5f529ec90eae9aea59a0b858c8993d0d8d6e2b	661
atlas_ground	cave_floor_dry.prompt.txt	28881f3ed70f0d5d5a37f24f107852138a05599218729186c9870c17fec428ca	554
atlas_ground	cave_floor_wet.prompt.txt	b1ca1f9963719178064a4affe749fceceb349d69dd2dacd5271e0ffb632502cd	587
atlas_ground	cinder_dark.prompt.txt	26553d4af691d4c23107a14e1aa0ba331020e29098936e6ee44bf5aa8ec3a7d6	568
atlas_ground	dirt_clay_grey.prompt.txt	0aeef844d9e9b0566d609cdec3af95a4c937870dfce8bce356b4c2d740d7087c	544
atlas_ground	dirt_clay_red.prompt.txt	6d957066986c0a27b416af2feffbc49a10c93a9fc20cc7cefd3225689a3866d4	566
atlas_ground	dirt_loose.prompt.txt	0fd7401b1d9679347cbda0a61dec2f257014a0d21792bdecc7f921883df37471	569
atlas_ground	dirt_packed.prompt.txt	1df2ca7682c4d7b7ca25a26e50ff50decd66d97a551b39f384147c049835a8f1	604
atlas_ground	dirt_path_worn.prompt.txt	079f66402c417c6dea39201cfcd13d32147edae0362bf4f06826ffdca13e50ff	550
atlas_ground	dirt_tilled.prompt.txt	5d9e9bd6c5968abd5a2b8146eba41b04bb993e4a69e2e5c02b40eb38708a11bf	641
atlas_ground	dirt_wet_mud.prompt.txt	22c887488b76eff4d603fa7c41f8376c8fd1f4e15c3d3ab0f98e8c875ea19858	567
atlas_ground	dust_dry.prompt.txt	d2cc3499f5689e72d23bc21d22ef773fe6d1744abe7ad51fb58733ca60ee928e	550
atlas_ground	frost_rime.prompt.txt	09c87e7348ceb781bcf110e5f8309ca9b57d07edc8a8be420169d01bcec48b01	545
atlas_ground	gravel_loose.prompt.txt	56f8a2bcdb43f55690d62c304fcd79f58a8b2a42b06b7c524f41ad5c621652d9	602
atlas_ground	gravel_river_smooth.prompt.txt	9415e1fbf6073f464ee708cd8ac3e93c503262684f43eadcba6f86d6e4448d35	619
atlas_ground	gravel_road.prompt.txt	bba8f521587d54f653965729fcb8496e056ecce523d6e23592460ef6fa5273bb	627
atlas_ground	gravel_slate.prompt.txt	cbd03586c7e611c18fa0625b1bd6cd6738e28a26d9801c2f9c1f1eaf56cc6f7a	559
atlas_ground	ice_black.prompt.txt	8989aca55871c8510e734dd808a4112ed36b4d9c3be3982b7dc94192d96d319d	595
atlas_ground	ice_frozen_solid.prompt.txt	a6be084d1888dadf82f6315cd22e8c95b6789c4029f8871a8b615f971419cc6f	557
atlas_ground	ice_glacial.prompt.txt	5d8b34e4eb541e4b05098556616249ad1c13d35e5e8dc7c88ce2a576a5b208f0	571
atlas_ground	ice_thin_cracked.prompt.txt	30f25cb28f42c8c469de8a01daecb8a0979768ed2fa8889e6e0bd8f1f5f14c46	632
atlas_ground	lava_cooled_basalt.prompt.txt	aa7c8928d80d479998a9e002957a2969e302f99a98cee38b49c6d92f1a55e072	578
atlas_ground	lava_crust_thin.prompt.txt	214fdcaba1fb82c568efea4222ccaf530baa09d5e9a8c28b45d1715899221941	553
atlas_ground	lava_flow_active.prompt.txt	b32bddb1e4af6bfb61eb1746fb83cdc75b4431ccb8a823498d16bcec3b2a4b08	586
atlas_ground	lava_rope.prompt.txt	ce052cddd0d47f3c3c1e48a34557dfb42c6f82dc41ed3b267ac76c4866962eda	537
atlas_ground	mud_bog.prompt.txt	ab695820f994086f7428ee3083f232988fb96e17c3f139e29eced26c347257d9	582
atlas_ground	mud_dried_cracked.prompt.txt	7107be4274977928a64422467cda7f93015d6d883086735fe08a1418c7648bd5	569
atlas_ground	mud_swamp.prompt.txt	94691cc29fdfc5a270561899ee975a33c16e887db7d026f048a292f7a83b9d74	600
atlas_ground	mud_thick.prompt.txt	65835e0fdb916f5418ccf81fd8bc82c8794b61e2c18ed6ba3e370fe9086c90db	583
atlas_ground	sand_coarse.prompt.txt	dcd83bb285d63e29a0526305439a71b118ee7388164f57eb6bb41c7039e962be	572
atlas_ground	sand_dune_ripple.prompt.txt	0193e4a834609b2ba1b0f2ffb816629296bd93402ab9c8487e9fa729da73a492	575
atlas_ground	sand_fine.prompt.txt	5387a7f7c1b5fa36e81f13f7f8dd109764b26dacff210fec249f0779c4c7287f	549
atlas_ground	sand_red_desert.prompt.txt	3e4a01d0a4b98bfbb77eb46f0b7243a0c237e87343dd555a19e18188188e85a0	537
atlas_ground	sand_volcanic_black.prompt.txt	a4711542d986beaa3b03f9d7ddfd866bed5db9f03ac638a712447ce0f76567e2	581
atlas_ground	sand_wet_beach.prompt.txt	9cb71b4e111c640faf56709e3a31de94ed566980296d03f8412906a23a9c1bc9	580
atlas_ground	snow_deep_drift.prompt.txt	df038864bde250bfaa7be6031a04c825c2290cae1b7b1a494df7f9aa472869d9	603
atlas_ground	snow_dirty.prompt.txt	57ac146679de6ff904acf572769fe51ebeab0b981dc50f99a5605e5b5c603e6c	581
atlas_ground	snow_fresh.prompt.txt	cfdb4115f386c33dd45ce69cbab8db7c6cbc6a01a73ae8b476070d653b060d8b	549
atlas_ground	snow_melting.prompt.txt	b37ace398318ccf0531a1daa691a69ee54a773405b82206342cf5254316e7088	585
atlas_ground	snow_packed.prompt.txt	b11e6b47c0ac4f0597511d755c6835cc3309c502a26ee15d21325b3ca829de6a	524
atlas_ground	snow_slush.prompt.txt	60312c7b540045ddfdf1c726e702b8ba2a00f4ca219c1ed844d4657b8453f451	523
atlas_metal	anvil_surface.prompt.txt	00c6f7663e46e39839a73f30a32291911400ace654951e21a00f3e30b9394b5f	355
atlas_metal	bell_bronze.prompt.txt	e1e8d9985fec489f8b533be36d682e99fbdeefbdf619cffe4ca5aa15c10274f8	353
atlas_metal	blade_edge.prompt.txt	c87f48088659e28ea4cd9301663eafae6a38b23151e7c63ef7091ee91d2670ae	354
atlas_metal	blade_rusted.prompt.txt	a45d94048052048842adc3843dbc317365748e7dd6c4e6c0c726d637a9deec2c	361
atlas_metal	brass_mechanism.prompt.txt	ed9ad20dceb5e7477739cd0d2aa9c0e2ca4c1726c63231a91a011660ebc6d1a8	352
atlas_metal	brass_warm.prompt.txt	3a97e5f84e2eb6bd9b403aa37a3dd3f8421b69532d76448901cecaa664ecad2c	352
atlas_metal	bronze_aged.prompt.txt	285454c962f1ce3450d065e06639fb118143d12b3b8e183dacb0202373d42993	348
atlas_metal	bronze_new.prompt.txt	7afce718102adbb1d35f5f788c60b811f39dab0dde106988e515ca90e05f5595	354
atlas_metal	bronze_ornate.prompt.txt	6d24e621fdc16c87de1512848e9c8ed906d6a92ae6a6485d2ed4c23d1f130033	359
atlas_metal	cage_bar.prompt.txt	922eaa2b5367fe10804b9fb8207add44766762972f532edc4a73985c372c50bc	341
atlas_metal	cauldron_cast.prompt.txt	cbe9561fd7378c9938656096c8368e1b9381cb6d2ed13b7914a7822600ebbd29	351
atlas_metal	chain_heavy.prompt.txt	c19ebb70a7792593f528d54c57d959c123a4f40b07c095ba34c490421d25b523	345
atlas_metal	chainmail_fine.prompt.txt	67f2f62faf536dcd3c28248dff6b88e5aa98c69340ebf93fdfec6ef3dbd0425c	353
atlas_metal	chainmail_heavy.prompt.txt	32b51d06e36bf133beecd687b546c66557b611d9f2f0e6fce49e1c7cbeb8cd75	357
atlas_metal	copper_bright.prompt.txt	78d4a7442fdd878064b0cf111a1fdb15f60a57a06299277e684c09a8a654bce7	359
atlas_metal	copper_hammered.prompt.txt	e8eaa97f8b4fcb287c0ac8c64ead42ec6511879e310cbeaed4738a2fb147fad2	354
atlas_metal	copper_patina.prompt.txt	0f6999b66be8575ef02c01fda1f705ca4a37a728b2f5f107da6412274fe41460	354
atlas_metal	forge_coal.prompt.txt	3854ca47a69ba56cd6b18f04e700016784ffd0eff5df90b3980e9c45b8e68749	353
atlas_metal	gold_coin_pile.prompt.txt	3a5dd1d660a623afac12265f7991601028ea3105e76f6cd1e3a460802c9cd05e	360
atlas_metal	gold_filigree.prompt.txt	69ceb20ea03580b4c41356ad34eb199d5085f200ee1fb4ff5f73bbbe412e0723	356
atlas_metal	gold_leaf.prompt.txt	f6afcab7648285aabb635f212dbbd38c4299164b26fcbfac58867cec37b30818	352
atlas_metal	gold_polished.prompt.txt	2320d778a8c4bbe98f76004c44d20530d803ebc7400f2f1a52f260d6e4dbcb9c	355
atlas_metal	hinge_iron.prompt.txt	ecc74e5f0652babf4325517c0622afb4952fbc13490d12a68f15cf3796e30264	343
atlas_metal	iron_forged.prompt.txt	ab7e716bffe98ba7be8addb155b6fd6b98ab21dfb9f5534765cb14a324c9acee	356
atlas_metal	iron_grate.prompt.txt	a4218958cd4a6682132d5d033415a68a10cd975b308efa12eb67ef1da86718f8	353
atlas_metal	iron_raw.prompt.txt	da7338fc7543c6db6020596f0da203e6a6be5c3cd2fcad60b5b22b41894cc7d0	352
atlas_metal	iron_rusted_heavy.prompt.txt	9059eb2ddfb30f6bbcfa471df4fc04dbbfa9a86e7e5df19a56531ad92796c5b6	362
atlas_metal	iron_rusted_light.prompt.txt	22f2b03f0a15e56d82c6331e595e0373baf3531f191e148dbe21002c26a42668	368
atlas_metal	iron_wrought.prompt.txt	66518538a240f2eacb834a31d66001030a29048ac85a6f09e2f70a95e5c386e1	359
atlas_metal	lead_heavy.prompt.txt	ad5c356272e45379e7d3c0e81d8204ddd16a299ef40789eb80ee6d620703a1bc	348
atlas_metal	lock_mechanism.prompt.txt	7aa9334316e2f7b1069f252480f2f77011d0604ea1ecec8d512f9869c6307c5d	603
atlas_metal	nail_cluster.prompt.txt	035dfdca8f8d821b94367005ab7cf423c8e734511a4489cb926a5a36ae87590c	353
atlas_metal	pewter_cast.prompt.txt	b0bc9fd60d8e0bca7f5fe54505cd3c594e986b3328eafb40e73675fb515d31ba	353
atlas_metal	pipe_corroded.prompt.txt	1b0b5d4ebb221522a7f9a73ef7818176481ed21d5c2e46644b4c82231a32fce7	592
atlas_metal	plate_armor_dented.prompt.txt	f25626d78d4db02cee923ae22b9c2f3b85ff5f5a8b53701f05bfa577410263d2	357
atlas_metal	plate_armor.prompt.txt	e9b5945347ff279d84d6a0f0263eea9ebb6b0bf348c9fb7c3606c5c78a01f136	354
atlas_metal	rune-metal.prompt.txt	71cdf676c2f8266bb94bcced3bcda2ceefa880bd91a4425cb594018f99fc621b	563
atlas_metal	scale_mail.prompt.txt	af2170d7dabc4aa5e642432e262bcb877d5f8e0821b1d6f28cd6a14d5bf78b13	346
atlas_metal	shield_boss.prompt.txt	e51dc5811e49469746adfac815276296cb57e0ddf8363f55eb4f5da413bb2f1a	355
atlas_metal	silver_bright.prompt.txt	ca54760a850ecd68e8ed86434243ca878806879b674162cce1549f9bf8f3bfc8	351
atlas_metal	silver_ornate.prompt.txt	ffe9e223dc10e8b4c916eb0c90222e5c0cf4fc617556716f13d6285c9eb3af58	354
atlas_metal	silver_tarnished.prompt.txt	c0f15dadc47e470a8d14681707bc6a44774ca11e677d53650074049e8c1cf4b3	364
atlas_metal	steel_brushed.prompt.txt	f59f256f614781319a63d1d03d714f729f74d809a2842e1c77d5e3e870fd05e8	357
atlas_metal	steel_damascus.prompt.txt	c54ee763514a5eef97017d679407193b7b69c187336796d69b3580b6c02d9c19	361
atlas_metal	steel_plate.prompt.txt	29dc6f77192521e88230316e0303cdacddec8f80e1c0eed57687e1e9f42e3a59	354
atlas_metal	steel_polished.prompt.txt	23f72ce3fdaa88369bf54e12c3350d87f02fe36e2104c90675221d820f367717	360
atlas_metal	tin_plate.prompt.txt	2a706b0e9d3989104c0536b0bb2938fdf231a885ca23099e2cbeaa68982b585b	344
atlas_metal	void-metal.prompt.txt	e6f1f01190eafa813aca70c537947e131cab68277518a8f3dfedd529d7aa538c	657
atlas_stone_ancient	amethyst_[Era_1_ANCIENT].prompt.txt	7227443f735987d6206d996bc8d00165eb8e6d01720c8076b2b70aad0481e911	565
atlas_stone_ancient	basalt_dark_[Era_1_ANCIENT].prompt.txt	add38dfdcd50f3ca7fda539586be74ce64397a77c04b27f338a7e7ee671918c6	606
atlas_stone_ancient	basalt_rough_[Era_1_ANCIENT].prompt.txt	042b40ca22b99a42e0f1f36a95f7699731990d43de7c65e111ca72fb2f564a06	603
atlas_stone_ancient	boulder_surface_[Era_1_ANCIENT].prompt.txt	4e3778dc4473ec0cda1bd1ef04fef8c7005ced186acaae2cb06761e19b8d88a4	559
atlas_stone_ancient	bridge_stone_[Era_1_ANCIENT].prompt.txt	426dbd6635a065e60e4b71ece72b8b4b5e5cdd97ddcec528d40275098e5374c9	621
atlas_stone_ancient	cairn_stacked_[Era_1_ANCIENT].prompt.txt	83be027e8c2917b61cbf9bdae57cd0d86d00aa118bec1e6f026c7346d7da45b1	585
atlas_stone_ancient	castle_battlement_[Era_1_ANCIENT].prompt.txt	e372e78f4d62765d723c7d508c1fa6212a83660498f506d5e60dab1eefa2dffc	536
atlas_stone_ancient	castle_wall_exterior_[Era_1_ANCIENT].prompt.txt	45cb144452a625844162a4b1e87583142df69a560adc4b237adcc94b225a3da1	558
atlas_stone_ancient	castle_wall_interior_[Era_1_ANCIENT].prompt.txt	82ebfdc9b4549cff6685a0c6ae768af1522f78aec756108c7545f2cdfad4ae0a	626
atlas_stone_ancient	cave_crystal_embed_[Era_1_ANCIENT].prompt.txt	397e8f75a6deb803c6ed3c71c1f5ff95bd98f44276aca32148c44a5e837153a9	628
atlas_stone_ancient	cave_stalactite_[Era_1_ANCIENT].prompt.txt	d0981297ffc54bd5c2b27f722f0049782306ac259d6cd7e178924925006c003a	646
atlas_stone_ancient	cave_wall_dry_[Era_1_ANCIENT].prompt.txt	7f811044b6f27096a3a7d7f8fd44968a7d3a4157f0951c61e313d365bd17280a	573
atlas_stone_ancient	cave_wall_wet_[Era_1_ANCIENT].prompt.txt	52fd6d1f50a8d56db7eaedfc2b443cdda91b50c4aec0f02295629f8de80163b1	614
atlas_stone_ancient	cliff_face_[Era_1_ANCIENT].prompt.txt	134f63e998345647269e406869de483b5d8305b9060ea3f9f2188c87188a6592	563
atlas_stone_ancient	cobblestone_old_[Era_1_ANCIENT].prompt.txt	188566b426428ab974c0f99435cffb805c93d1d37f14a64c485ec49b17ce24b7	587
atlas_stone_ancient	cobblestone_road_[Era_1_ANCIENT].prompt.txt	4e8abc3a391887bf0f0a6263370184ac20df544b6a48c5d68c4a757f653596ac	574
atlas_stone_ancient	crypt_stone_[Era_1_ANCIENT].prompt.txt	f7bdccd750318c6e8c14e71cd2647ac661c909c64dc916c8c7e60a6fb5d479fc	570
atlas_stone_ancient	dungeon_block_[Era_1_ANCIENT].prompt.txt	91dbe09fc8fc94387d730fc2426f2eea9df6e80b224237a445b9cbdcc1734fa4	582
atlas_stone_ancient	dungeon_bloodstain_[Era_1_ANCIENT].prompt.txt	3de623755b9dab5e221e4aa27d88378edd787a26759db028ad4fcf669ba9d58b	579
atlas_stone_ancient	dungeon_mossy_[Era_1_ANCIENT].prompt.txt	c1c3bae202cdf49dd4d92431350969e5dc85866ce9d319d781b279f76a28faff	617
atlas_stone_ancient	dungeon_scratched_[Era_1_ANCIENT].prompt.txt	a01e0ed295e973d4441eddbc90684b1f809615bc2ed5955f1a94fe379e4d071c	604
atlas_stone_ancient	flagstone_cut_[Era_1_ANCIENT].prompt.txt	818ec535ba6e680acc128e3f362a29fef052eb094834bdbc5e38632a0d085d32	665
atlas_stone_ancient	flagstone_irregular_[Era_1_ANCIENT].prompt.txt	03dd03a9b5ab962feb3e1d875f384b02d4a2e580d3fae3bbbd15aed137f91fb4	566
atlas_stone_ancient	flint_grey_[Era_1_ANCIENT].prompt.txt	a7b50ba97ca0a95475bf5c55189602dbfe3531caa0e47c6c54decba2a62203fb	618
atlas_stone_ancient	foundation_cracked_[Era_1_ANCIENT].prompt.txt	dd3542e92fae43d07131711bb0edaa52c621b59b576b448536dbb44ed9c5e0ee	570
atlas_stone_ancient	gneiss_banded_[Era_1_ANCIENT].prompt.txt	36cb66347276a10d99e23e9bcd7d720723b303d739bf2b32face3f7633dcb70a	593
atlas_stone_ancient	granite_dark_[Era_1_ANCIENT].prompt.txt	c6b832cb83220ef7bb79ef9ad1184d7bf163fba3cc132591e38e7ebd23de9815	633
atlas_stone_ancient	granite_grey_[Era_1_ANCIENT].prompt.txt	0a8e5eb5a95afb44cc56bf70785369cec214279e1b72a709ac950fff03ab6e77	595
atlas_stone_ancient	granite_pink_[Era_1_ANCIENT].prompt.txt	17b2a82e16cba75ea90ec35986fc7daf1138a3e1f1cefe48ac2ab69ee6ef4ad1	558
atlas_stone_ancient	gravel_fine_[Era_1_ANCIENT].prompt.txt	261370d2ff4ad793a845fd568801ea0e3e2efc1ea811b864b4cc1515b70f6dd6	594
atlas_stone_ancient	gravel_river_[Era_1_ANCIENT].prompt.txt	7d7778cbc49b89a417e43fd0dc65ff38a0c906cfc75eccbfb1e3d87d6be8a662	536
atlas_stone_ancient	limestone_pale_[Era_1_ANCIENT].prompt.txt	fc0fc83230ceae5c2739e410738ec2a1a219f99c9f5248ef6398f65b7b2ac01e	585
atlas_stone_ancient	limestone_weathered_[Era_1_ANCIENT].prompt.txt	e8bcd9e80713309a7b07dfedc28bcf2843d05a83a8cd5091af39681fa5306672	639
atlas_stone_ancient	marble_dark_[Era_1_ANCIENT].prompt.txt	5ab73cfe337fb1f35ae37dba6188edaea9dc025cb3786a4c8d9f59c56f84771c	562
atlas_stone_ancient	marble_green_[Era_1_ANCIENT].prompt.txt	5b9f75b39fd33f8b707c394143d0320a8bc01c5101233ffd481057cff2f4ac1e	636
atlas_stone_ancient	marble_rose_[Era_1_ANCIENT].prompt.txt	d359f11d40aaaf69f4c8ac1d325ae4754d84d8197a98924b90e26ed5d3449d86	644
atlas_stone_ancient	marble_white_[Era_1_ANCIENT].prompt.txt	0c25dafc5b2f11ef23b6f5bf4d387b3291b87b8a536b84ae1e6f56be9473526f	626
atlas_stone_ancient	mosaic_floor_[Era_1_ANCIENT].prompt.txt	e7b3ede4d36bfa98f4dfc09e32b9b15dbc59a8f34e850e0de7956abad5ff33c2	561
atlas_stone_ancient	obelisk_carved_[Era_1_ANCIENT].prompt.txt	64ebc4db915bb9af6c8e6c8ab8905534cfe84985f3ee3a5dce897861383a448e	539
atlas_stone_ancient	obsidian_fractured_[Era_1_ANCIENT].prompt.txt	e606f19f9583591fe6656b613fab434caf54d2ea1ff564847432ba7d7098f67f	563
atlas_stone_ancient	obsidian_smooth_[Era_1_ANCIENT].prompt.txt	22262f7758f3da2ab98cf4e9ed375f533820761277b9a7be30182bfd885db3b2	560
atlas_stone_ancient	pillar_fluted_[Era_1_ANCIENT].prompt.txt	c4cb9d12ef40718f2f617dd44f2b23de1f58e427bea46001fecb2b11198ddd21	554
atlas_stone_ancient	pillar_round_[Era_1_ANCIENT].prompt.txt	c7ae98fae8e0ce350017ff9e3b02bcef21937cff680a7368c2f387ecbd2e6125	554
atlas_stone_ancient	pillar_ruined_[Era_1_ANCIENT].prompt.txt	d4455710827d2f586f2ffca761459a12f0fbcae258ad4559442ef82b0b4cfba2	634
atlas_stone_ancient	pumice_[Era_1_ANCIENT].prompt.txt	014e018be2a67821a50a0b2d6683e7fc27136eb866cc5235ec2164e9024aaa67	599
atlas_stone_ancient	quartz_rose_[Era_1_ANCIENT].prompt.txt	18786f57335b4e82ea3ae26f89610550a18634e1f132aea47a1c8c6a54e1d8a3	632
atlas_stone_ancient	quartz_smoky_[Era_1_ANCIENT].prompt.txt	6139fbb599ebb36050b2fd47b51a9081ab06e25ba10ba412ee756b8d1a97e8a8	585
atlas_stone_ancient	quartz_white_[Era_1_ANCIENT].prompt.txt	f0800f557efeb5d1c4601607e18b37baa93f0ecc0995e0f3054ec85983da6cba	585
atlas_stone_ancient	rubble_pile_[Era_1_ANCIENT].prompt.txt	95670508299e2a82fc10a46bbc1fc2a6fa25be0514aeab6082670a9f8694c957	578
atlas_stone_ancient	ruin_crumbling_[Era_1_ANCIENT].prompt.txt	fda78cdca1c3a50b035ad2e49b3929f9a0a7e029a8f9fd0504d5683885b15d89	587
atlas_stone_ancient	ruin_overgrown_[Era_1_ANCIENT].prompt.txt	7a44de7a03d621402e43c3430b4f46692ef99b2e3291205cc6be8d5f6aaa0381	597
atlas_stone_ancient	sandstone_carved_[Era_1_ANCIENT].prompt.txt	1ce3100109e508f55f5aa1087795821dc4274c1fcae00e3e4da99d7056957949	588
atlas_stone_ancient	sandstone_red_[Era_1_ANCIENT].prompt.txt	a827ae846c9c2aab34f90d11e184be653956957f5b7b9188c2386dda3bb31c3d	612
atlas_stone_ancient	sandstone_tan_[Era_1_ANCIENT].prompt.txt	3b51ea7c1448c316a8bf07a700c78aa093e2c23988d0a88195af34db46c82e1e	554
atlas_stone_ancient	sewer_stone_[Era_1_ANCIENT].prompt.txt	2846b1a3d0d1ea1c64ef5f52d253893a0d7b0fdd618470803ecfbf44de569f23	587
atlas_stone_ancient	shale_dark_[Era_1_ANCIENT].prompt.txt	c0af768493006d924ea7da758b418b7f6a3a043f679273db29011e7c968da60a	539
atlas_stone_ancient	slate_blue_[Era_1_ANCIENT].prompt.txt	6d6dd7fe5b39488f3aee031f8fcfdc496120cb8fc2618f08d127c2d5a8e6a4ee	538
atlas_stone_ancient	slate_grey_[Era_1_ANCIENT].prompt.txt	ba9ad6f5f3c1ee0e8efe473b68a7b0d814042272b395657345826d0217941395	617
atlas_stone_ancient	temple_altar_[Era_1_ANCIENT].prompt.txt	e4a8bfcfb19edd3546c72c8aceb161d31ec51e82e4b2d561f51095422a0c17d8	622
atlas_stone_ancient	temple_stone_[Era_1_ANCIENT].prompt.txt	7601c590bce49c0cbdd95909562e407625829c635dcf377673803404143eec74	567
atlas_stone_ancient	tomb_wall_[Era_1_ANCIENT].prompt.txt	27026ac5fcc62ec193bd7eaafc3c736a12995c18eb0496bd543a84863adfba6d	564
atlas_stone_ancient	tower_stone_[Era_1_ANCIENT].prompt.txt	43786943cdb2062fb14862c9ea8d61f5d0cfc1944d9ca3753c2660d9f42077ce	573
atlas_stone_ancient	travertine_[Era_1_ANCIENT].prompt.txt	ceaa145e7e65f04fe400d44e0e3214c1af263d01870916dd579c1907c3cf73c5	606
atlas_stone_ancient	well_stone_[Era_1_ANCIENT].prompt.txt	f06054159232e512a624104c8286f9304afb692a6cdfaf8fbe5c9c8688babe9c	580
atlas_stone_decay	amethyst_[Era_3_DECAY].prompt.txt	028e5eddb06e1560f8188c0b77a89c80786283941c36fb590fc98f160129599a	622
atlas_stone_decay	basalt_dark_[Era_3_DECAY].prompt.txt	fa9977e7de0ac7e573671226d8509624d9ef717a97b95db46e8ecc3ece84d363	629
atlas_stone_decay	basalt_rough_[Era_3_DECAY].prompt.txt	f339098e1dee72a2a714844bae718d7399102739c63c0bda2bc71b9bc0cbfe2d	565
atlas_stone_decay	boulder_surface_[Era_3_DECAY].prompt.txt	39537c5e93a1b615aa03b92696ac35501ae99f8a81cbecea7696408e2af2b294	674
atlas_stone_decay	bridge_stone_[Era_3_DECAY].prompt.txt	ad2849e0a42bd4f31a3246a36977a3754b733252cd53d498cdb87a43ca55de6e	647
atlas_stone_decay	cairn_stacked_[Era_3_DECAY].prompt.txt	832674368ba7d1b25bdae0db0e6494573884a4fae62e366e5d66009846545261	631
atlas_stone_decay	castle_battlement_[Era_3_DECAY].prompt.txt	4d48b49faaaa5c48542c24599d5a8c5c0cddc0104c433a298fe89555858cad70	626
atlas_stone_decay	castle_wall_exterior_[Era_3_DECAY].prompt.txt	69c3a8e798502569c88e9c8c7bf24dfe8d27633773a8c299b453f44b13978bde	669
atlas_stone_decay	castle_wall_interior_[Era_3_DECAY].prompt.txt	eb4ec31dcbeeb5e6a0c4a6884cc79bec199050210d7bb2de7a2bdf32fbb06a72	617
atlas_stone_decay	cave_crystal_embed_[Era_3_DECAY].prompt.txt	c68f723d7b9086e476088dfe65c4ab59d5756114c4b383c0d5767c14b0752072	638
atlas_stone_decay	cave_stalactite_[Era_3_DECAY].prompt.txt	ad04bfb467ba4ecebabe6e58da777c001c95f5127f612fd279bd8c489e43dbc9	638
atlas_stone_decay	cave_wall_dry_[Era_3_DECAY].prompt.txt	7b8052d0bd0f14938390fd0e2c56a946a4e5f87673549ae61d86dad5fc5c754f	658
atlas_stone_decay	cave_wall_wet_[Era_3_DECAY].prompt.txt	867107b88becd7f7bf1a16f715adae125db7a2589bc7af62138c5ee95e6cd46f	614
atlas_stone_decay	cliff_face_[Era_3_DECAY].prompt.txt	30950e11f4ceba127c67c574f771dc39aa23148284e899d5c09c7a8083bcf880	646
atlas_stone_decay	cobblestone_old_[Era_3_DECAY].prompt.txt	95e0958faa75e2ced430ade2d15116b1ed2ec42279fce937633dbc53e30d3097	667
atlas_stone_decay	cobblestone_road_[Era_3_DECAY].prompt.txt	de41fe9db95861b175b889ce56d957d1c39b9bebd1fe9e3140602c6273b2cb29	620
atlas_stone_decay	crypt_stone_[Era_3_DECAY].prompt.txt	030bc6ccb5670bfc159f3a6105915d91d9df83e56b7dac272b8c23900899d826	589
atlas_stone_decay	dungeon_block_[Era_3_DECAY].prompt.txt	f3e8f1b7918d4210cdc7e4db6a76cf37945d9472f10cf2a6062d5bbf41fcc50b	623
atlas_stone_decay	dungeon_bloodstain_[Era_3_DECAY].prompt.txt	2fbcf94b8fc1b7f0b0f7efd74be9d15954f2dc660e58a77631daf804f27e210e	641
atlas_stone_decay	dungeon_mossy_[Era_3_DECAY].prompt.txt	1c74480803bf9cdb1ad9840a3d5c1986c1c3233327874aadb21c221bcebb2772	629
atlas_stone_decay	dungeon_scratched_[Era_3_DECAY].prompt.txt	ffc94d24f9c9750dd8879a04b7d25c179372524eee3a2ff8bf453bab30adb96b	607
atlas_stone_decay	flagstone_cut_[Era_3_DECAY].prompt.txt	cb90bef75cbcfe1a857da7af8d675f9fbad2ea6711c1fbdd59b9c8bf4bdb35ab	673
atlas_stone_decay	flagstone_irregular_[Era_3_DECAY].prompt.txt	23b43277289e805fead3b04995fc24cf7999bd794c6fbee84d03f05e3f2b096d	631
atlas_stone_decay	flint_grey_[Era_3_DECAY].prompt.txt	a7d5c4bc98328808b3530d456aa6e24c30b9938199d8bb03ced300dec2003e56	595
atlas_stone_decay	foundation_cracked_[Era_3_DECAY].prompt.txt	39c02cb0104fe0ad1fac6e6a9962029871d4b0f363a2ffbe2922bed4aaa695fe	629
atlas_stone_decay	gneiss_banded_[Era_3_DECAY].prompt.txt	90b9ce3208e1e5d5aab84cedd9f1daa8bb0e1468fe674a702b543a7783da4c5c	648
atlas_stone_decay	granite_dark_[Era_3_DECAY].prompt.txt	8f4c84a5d0a823b3d84f554d3642b1f5bdb06c11d2822afdc8272ea8c289ba44	653
atlas_stone_decay	granite_grey_[Era_3_DECAY].prompt.txt	512645b5d09a341ba7111a4a55c8ed38c6df541f81e32daee1435f4442eb1ffb	642
atlas_stone_decay	granite_pink_[Era_3_DECAY].prompt.txt	57bda338deb7ed1559180eb52f8878a72b31990571111f683503dc05d8eacd0e	669
atlas_stone_decay	gravel_fine_[Era_3_DECAY].prompt.txt	9380895edaf6602a6247e809a95e3c1e6557f9a6ca950c0f68019b4fb18913cc	620
atlas_stone_decay	gravel_river_[Era_3_DECAY].prompt.txt	db21f5509b33ea47950cfdd434b6b666975476c785184c12533032eef7a48ab2	634
atlas_stone_decay	limestone_pale_[Era_3_DECAY].prompt.txt	971b36f10dd4a8c503d09b841e435557cf0a0bfffc86efe44d42fe39cda4eb89	641
atlas_stone_decay	limestone_weathered_[Era_3_DECAY].prompt.txt	9daaa99f1c1aaa05b922308a5bb98118cdb249883474db2544ca44ccc0ff4821	629
atlas_stone_decay	marble_dark_[Era_3_DECAY].prompt.txt	50c46f2fa4911738a5dcc555c2dbcb6daf2f4b3cb9941f5c1cb5231dae6855d6	651
atlas_stone_decay	marble_green_[Era_3_DECAY].prompt.txt	2d9e51553e19f6cdbd0cac0457e5b459604161700991a1e4f68261cbff74dcce	624
atlas_stone_decay	marble_rose_[Era_3_DECAY].prompt.txt	1b85572b8166779ff0a50987a2e16904ba4808d08f49cac60a5f7e9ddf1b30b1	639
atlas_stone_decay	marble_white_[Era_3_DECAY].prompt.txt	f4aaad798fd62a517b6a4fa4f1c118a0cfebc6d06d3bbf14ba1300f774d4a4e6	655
atlas_stone_decay	mosaic_floor_[Era_3_DECAY].prompt.txt	d41d723611f01a7929df79c034f81f371659411da975b789e726186bf0c2d8d3	613
atlas_stone_decay	obelisk_carved_[Era_3_DECAY].prompt.txt	b38c259d18235da5c656050eecabe0994ccdf78a08e8ce034db039f00551540e	642
atlas_stone_decay	obsidian_fractured_[Era_3_DECAY].prompt.txt	58ee682e942d4967dfca8d973cb87dd24c1f92437d0aa88c67ee22daad8b2597	629
atlas_stone_decay	obsidian_smooth_[Era_3_DECAY].prompt.txt	99c5b6b12181595f4c7b987edce5557907809e60a3c285a5a546099579b95a28	641
atlas_stone_decay	pillar_fluted_[Era_3_DECAY].prompt.txt	8e56760f4cd38e580d738d890be3b86f32bd6110717b3014d34a398c5d0c925f	629
atlas_stone_decay	pillar_round_[Era_3_DECAY].prompt.txt	3ecb885db16be6ee58079dc0284950acfe73d776ce3110f743acd17372f14f50	648
atlas_stone_decay	pillar_ruined_[Era_3_DECAY].prompt.txt	19ebe93b9a2345084a128b7e9ec02f7e026853d5ff4391c829a21a75e21a41f4	647
atlas_stone_decay	pumice_[Era_3_DECAY].prompt.txt	f25c8769c0c80b2d74de8463faf2bddd31f0a373582203e020fb754f7476901e	595
atlas_stone_decay	quartz_rose_[Era_3_DECAY].prompt.txt	36e23ba9e666e86a7645974a2dc6cc5d41dd9b67b679420d77c64c1455409907	637
atlas_stone_decay	quartz_smoky_[Era_3_DECAY].prompt.txt	fddb656f300a9d634b1295e5b6e9b0f5c922c7605c5c922d97dfb1b8c893ff68	628
atlas_stone_decay	quartz_white_[Era_3_DECAY].prompt.txt	36cd334da57ef81e2d7f40e4ed5cd7399c1bd538c4085e6a75f5a19592ad4be6	672
atlas_stone_decay	rubble_pile_[Era_3_DECAY].prompt.txt	f571415337d71a16be2985ba86ed05fadc712af7a0398c5ad3d8bb5e63e91682	612
atlas_stone_decay	ruin_crumbling_[Era_3_DECAY].prompt.txt	021601e24e346fc87d54396a9b54e1198a8207694f4245ef4c3ffd5a63836f72	640
atlas_stone_decay	ruin_overgrown_[Era_3_DECAY].prompt.txt	d68b6f533602507a918c22890be3942d1c3f1ecc5f169d7df16ba2344377c2a5	607
atlas_stone_decay	sandstone_carved_[Era_3_DECAY].prompt.txt	c298504d87ea047a6b44181ad4682cf519373cca23977fe0729709f39b28cc5d	604
atlas_stone_decay	sandstone_red_[Era_3_DECAY].prompt.txt	711dedcee61b15032952ef84761541c232afe9a0a55ee3aecbf8c5dd41cb031f	597
atlas_stone_decay	sandstone_tan_[Era_3_DECAY].prompt.txt	632058a678a062c2fcd06846aed227c8dabfc627ad35595af0a934455902b90f	624
atlas_stone_decay	sewer_stone_[Era_3_DECAY].prompt.txt	6140b05f91fe03bc65afcb75e64293913dd1a57c33926eab72d8fba6897230f6	609
atlas_stone_decay	shale_dark_[Era_3_DECAY].prompt.txt	fc112bda05cbbf3c4b357bae1736e81903f6a97c348ed20898ca1a0d505ca91b	599
atlas_stone_decay	slate_blue_[Era_3_DECAY].prompt.txt	307a06067f8d65b879d139347785f30dce5f2e091e213ffe46f4369c5ef6ded9	644
atlas_stone_decay	slate_grey_[Era_3_DECAY].prompt.txt	83772feda97ddf78e27c47eb76b3f7bc8779facd698a5d881ef9d4a461de5262	625
atlas_stone_decay	temple_altar_[Era_3_DECAY].prompt.txt	b9b76fa4fa31ce588f94cba2c5e268573486731aa11984b99512b77292162e79	658
atlas_stone_decay	temple_stone_[Era_3_DECAY].prompt.txt	0092f5ee1ec58a5f1dddcfd77c84cb72f07ffe0c75c19ff8dc47819b635fd1fd	631
atlas_stone_decay	tomb_wall_[Era_3_DECAY].prompt.txt	af42d530ac17a0049310273374fc75bc76ef0ea5e9d1c6b0f8354bc96ace1f0f	605
atlas_stone_decay	tower_stone_[Era_3_DECAY].prompt.txt	b17978cfdf86db16b0b5e64f50485f090c8f9ac0778c1d4f5e0454fac94a71ac	652
atlas_stone_decay	travertine_[Era_3_DECAY].prompt.txt	624e664f2b45616d9d36302db1fb7d3b9eaded11ca067629e3f5775b489b064c	620
atlas_stone_decay	well_stone_[Era_3_DECAY].prompt.txt	c74984a3ad9e4642a82fdd2bec026d45fe8cb363cc556e68b5a6b02f2545e15d	639
atlas_stone_golden	amethyst_[Era_2_GOLDEN_AGE].prompt.txt	7738ea832bcf6bf2ba3ee621b7b155a06f8af09a2b100ee47e7300d7b9052ae0	642
atlas_stone_golden	basalt_dark_[Era_2_GOLDEN_AGE].prompt.txt	ff825ff323afeacf487f74449efaf4eb1c4a48763d745985a5234a9831ec8d91	586
atlas_stone_golden	basalt_rough_[Era_2_GOLDEN_AGE].prompt.txt	ea5efd077ca2b2199f02843e6e5e0e80f86d3176b9ee5835ab34f595164e153e	645
atlas_stone_golden	boulder_surface_[Era_2_GOLDEN_AGE].prompt.txt	b25d4a70880790c137d82353d32bfff8478f602b7cd3f74a6d97ed97ed61d8a7	597
atlas_stone_golden	bridge_stone_[Era_2_GOLDEN_AGE].prompt.txt	0a5e5d06a8aa037f18c5c3cc4f074568f3c494950f08ef3c4298a45839b925ce	663
atlas_stone_golden	cairn_stacked_[Era_2_GOLDEN_AGE].prompt.txt	fe492b229239ff78350eab0a3b9ca43127e0eadf953b3f110ba866d76057594b	677
atlas_stone_golden	castle_battlement_[Era_2_GOLDEN_AGE].prompt.txt	97b4f894ee27e7dddeb4d08a3173437db218e13b372b4b4e2ee0b443d213e3bd	612
atlas_stone_golden	castle_wall_exterior_[Era_2_GOLDEN_AGE].prompt.txt	24afb15155f63d6a5c3754033b1b2ec2d634e012fbbdf0fb9baf34bb1b31a6b2	590
atlas_stone_golden	castle_wall_interior_[Era_2_GOLDEN_AGE].prompt.txt	95639b2dbc827b12b23e38face3a9c82014c46959abf272c9a68938281c70dbb	567
atlas_stone_golden	cave_crystal_embed_[Era_2_GOLDEN_AGE].prompt.txt	7d09468c49aa9d6f27ced45af6cb9bbb10a59bb97b334cafefd874b7ef308cf5	609
atlas_stone_golden	cave_stalactite_[Era_2_GOLDEN_AGE].prompt.txt	1476b69753c9163034d0fbf1b26ad5145587ba68d9f2f23bb399a614c84b793c	661
atlas_stone_golden	cave_wall_dry_[Era_2_GOLDEN_AGE].prompt.txt	00522098b8c3d38712f50310a885cea6812681df6534a5a5f41d5e6884efc11e	583
atlas_stone_golden	cave_wall_wet_[Era_2_GOLDEN_AGE].prompt.txt	4399a6100d5854890d72ded2d4b0abc43462be064b67c2f6996a40f35e3dddf5	590
atlas_stone_golden	cliff_face_[Era_2_GOLDEN_AGE].prompt.txt	2268eb664bb0e8755dc74d053aa9a7a072ddcc6e090a41a3a8e1a6d8fbd096fc	561
atlas_stone_golden	cobblestone_old_[Era_2_GOLDEN_AGE].prompt.txt	6a75590960b1b36821135be820a32d11111dd38a79ee6e77fc57e04ec2534d44	591
atlas_stone_golden	cobblestone_road_[Era_2_GOLDEN_AGE].prompt.txt	0e75d401ffa3297bc83aaedce5facf7ecd03477919f8b15a2fac424f5109a746	594
atlas_stone_golden	crypt_stone_[Era_2_GOLDEN_AGE].prompt.txt	8e88592798d8cd91d71f1c580ea9d442163dc2fab9f70a876650316cee01abd5	612
atlas_stone_golden	dungeon_block_[Era_2_GOLDEN_AGE].prompt.txt	eccd08b0916b6b73f8eb6faee66534709b9ad3c532db1d26b49ad956e6915248	561
atlas_stone_golden	dungeon_bloodstain_[Era_2_GOLDEN_AGE].prompt.txt	635e0953a414600fb9f5d53818dc63b3bcda6b44272a51263d09ac178038e0e3	611
atlas_stone_golden	dungeon_mossy_[Era_2_GOLDEN_AGE].prompt.txt	94df76a1c8b7ce014279364d4361e86d35701c9e144831530342b8d625eba5f2	573
atlas_stone_golden	dungeon_scratched_[Era_2_GOLDEN_AGE].prompt.txt	0be5df31788692d0d6d787a3816a462c300084fb32b5959d766bb54ff59b21f4	630
atlas_stone_golden	flagstone_cut_[Era_2_GOLDEN_AGE].prompt.txt	b6857f23bd3e06bd84e036c57ffde258eb5f60d077bb18702b86904953c9bd35	619
atlas_stone_golden	flagstone_irregular_[Era_2_GOLDEN_AGE].prompt.txt	985c779c60fc39ee40b297b339f41ec8d3ec998799b104b2de587a0deeee8501	597
atlas_stone_golden	flint_grey_[Era_2_GOLDEN_AGE].prompt.txt	8c24e3503eab5db9f0f6577027b5b8bafaf92b43b0aa9a09783a0479d419e14f	611
atlas_stone_golden	foundation_cracked_[Era_2_GOLDEN_AGE].prompt.txt	12a106e743f93557cbb0af3cf7deede79966e87e79137fc3e8bc6eee7bf5cdc7	585
atlas_stone_golden	gneiss_banded_[Era_2_GOLDEN_AGE].prompt.txt	f496bed730d90fb50cbc71e0dc7da8a30b0d9ff64d1091cff8bc40f7ef75f555	592
atlas_stone_golden	granite_dark_[Era_2_GOLDEN_AGE].prompt.txt	8ab6dbb333a3e5a8c6e7980a143cd79e159fdfa7859aa6e4edc2cf08dd8d8550	625
atlas_stone_golden	granite_grey_[Era_2_GOLDEN_AGE].prompt.txt	52af41cd1e86c6cd611a736cd144a217f1aeb63a2e1dc35bd85abf14c1feb913	634
atlas_stone_golden	granite_pink_[Era_2_GOLDEN_AGE].prompt.txt	d4943772c6c22fd2769377ab4ed174b48f94b949c5748a8f18b9b49d4fb67864	632
atlas_stone_golden	gravel_fine_[Era_2_GOLDEN_AGE].prompt.txt	fce319e80c17a934edda9ae1d3df553571310cbae5423ba07402c66af4b10ec3	643
atlas_stone_golden	gravel_river_[Era_2_GOLDEN_AGE].prompt.txt	db6868a6c482889bca079eb39f1616e38129248aad4187bdc1af371383115cc8	598
atlas_stone_golden	limestone_pale_[Era_2_GOLDEN_AGE].prompt.txt	358e47df28d217655b143e08c81fdced570134ab29ccefd6207862f85daf36d6	650
atlas_stone_golden	limestone_weathered_[Era_2_GOLDEN_AGE].prompt.txt	7714ad4793b67e903e52657a7f62574dc55e3745ce0c86ca068d41292cb5d9a3	661
atlas_stone_golden	marble_dark_[Era_2_GOLDEN_AGE].prompt.txt	59735e5d1e2e0bb73387383a3b2c33d5f52dee71c11122d511b20a2c8c6d3ef0	575
atlas_stone_golden	marble_green_[Era_2_GOLDEN_AGE].prompt.txt	d4d1d1172fb6df767bb010375ebe5a86d9b5c2d6c45329017df0070e362c9859	608
atlas_stone_golden	marble_rose_[Era_2_GOLDEN_AGE].prompt.txt	9c346b6f399c6999d99dfeae91ebd580fff3372a34e261af1cc99bdd369fe905	585
atlas_stone_golden	marble_white_[Era_2_GOLDEN_AGE].prompt.txt	f04ffde8f2a3c7500046cb0f3f8219dd10c87bb2b92ae27ed962dcf4fcb4a336	600
atlas_stone_golden	mosaic_floor_[Era_2_GOLDEN_AGE].prompt.txt	9368d8a0b21823506836e9622c0364aa00875abaeaead6b61fee8f41071c4e80	593
atlas_stone_golden	obelisk_carved_[Era_2_GOLDEN_AGE].prompt.txt	2be69c074ad1139e8490e1bcb78404c59b111eb4cf13d0d892a70042696b44e6	620
atlas_stone_golden	obsidian_fractured_[Era_2_GOLDEN_AGE].prompt.txt	9c3c9a093c1a620998c5b9c234ab1d55957f41982edfd5526caed6abe379d336	615
atlas_stone_golden	obsidian_smooth_[Era_2_GOLDEN_AGE].prompt.txt	3dd106f0d5efcc6d15d086a507b6c3693465c9092878605628c98461f8310134	642
atlas_stone_golden	pillar_fluted_[Era_2_GOLDEN_AGE].prompt.txt	eb68f037f4b4c7198a9120a29e97f0376d5d15dce678badbc74874c43ed62311	631
atlas_stone_golden	pillar_round_[Era_2_GOLDEN_AGE].prompt.txt	583ed221ff6759e56c888bcd1615fe3468575c5de46c77b6d1c937c123a30e6f	587
atlas_stone_golden	pillar_ruined_[Era_2_GOLDEN_AGE].prompt.txt	68fd0208b0f8a1d4184ef03bcd6266a965a1d4d67bc6da5c925caadd9f9dcb75	542
atlas_stone_golden	pumice_[Era_2_GOLDEN_AGE].prompt.txt	d1d66a4f4f63bc1c1bc9124b8e3c32276fe31fd7f35934cd2e331fbfe4321052	603
atlas_stone_golden	quartz_rose_[Era_2_GOLDEN_AGE].prompt.txt	1c4bb6f1bd5bcff0cbe58f43a6646198c81333d51174a79a456c06c1aaf6bede	636
atlas_stone_golden	quartz_smoky_[Era_2_GOLDEN_AGE].prompt.txt	bce851ce09cfb9411f876ef882123606f48ee00bbe7072aa71c0d224f31a2ecd	593
atlas_stone_golden	quartz_white_[Era_2_GOLDEN_AGE].prompt.txt	493206debcb61d78db9502f954d0c41045205c4df0ca63c22d6dc62406fa1736	620
atlas_stone_golden	rubble_pile_[Era_2_GOLDEN_AGE].prompt.txt	7ab29072f0d4f733b1b1680cc043dbb19465aa492ce41dbd8741958254451dee	629
atlas_stone_golden	ruin_crumbling_[Era_2_GOLDEN_AGE].prompt.txt	8b274322665cfce1f13e69f27e78823b138e5b5bb4c4aa40f1bf19198429776f	581
atlas_stone_golden	ruin_overgrown_[Era_2_GOLDEN_AGE].prompt.txt	14df22ab68dc9e1d3376c57fbf69a38bb2a7b7867201e10fc2d22552025d2012	594
atlas_stone_golden	sandstone_carved_[Era_2_GOLDEN_AGE].prompt.txt	2f70f984baa91b9549a14b63768c41cb7a140be3522039c6bd7de3a169d6a07e	593
atlas_stone_golden	sandstone_red_[Era_2_GOLDEN_AGE].prompt.txt	d9dd140bec4bab008509dedb3a7aa970d10c1dbb8a271bde84ef1141424ea197	625
atlas_stone_golden	sandstone_tan_[Era_2_GOLDEN_AGE].prompt.txt	b02b593c07916920fad3ec1d2ae49154c5a5b2a0f15928e4db16c6d650c35cb1	638
atlas_stone_golden	sewer_stone_[Era_2_GOLDEN_AGE].prompt.txt	57c8ce13d02db27f3c48770bae56be9942a2af658f82e4d39d3be0361468d378	567
atlas_stone_golden	shale_dark_[Era_2_GOLDEN_AGE].prompt.txt	93a2c77702ddc6b6cd5cac0eee12167f3a8dc7cfdb7465a6c5d3570da33a46bf	639
atlas_stone_golden	slate_blue_[Era_2_GOLDEN_AGE].prompt.txt	6724b2eaa7e71d1fc578e7cb89f40b1803476caa7687c354e6b50c900db372b9	620
atlas_stone_golden	slate_grey_[Era_2_GOLDEN_AGE].prompt.txt	4fc7ee23f7dca5bef691eb2e3538dfe2c717e6b42dbde80180cb25fe21780708	601
atlas_stone_golden	temple_altar_[Era_2_GOLDEN_AGE].prompt.txt	9d5c8c60195d6cd7edb16557d0851ce05fbcd43387532de5ff41b6c7353854b1	622
atlas_stone_golden	temple_stone_[Era_2_GOLDEN_AGE].prompt.txt	04e54e0b83b67663907cb7f62c3926525db1ef001feae438963c8ee2d787a311	572
atlas_stone_golden	tomb_wall_[Era_2_GOLDEN_AGE].prompt.txt	fe43156b8fb63ba9a5057ef4ca95887822acb914dcfc3f1e7b15d480d7f9c3d3	570
atlas_stone_golden	tower_stone_[Era_2_GOLDEN_AGE].prompt.txt	18a530b4b11f045095321f4c21e8b3cac4a6726ab58e0fdae6fa33cb30a9cc47	580
atlas_stone_golden	travertine_[Era_2_GOLDEN_AGE].prompt.txt	328d504fba1e4d6765ac6148cf082c88fa521416bab7b21478f343fe34f6b6c7	585
atlas_stone_golden	well_stone_[Era_2_GOLDEN_AGE].prompt.txt	e6bb2f29c0713944bd90dba151024f3c2cd936fe6cf6cb460e2d09d7fb7badb7	683
atlas_stone_void	amethyst_[Era_4_VOID].prompt.txt	e3a1920019c4bec7dee194ea5724d7f06e06a03677385c203e02a6e22fb0c26f	659
atlas_stone_void	basalt_dark_[Era_4_VOID].prompt.txt	868d3ad8a3cbf2fc30be6f041ae033bfa773999b469e6b95375896ea72fdfdbd	574
atlas_stone_void	basalt_rough_[Era_4_VOID].prompt.txt	573a64b7ca0b272cff845b9fb30c9083c9964eb73eec3b1401105425318cafc0	604
atlas_stone_void	boulder_surface_[Era_4_VOID].prompt.txt	c27381c6b235c8ce0eb004f3e8267cdc38f78ad832c836b7aa08ddc40cf939ef	648
atlas_stone_void	bridge_stone_[Era_4_VOID].prompt.txt	c71decc141d3b5ef3bdfa62b24a6cd9abafb7eac8d3fe82b92722430781a77ad	678
atlas_stone_void	cairn_stacked_[Era_4_VOID].prompt.txt	33e6d2c4ac64a5e9fc6e5d01736ec105adda3be4afa33f09fe198ed586450382	623
atlas_stone_void	castle_battlement_[Era_4_VOID].prompt.txt	07048177785e2617e993491e125cb12904ecef93aa82848cf1ced1391eac1c1c	646
atlas_stone_void	castle_wall_exterior_[Era_4_VOID].prompt.txt	ec8626bfa0ec3b4e65cdd0a500b419a923706ff388ed52772bcceb7b39b1775b	583
atlas_stone_void	castle_wall_interior_[Era_4_VOID].prompt.txt	3369b30f867d17e64202d9d5d22c41063284443eb90a8989e29168756a062a8d	670
atlas_stone_void	cave_crystal_embed_[Era_4_VOID].prompt.txt	4804a0547b636c4e211ba8075ec4f30927ba68e4f91abb06b0d37c5252d636f5	619
atlas_stone_void	cave_stalactite_[Era_4_VOID].prompt.txt	43fadfb9912eabe2ba26584cd8b0f81bc97a8ef50ef0e31db0e647781e78e5dc	646
atlas_stone_void	cave_wall_dry_[Era_4_VOID].prompt.txt	c053f9733488575f345e943764976ee66fea495bb31937c040d49017cf17a5ba	650
atlas_stone_void	cave_wall_wet_[Era_4_VOID].prompt.txt	36781c5982d67477d14c55af885d6adf4dd51dbe96324e140a85124cbc3f1e07	579
atlas_stone_void	cliff_face_[Era_4_VOID].prompt.txt	ee29344be6d60fa9020f02918a972cfde30d1f0ea33bacf3ef8b01a346a66e53	615
atlas_stone_void	cobblestone_old_[Era_4_VOID].prompt.txt	ca25c52970456dab9796bad91fa8c3ceb5405d25db9cd09d5a89c75bd8560096	684
atlas_stone_void	cobblestone_road_[Era_4_VOID].prompt.txt	40eaed6c7960a1e174e1d06753bd0d059e0a19db4c0ed9ad8e449f71132410c7	606
atlas_stone_void	crypt_stone_[Era_4_VOID].prompt.txt	bb3ac7cf21aee8a90bc7e1d959ee4168f41f6d1438f6b17dc252882f456aca6e	572
atlas_stone_void	dungeon_block_[Era_4_VOID].prompt.txt	be08fd25375d9d824cceba7a10f2b031838af6987cbbc67afa6ddbb67d7da2c3	641
atlas_stone_void	dungeon_bloodstain_[Era_4_VOID].prompt.txt	4e408829ede9e7aa40cc856a8b37711b31c01be0f158c8d1d1f63149a4bf432a	634
atlas_stone_void	dungeon_mossy_[Era_4_VOID].prompt.txt	05cfe6569c6605fc3ba7d45717818828dd1f79595a7987efe3d419fcfe3f537f	622
atlas_stone_void	dungeon_scratched_[Era_4_VOID].prompt.txt	4fcef75e2d77fdb00596a4cece5a0fcaf0039e02b68202b399bedffedd6e9a3a	663
atlas_stone_void	flagstone_cut_[Era_4_VOID].prompt.txt	870e92d01f574ff66b0d5976c6dfebc2e18d3c1472014938a10d3c0c38d2e230	635
atlas_stone_void	flagstone_irregular_[Era_4_VOID].prompt.txt	5598112b8ae8b528547886c7c71163c81bc5496b6f7a3aecbef54b72c54aba7f	651
atlas_stone_void	flint_grey_[Era_4_VOID].prompt.txt	32c91b21a02e73d4c4e4d115026ebbd223bda997a466caa5e3fe276d69c0bc1e	611
atlas_stone_void	foundation_cracked_[Era_4_VOID].prompt.txt	e939fea34652bc37cb413d3b40cb33d7d464d4216cde11112ed1d091f4538439	655
atlas_stone_void	gneiss_banded_[Era_4_VOID].prompt.txt	c4b748a04c31efa3c8e325783030c4f735028bbbdabf31c5db5987836700a457	576
atlas_stone_void	granite_dark_[Era_4_VOID].prompt.txt	2d62a36cf13555c42987ed49a8c6f6a297fa46659e2529a122d49de7661d4b49	582
atlas_stone_void	granite_grey_[Era_4_VOID].prompt.txt	9ab62fe0993ece567a7faafd8977e3d00ed07ac4410668be3e5237c0763b24b9	661
atlas_stone_void	granite_pink_[Era_4_VOID].prompt.txt	b63f3b16b00f5480c3464f31bdc255a726599353f0435b911141a471a3276420	622
atlas_stone_void	gravel_fine_[Era_4_VOID].prompt.txt	823fae6d2ec8a828a48dd13c9f288abc34c52c69832fda81da08b109c43984ee	578
atlas_stone_void	gravel_river_[Era_4_VOID].prompt.txt	a464a6557d0873df36192ac2b3c42ecdd70b3e83e228ec99dcfb2334f0309975	646
atlas_stone_void	limestone_pale_[Era_4_VOID].prompt.txt	60dfb45eb688846b1b6290856603c1a0c98048a4a7c7c208028df2d1af50126f	646
atlas_stone_void	limestone_weathered_[Era_4_VOID].prompt.txt	c7c6fb810ba96f6d24c2821595f3d0fbd11197dcc7d461304d293858dbe549fc	639
atlas_stone_void	marble_dark_[Era_4_VOID].prompt.txt	98289994ebc36ef261abfa3e7c977b39110fd9ded6a0488f88d05141d73ea1b8	613
atlas_stone_void	marble_green_[Era_4_VOID].prompt.txt	70c195449b778ee2699b086007594b0293e64ec22b3780f5fd0864c797f03216	553
atlas_stone_void	marble_rose_[Era_4_VOID].prompt.txt	3002df4ba94ba5abb3cf7248fd05a6c5dd25d6be70017e2364ce648e9ad718d0	626
atlas_stone_void	marble_white_[Era_4_VOID].prompt.txt	6d06187dd917a3968be9491657a7f87359963a1fb8c2747f69bf47082cfc0933	651
atlas_stone_void	mosaic_floor_[Era_4_VOID].prompt.txt	237cd49a24603f0fd7ea2cacdb2cb16315ea81d69b0ee3e2c721a2ee576300b2	594
atlas_stone_void	obelisk_carved_[Era_4_VOID].prompt.txt	cf6e7fb27434cc2c1b4ef95661929b16b67aaa79f71665d9d11feb751ed461bc	612
atlas_stone_void	obsidian_fractured_[Era_4_VOID].prompt.txt	e20d77ff500f3ce5692741fb99814a12dee7043960beef38bfa79b612e0beb34	640
atlas_stone_void	obsidian_smooth_[Era_4_VOID].prompt.txt	036e85c8a98fbe2e30354cbe77db6d9af2aaa0e6f5caf050486560c82f6c3272	627
atlas_stone_void	pillar_fluted_[Era_4_VOID].prompt.txt	b4627681d0e98fa28473ffffb6fe3d494b93ce327cca172c57231134f830a150	684
atlas_stone_void	pillar_round_[Era_4_VOID].prompt.txt	6bab119c579d86153647dd0a0fa3469f02454b7e5d7ae4aa108f4af88feb3f30	649
atlas_stone_void	pillar_ruined_[Era_4_VOID].prompt.txt	a8c37bd2b5510a14e706405cf8809253632369c94740e7eecef71ec52c1180a5	614
atlas_stone_void	pumice_[Era_4_VOID].prompt.txt	b3606979a1e5850cfada8dcdb5b28551d229207b1a033585e3e65a16ff88d9bb	617
atlas_stone_void	quartz_rose_[Era_4_VOID].prompt.txt	93486f5cc9b219034d4aaf1868a85c6c537e40fa3aacf65554983cf025145885	612
atlas_stone_void	quartz_smoky_[Era_4_VOID].prompt.txt	e8a46bad1faf0b1bc441cdd44d32729ee7ea724c9241671f9ca82ead42430493	603
atlas_stone_void	quartz_white_[Era_4_VOID].prompt.txt	43b11cfc85dc442185dc804f40187f3bf05e4131895b58990c100407ccaf6e9f	658
atlas_stone_void	rubble_pile_[Era_4_VOID].prompt.txt	7f3280d52f00cb53ef218149e90fde521b5727c2a0355c2c6f12aa9ff0a0a0be	611
atlas_stone_void	ruin_crumbling_[Era_4_VOID].prompt.txt	e4200999827c4e592dceec690482126c3a1faf7585ccec54a2e92c3a349c08b1	638
atlas_stone_void	ruin_overgrown_[Era_4_VOID].prompt.txt	c65b6cb0ddc74fd56b4934e43d05a6cb87320e79e78be28801bbf2cad769a27c	655
atlas_stone_void	sandstone_carved_[Era_4_VOID].prompt.txt	6b044cc3a229daa735e9c4a2a93c7341a34d6b3e6e54551b9fd4e1d47a9ce7b3	643
atlas_stone_void	sandstone_red_[Era_4_VOID].prompt.txt	dd439565ca0e66214d4adc0f141d6b09364bbe2807057622cace2899431d629a	568
atlas_stone_void	sandstone_tan_[Era_4_VOID].prompt.txt	99b59ce6b0df32531258c95fe1db8c60a52e801607cf6619311d9df647bed8b8	625
atlas_stone_void	sewer_stone_[Era_4_VOID].prompt.txt	b133e54077ebb839050aeb598623be8712b779a7fe8d00c64cd23fbbd2ceacb2	560
atlas_stone_void	shale_dark_[Era_4_VOID].prompt.txt	bd1cfa3b7b3579fb8373f7e29abbb6e8cdf63371e0484b5eabc6b083dab54f1d	626
atlas_stone_void	slate_blue_[Era_4_VOID].prompt.txt	0787341d603c495bda40c0e3bc8af8560e64a841e8d17c0ca14ddd7ee43d0c80	653
atlas_stone_void	slate_grey_[Era_4_VOID].prompt.txt	1f36cfbe5a1307fd6793e9580e155d902ed90de984f3518f1d4f47e613f88462	620
atlas_stone_void	temple_altar_[Era_4_VOID].prompt.txt	45eacd9c6c33fbc9779bc2b7fd47d4a611d1c1072dc0a1c059ffdd71f8f105a8	666
atlas_stone_void	temple_stone_[Era_4_VOID].prompt.txt	cc5b1095f40609502e4554d614211ebb24b2e1dbbcba044a6ada71ef94f0c79b	606
atlas_stone_void	tomb_wall_[Era_4_VOID].prompt.txt	13351deb4184ae86ab0f4df606109fe56e2bb9b8c444f710847fba8eb6e78af1	604
atlas_stone_void	tower_stone_[Era_4_VOID].prompt.txt	f5f670534908379a38d539d42407888a22d69cdaff31f27c7f04816835248f6d	660
atlas_stone_void	travertine_[Era_4_VOID].prompt.txt	c978471ca6988fb8afc624e7cd76901e72700117f211292b4598741ce9bc3ba1	634
atlas_stone_void	well_stone_[Era_4_VOID].prompt.txt	5295b0667560cacd902dab4e2bbba3467d5fbab63476c4e473c5ada5fc42d90a	618
atlas_stone	amethyst.prompt.txt	992f1132bf5ccfd6fb34d9b696978b6e82f8163ba3db5a9154366f012facc4dc	358
atlas_stone	basalt_dark.prompt.txt	99f37047844daa01fe755da2be1088567011b1d1a9c61de2c92824e88989cf48	347
atlas_stone	basalt_rough.prompt.txt	91199d3fe5dccd73f56cc2f674e7b2881f3f1251c7b083424b7e80a76d2a0e8b	359
atlas_stone	boulder_surface.prompt.txt	c2ac8ea7db079acd7a2b0fe6e50521c3bfee33f739d5cdf92b9eae15ae8b0620	549
atlas_stone	bridge_stone.prompt.txt	f4e07b1c39e32b8bf4d6e94b9ef30a0a9809a718e75fa5b543b0fed66fd06e50	548
atlas_stone	cairn_stacked.prompt.txt	9fc0861dcc6c11491decb0eda3e22b35b88fea2998b95b395ce3ffc102aab207	611
atlas_stone	castle_battlement.prompt.txt	191860f8dc044dbca74f603245acacaea5f653215d9c5dbc0ca2776ede937ecc	551
atlas_stone	castle_wall_exterior.prompt.txt	aa33d3d625fbf13e252be5398e7f8cc243059ee87cdadbbd61d1430ecb7f6578	584
atlas_stone	castle_wall_interior.prompt.txt	268bdaed106ddce311054456f282cf4fd4a5b1c19a62b06808a36b9cb32c9e2e	551
atlas_stone	cave_crystal_embed.prompt.txt	ab0f87d1837faa999f59a5f39778c65130ebc5fd410cc28d7df0ec1ac5d8a789	586
atlas_stone	cave_stalactite.prompt.txt	6f5f645ba5b3554b0864fb30affae43c1bbdfa28c0dd2d4df415653a548517da	595
atlas_stone	cave_wall_dry.prompt.txt	ba3b9ff20d87139e4e6eb0f7ebccd58d8a1f5c49150e2d62cc06f182bc141945	499
atlas_stone	cave_wall_wet.prompt.txt	00ac6b8bccb2f86b8370d01b3092632cb35b41581a9be980f7166f3fae754a3d	603
atlas_stone	cliff_face.prompt.txt	9f98d779ce2ace4535fdc5d59f1ba4044cd341cf26d90b9732aebd0723929990	558
atlas_stone	cobblestone_old.prompt.txt	ce48ecfe177a899b3ab7673e5e575ca305240486880cc9313c5f022e903e071d	552
atlas_stone	cobblestone_road.prompt.txt	f4e5f9f310aedc0f61132196e49377d8a2bfddc800f9ad37b2d34a06698b7653	564
atlas_stone	crypt_stone.prompt.txt	3f564e40e6fb0ebd5da143cd8c27a5d236908a663d1d34c839770d497df5a701	547
atlas_stone	dungeon_block.prompt.txt	e52de6a21c6e58a4fda776b0f635594fedf617dd68b20fad31e52afb4b7eab88	581
atlas_stone	dungeon_bloodstain.prompt.txt	1a66215f41459fc80e6c987088309a8efda3f43f8eb9b76720d55b68783d4bde	581
atlas_stone	dungeon_mossy.prompt.txt	4027d4ebc4fd1bb27219e9e55269208727dd1f578c8b61d747b30de6eddb8daf	594
atlas_stone	dungeon_scratched.prompt.txt	60d676e5b10666eed490cb67bcb395382736dd73db93bd1ac6b6400aab7ecd56	637
atlas_stone	flagstone_cut.prompt.txt	7b73e3262468a7ed099be4452ab618d8f3700d9cd6951b9f7025e0e63717e7e0	555
atlas_stone	flagstone_irregular.prompt.txt	b53cd67f3106800aca60654ae7adfba762dc0b848ac5f7fcf1b13a3571362824	594
atlas_stone	flint_grey.prompt.txt	9b8cbfa7cb421f82cc65f6e70fbf83f54bc4999f34c99b228e402d41c273d06d	354
atlas_stone	foundation_cracked.prompt.txt	58c2acfcb3064235fcd7cae0eeb3d2bc0576128ec4ac7b9070568952abbba567	532
atlas_stone	gneiss_banded.prompt.txt	eaab537cae77cdfa631f87050a11bed0c0fcf58938652d4287f110ecef7ae60a	615
atlas_stone	granite_dark.prompt.txt	6bbe7554f1df643a59ae8778d858c72223eda9d6a63563be98557e9228299cdd	358
atlas_stone	granite_grey.prompt.txt	afcf763d69035d1d904bb332a2e33af642f332529af640149b5ab92a8c56fa4a	360
atlas_stone	granite_pink.prompt.txt	04ba87ce67b983650a518fbe577aaa0e9e36d187de5091863bba2fb3dd482a7d	365
atlas_stone	gravel_fine.prompt.txt	63696901bcba5c2694abb3ca80ab056ad5773235faaf27379d7fd824f8f5d779	634
atlas_stone	gravel_river.prompt.txt	4cbf6176161adf835e3882bca51bfaeadb4355b40272cbff921d9233e1c7bcb5	585
atlas_stone	limestone_pale.prompt.txt	8475debf9e395fb937d824ba06be354c5eba21f67e0dde156111f1c4d47bf970	360
atlas_stone	limestone_weathered.prompt.txt	aa002950edd8f1c11e0feff667870f784ea293d4021c9795c018e5d0c958bedc	364
atlas_stone	marble_dark.prompt.txt	19128d1c996055fdb6f20f5caa30032cbcf5dd0a45df8419d7e5047238c9a29e	351
atlas_stone	marble_green.prompt.txt	8b41208e1bcb1ceddaf37ea00a06664d22668014228d4a2e3887f3a12a1005fa	361
atlas_stone	marble_rose.prompt.txt	05d3a5573341a08bb0e68243ce8df21983289b43e11b295b3431fbfc9c4324fd	347
atlas_stone	marble_white.prompt.txt	cb11a44c500cd032f9e41481cf4527083a6d2ce5dde8e5204a407f337108fe11	355
atlas_stone	mosaic_floor.prompt.txt	af57103a865d687d6d60bc1823ae813f51121a1839988b4061dcb41989df9f52	634
atlas_stone	obelisk_carved.prompt.txt	2d24b4580c13522eea86f1db58f4df8c0fd70fa460118ee927e1e4aa0a3d7919	575
atlas_stone	obsidian_fractured.prompt.txt	60290f68f8874b90b0248b5ac26433afd0d002a1f2a26ba2b271765ce2315093	369
atlas_stone	obsidian_smooth.prompt.txt	741b217d36921da751ab04e439143ada09e8442076808bb684a9c81ced0f42ce	341
atlas_stone	pillar_fluted.prompt.txt	79b081a2a9709d81ed635e92d7449c022ba7086ceaa1c33045e42ac3302246fc	602
atlas_stone	pillar_round.prompt.txt	2d8d7d42b4b57d3057478d65621ce4bb678c78c9b00315e02ee630308311af85	598
atlas_stone	pillar_ruined.prompt.txt	ee574582ee169332d018970934da10667755e0fef0e6b8fdc4e1f1c44349804d	631
atlas_stone	pumice.prompt.txt	ebbb278e15e4672019c5a25761723d25a4bee27a04264f9e77669c908602d079	346
atlas_stone	quartz_rose.prompt.txt	821adb55b854b36bc5caa91ebac28cb2ecaec65e00fd39804354bae6516811d6	350
atlas_stone	quartz_smoky.prompt.txt	3da1867e43bc1abf51b638feaf2e3f034118e490f7bc3c695fc9dfd7d36a8c6c	355
atlas_stone	quartz_white.prompt.txt	5bc9305321afee591ac51439ec1a4ea5a470132f6729990f3007e85f4000bb42	361
atlas_stone	rubble_pile.prompt.txt	ba3375a8b19030e892f21b3d43f71a0caf09dbdea4c1070b0993fe4bbb5dcd61	599
atlas_stone	ruin_crumbling.prompt.txt	e94566e12fc0329bb030d456832854a9f35652d502f00b3d7acb3041112cf5b1	498
atlas_stone	ruin_overgrown.prompt.txt	9fb44b2319daa292505c66b92bd08003b08c8f0f5d28ed0d16e69a9f0526e52d	592
atlas_stone	sandstone_carved.prompt.txt	7538319987305b9ac1043d2818bd9213b89c488ebef0a5f9225ac6290f6ea3ab	364
atlas_stone	sandstone_red.prompt.txt	e1ba2bfc124306db8a4c062e2f6964c347c61f068c1bfc6f619852a188e64a6b	358
atlas_stone	sandstone_tan.prompt.txt	e14cf951614306d58e4fd48b8a12a361fde771b3ddc2b2444803bd9c21bab13d	365
atlas_stone	sewer_stone.prompt.txt	e3194b26f56f00953c2fbad32d1f93be7997ea695ed2bb9b85c498c2686dea4e	551
atlas_stone	shale_dark.prompt.txt	684cbc68cdb38583094d8e74f12d9594a444e53d6adca010c302a18a2b9af721	590
atlas_stone	slate_blue.prompt.txt	2bb89bc73aaa3ea6d7b773212157e9a46abef63e89a691cc93e9d3f47db85a8d	353
atlas_stone	slate_grey.prompt.txt	6acb4367e2bc8d7480093a6ad3f900e736b3832c1ebfb2789b4882c1796c69c2	355
atlas_stone	temple_altar.prompt.txt	3a828ccddf35fdfcd91c1aed2ca035150290cc1f010afcc009ae2e6680a7d7ea	639
atlas_stone	temple_stone.prompt.txt	66017f4ad745db254d25bbec89ca6c457eec49068616d9d345b6c338a4417d9a	575
atlas_stone	tomb_wall.prompt.txt	3d476198ff2555c107d2abfbfdf6f145600e452d660402ab3c0bdf8ca241d956	546
atlas_stone	tower_stone.prompt.txt	7cf516ffcdb6dabe90cd02436395b548788bc585a98860a517152ed9a114c043	567
atlas_stone	travertine.prompt.txt	97bc72d337300a0dec537bc62b4be18f52ac0986b9c1e5c3c0def79c3e4413a9	584
atlas_stone	well_stone.prompt.txt	53ee61c2daaa5415b257228304d08a937c77b3bd82fdb22736e64b5eb0bdaf21	578
atlas_wood_ancient	ash_pale_[Era_1_ANCIENT].prompt.txt	3bee82a2b581245025be001d6138d8a7dd23a588678b43a9a772090e38472143	641
atlas_wood_ancient	bamboo_[Era_1_ANCIENT].prompt.txt	57bb3e7e714974c1865983841569e49667992d3ff1c7159cd8358e5002652c27	579
atlas_wood_ancient	bark_ancient_gnarled_[Era_1_ANCIENT].prompt.txt	524e4a194d55b2316eb88297c1e733427f68c7091c058ab21a24260d324b6d12	613
atlas_wood_ancient	bark_dead_grey_[Era_1_ANCIENT].prompt.txt	cafd25fa1fd0178abbf29c3e3b8a63a836ff749e9b1f967d0efa2ee030884432	580
atlas_wood_ancient	bark_oak_rough_[Era_1_ANCIENT].prompt.txt	dd565cad3668e15cf803d471c977ad3e04f951ae5939a4d8e612d1c3c759cf53	587
atlas_wood_ancient	bark_pine_scale_[Era_1_ANCIENT].prompt.txt	b3d128fa4547a01397ca1db30bc4a16b550cdce73da71eef73d372080d009e29	563
atlas_wood_ancient	beam_carved_[Era_1_ANCIENT].prompt.txt	ecf03ce08a809eee457f861edc009b2165e72c4b809f7e40149ff877c8044083	553
atlas_wood_ancient	beam_exposed_[Era_1_ANCIENT].prompt.txt	e93c2ee5e87d2ef106d7a1e07ae479daebdda567ff7d694f8a1f193950321072	584
atlas_wood_ancient	beam_heavy_[Era_1_ANCIENT].prompt.txt	4caa212c3b3c5a203e9402336aa9e857aa68438154bc0b2be89d308348c858b7	633
atlas_wood_ancient	birch_bark_[Era_1_ANCIENT].prompt.txt	389f6b7beb886910012149fb2bdcfa135d10666fcfdfe065d97b20c54fcae5ce	598
atlas_wood_ancient	birch_white_[Era_1_ANCIENT].prompt.txt	2d62e771e6c71dbedc92a1fd5d4c43690ca45cd47369ebd22c4f56852471aca9	585
atlas_wood_ancient	cedar_grey_[Era_1_ANCIENT].prompt.txt	b17ad6a4b96e36a4e4fd21b081fc783252e4437a7b7680157777af19b20d8ba2	584
atlas_wood_ancient	cedar_red_[Era_1_ANCIENT].prompt.txt	3f71837eb6e345564e1687cb544afd957f339858b251b1962d9cf37be119e54e	653
atlas_wood_ancient	charred_deep_[Era_1_ANCIENT].prompt.txt	825310117e8298ef9443f91499e6ec3824e233e57e3e08e38781a55d7a2af47a	614
atlas_wood_ancient	charred_surface_[Era_1_ANCIENT].prompt.txt	8c841a46cae01356dfbc1d31dd91b6f5f4894ea621625be5119a068167059b12	580
atlas_wood_ancient	cherry_warm_[Era_1_ANCIENT].prompt.txt	a658d87a89e852ec3c7ea58dcc9aea892d1dcc2aed01c24855dfda697422e8b8	602
atlas_wood_ancient	driftwood_barnacle_[Era_1_ANCIENT].prompt.txt	5c9bd227f6ef93fcb58ecc16c167ea46b6294140d76f9e8aa13ec70a410d4407	657
atlas_wood_ancient	driftwood_bleached_[Era_1_ANCIENT].prompt.txt	999c7130f0301b56e124dec34091bdfb288e28e054e7cbcad0958aa268100f17	600
atlas_wood_ancient	ebony_black_[Era_1_ANCIENT].prompt.txt	c5da3cf224e7c4186da92d8bb3dab1568dce775a23fa38eee81402d15d4370c8	599
atlas_wood_ancient	elm_interlocked_[Era_1_ANCIENT].prompt.txt	3ac20ad5440d59969d8999ee7547a4553b3d3a9e61018b5cde2fb0b554114c1e	600
atlas_wood_ancient	fence_picket_[Era_1_ANCIENT].prompt.txt	009f12430a651f7b9c6d611187452140d9dd34e5641e3a22a4170f082df906d0	600
atlas_wood_ancient	log_cabin_wall_[Era_1_ANCIENT].prompt.txt	88d983e61d9dbe000d32edb6a2ab9b86aa990c5a694ae1a743f87cc3233970d2	592
atlas_wood_ancient	log_pile_[Era_1_ANCIENT].prompt.txt	b68937657e0774302f476984b93af7a936a00a95efa1b17e3aee303c6fc369b9	616
atlas_wood_ancient	log_split_[Era_1_ANCIENT].prompt.txt	1cada244af12c9dc760cfff0f5f1fb3370d85ff4bd9d7b4140f9ae0591a488b4	552
atlas_wood_ancient	mahogany_deep_[Era_1_ANCIENT].prompt.txt	9b9eb809e1150685ae6be6ee576ef621b0e308dcaf5b72b5ee3a3103f4f65458	586
atlas_wood_ancient	maple_burled_[Era_1_ANCIENT].prompt.txt	28b040644a84dc6ab4c129657538a5e750872a8afaa25ab7726e92a618fc9056	588
atlas_wood_ancient	maple_light_[Era_1_ANCIENT].prompt.txt	e017c9ffb9bdaff0c7aa7a6bce3ab24a2f9eb1b4fb0fdbacaecdc5a4ff9f3dd0	592
atlas_wood_ancient	oak_heartwood_[Era_1_ANCIENT].prompt.txt	a928fc78f2419bc7e43dc94274a86db728edf2be751a442555f799f41728f0cf	558
atlas_wood_ancient	oak_weathered_[Era_1_ANCIENT].prompt.txt	d7f0908f27870e07a2e1b7a15dceb012c29d611e23cc2fccefefd61515d557c8	585
atlas_wood_ancient	petrified_[Era_1_ANCIENT].prompt.txt	a92a9319a8913564c0ed88e2b5e270cd326c31a022caaeb17da055ffe2ccd29a	606
atlas_wood_ancient	pine_aged_[Era_1_ANCIENT].prompt.txt	bbed46c6f01b93a7f994ebee63d2cee406592dde2b2b22f928256d2b9a0122a5	613
atlas_wood_ancient	pine_fresh_[Era_1_ANCIENT].prompt.txt	38ba05dc57770c5ced7255a22545df6a60fa252a6cd85211d66c8185ef6cc208	617
atlas_wood_ancient	plank_floor_new_[Era_1_ANCIENT].prompt.txt	b4a7c49d9139ef350960d34f448c0b3871442e92fe2b78d732ac57db3f90817a	576
atlas_wood_ancient	plank_floor_worn_[Era_1_ANCIENT].prompt.txt	350876e25db90b08d4830bef85b11ff09bab159074c9856be27fe02bb8f899c5	624
atlas_wood_ancient	plank_horizontal_[Era_1_ANCIENT].prompt.txt	704915d9919daec3e8101a5024eb1d50bed198a73b059e4d1a76f403480a5f34	563
atlas_wood_ancient	plank_ship_deck_[Era_1_ANCIENT].prompt.txt	ac38487de44151e7f5d7479c0d1f5b4bd4267bc2b879d9e2d0444a9a07058662	534
atlas_wood_ancient	plank_vertical_[Era_1_ANCIENT].prompt.txt	81cd07723b727ec4914453e83abecc95696f00beb1cb41081de1f952f512e9c2	648
atlas_wood_ancient	rotting_fungal_[Era_1_ANCIENT].prompt.txt	c31a1809f9eaaf732f44aacb47442e4a964b724e0844dbc436c08fc13f058531	647
atlas_wood_ancient	rotting_soft_[Era_1_ANCIENT].prompt.txt	dbbb96a7b69d9831fa2960f6d3be2466b99c781d4e65c5de366b9d11ad117d30	597
atlas_wood_ancient	shingle_old_[Era_1_ANCIENT].prompt.txt	267f34d7a67d3c8aefb82ac6cc65a51b994143eb705ee20f0831b89e3b0e8258	549
atlas_wood_ancient	shingle_wood_[Era_1_ANCIENT].prompt.txt	32aadd04bce3f876b9a13e939693b15ef0b4ab2e99195bf181c788e52be95bf8	578
atlas_wood_ancient	teak_golden_[Era_1_ANCIENT].prompt.txt	6f3de6b7df98b0941ec61660c86f9e3b4a440dff0978f948b77f0b9c5993c9aa	627
atlas_wood_ancient	walnut_dark_[Era_1_ANCIENT].prompt.txt	b77f73d3b03692fe9aef86f106c63070adfd44f257d8f9e168328658959a6b68	617
atlas_wood_decay	ash_pale_[Era_3_DECAY].prompt.txt	75d75f74ee9e8ed71bffe8d8382547f322ce31944d812a8dd6f09bb36a4f0c56	634
atlas_wood_decay	bamboo_[Era_3_DECAY].prompt.txt	2f409a14864b08917238a826935178f042983358ab8ff411f4e88ecf2f40c153	656
atlas_wood_decay	bark_ancient_gnarled_[Era_3_DECAY].prompt.txt	3ab888ef466e0c4aa5508bd4beec0a055460c2b04732a9e67537924c219036b8	640
atlas_wood_decay	bark_dead_grey_[Era_3_DECAY].prompt.txt	fc78e5d63d969ca54a46f1068483e3a84e878f5b95a55d208af35f5d47d16805	605
atlas_wood_decay	bark_oak_rough_[Era_3_DECAY].prompt.txt	e3be0624c13281cfbb19c2af752ea8c689d5565ac776eb4a5f8d61efa20aa750	626
atlas_wood_decay	bark_pine_scale_[Era_3_DECAY].prompt.txt	e0cbb53aa39fa8375885c1b6269daa3c252daf418a70d9e7031a9a36cc214a14	604
atlas_wood_decay	beam_carved_[Era_3_DECAY].prompt.txt	f3973e86540fb29aeca31fbb37955b5d0bf3065f0636abc971e83586b7e3a912	609
atlas_wood_decay	beam_exposed_[Era_3_DECAY].prompt.txt	e8ca4b59e20f02108566cedacb3bc9d431dad6410098395a3ad2b3a448d11904	626
atlas_wood_decay	beam_heavy_[Era_3_DECAY].prompt.txt	43296998496bc82b85b451972de2cb67ff0be0958ccbd8e6ed7e8873cfef35fc	598
atlas_wood_decay	birch_bark_[Era_3_DECAY].prompt.txt	6446442a7402b8c1ecc2ea1019982476c61bc2f5440678f7ddbd55a3619dab20	617
atlas_wood_decay	birch_white_[Era_3_DECAY].prompt.txt	a34426ef6336c0827b785e4da08af1fa47609af5dc412fbdb3d5cdcdea853e3b	623
atlas_wood_decay	cedar_grey_[Era_3_DECAY].prompt.txt	b8e2a0151a2ac7ce5c3bde45251e9bba167a71113800bea5e000361c66e841aa	643
atlas_wood_decay	cedar_red_[Era_3_DECAY].prompt.txt	d646a62d4f223b13e954fb2edf1d7bfe0d60b5c174dc1543bcb8b2590a8b5a8c	617
atlas_wood_decay	charred_deep_[Era_3_DECAY].prompt.txt	b159839c10421a753a1ac8f5e6af9750c65b5122e87bb5f234868e2475e6f933	593
atlas_wood_decay	charred_surface_[Era_3_DECAY].prompt.txt	a36c44d337e7ddbfda964d7cfd21884fb77e3337914e8ba2f33e39effc4a8906	629
atlas_wood_decay	cherry_warm_[Era_3_DECAY].prompt.txt	b0db877019c2748a37e373d6224a59b2c0e8ba15bf9b69bed0bcf8577466f45c	646
atlas_wood_decay	driftwood_barnacle_[Era_3_DECAY].prompt.txt	d9208fa72f787381882d258ca29d930da0bbca580535c7a3dd1fe1fc95441129	650
atlas_wood_decay	driftwood_bleached_[Era_3_DECAY].prompt.txt	ed955340d97bec3ef3ca4fbdb99f1c27c8f4a07004e04d136fdcfca099e9ccdd	584
atlas_wood_decay	ebony_black_[Era_3_DECAY].prompt.txt	8de12f501f468971967a7836cd69af53af111d193d487839c859eef6477ef1d6	642
atlas_wood_decay	elm_interlocked_[Era_3_DECAY].prompt.txt	442345189be7face10aaf50f768ac29637f7c4ae7f4ab4886aeb31c3c9efcd87	549
atlas_wood_decay	log_cabin_wall_[Era_3_DECAY].prompt.txt	dbef854e144bdfa25ca2b20406c8e8b2f170f601bf0705bf24dfad970e75a94c	625
atlas_wood_decay	log_pile_[Era_3_DECAY].prompt.txt	cd73558be8ac2da6f6be8c102f8a1b069997a19b44eb70346973cbe71501a063	629
atlas_wood_decay	log_split_[Era_3_DECAY].prompt.txt	8bd00d6c237c09a35a1e972ef9656bcc05ded0c9339672f4598bf4166213b329	578
atlas_wood_decay	mahogany_deep_[Era_3_DECAY].prompt.txt	757587c8d4bfbef7cb5548014f0f8073d6f38ef7c261a493371bdb1893969380	619
atlas_wood_decay	maple_burled_[Era_3_DECAY].prompt.txt	ad3f2ae08368f719ca05526a277b9097114cbd3fd31676eb6b6db01e0575444c	621
atlas_wood_decay	maple_light_[Era_3_DECAY].prompt.txt	8bed7ad698558b2de563d45a6d168c2c447dc319b3f8d645316fc156376f346d	627
atlas_wood_decay	oak_heartwood_[Era_3_DECAY].prompt.txt	cf98046e666ad775e3032d640ecc62c82634424874b628bf943eb894e2b19fc6	626
atlas_wood_decay	oak_weathered_[Era_3_DECAY].prompt.txt	41d45b0f54440a9ff50abeff8e9b9c5808f558a08480d2e5df18e5a436a350c3	641
atlas_wood_decay	petrified_[Era_3_DECAY].prompt.txt	601791c8b56343e133cadef09c249bec8961f81931a721a2ceb9abece5532517	562
atlas_wood_decay	pine_aged_[Era_3_DECAY].prompt.txt	f9bc7251a6f01c7b19fc5957fbee1c236093354a550e794b95acd2f0cbb1a90e	620
atlas_wood_decay	pine_fresh_[Era_3_DECAY].prompt.txt	1a5b2a701da5988f27aa9d7dd17a34e0bf98467f68a21a3ac56b0ca120316d54	572
atlas_wood_decay	plank_floor_new_[Era_3_DECAY].prompt.txt	471278f25966bbdc9f0dc79d5e94e610683c7b247e6cfbfabd91cada4589af0a	650
atlas_wood_decay	plank_floor_worn_[Era_3_DECAY].prompt.txt	838b22f6284020e424a3dabe72a6a37e59ff8263b93cbe21776ba9f6d529d3ae	614
atlas_wood_decay	plank_horizontal_[Era_3_DECAY].prompt.txt	28710231ef00b55633739cf05efed36d6393ab422eab8036a6582abbc42cd828	638
atlas_wood_decay	plank_ship_deck_[Era_3_DECAY].prompt.txt	c0071247fe86307669767d073c1e0968c1e37053ba61a151a21abcd0567e4aea	617
atlas_wood_decay	plank_vertical_[Era_3_DECAY].prompt.txt	2d1945417284ab6556c9f662ad44843b986bdfc94b45a812b2ec2d78c1bf552b	611
atlas_wood_decay	rotting_fungal_[Era_3_DECAY].prompt.txt	c8c1eab8d21d6c43c2e5f2709e1bf87b7c8fb01c09eb5f708e7a4c305dcc0aa8	596
atlas_wood_decay	rotting_soft_[Era_3_DECAY].prompt.txt	54783e6a2ac061e5b7c218d6fafa615b482d273a34432aba5f6943a48f0ad915	630
atlas_wood_decay	shingle_old_[Era_3_DECAY].prompt.txt	8f2277790717cfe0b531b644418d3b4bc8869a75b2a3052c1966cd02a3a6542f	578
atlas_wood_decay	shingle_wood_[Era_3_DECAY].prompt.txt	376ca65fff40f1388888f5c89bd7efcef083bc15bf3f62a592c2226c4b51fbb4	632
atlas_wood_decay	teak_golden_[Era_3_DECAY].prompt.txt	f800db7d59e5fe5475663a553803f109304f0d0ad378de040adf99d045acc44c	600
atlas_wood_decay	walnut_dark_[Era_3_DECAY].prompt.txt	9f7d9a753503eefc9a5aa5b5efe1faf6fd6ae136a66d9ff2e0caf4f50956e8b4	646
atlas_wood_golden	ash_pale_[Era_2_GOLDEN_AGE].prompt.txt	80cf03be6bd1451f87fe7231bef4dd516bb0ff8436b491d1bf3af6629dd9a019	657
atlas_wood_golden	bamboo_[Era_2_GOLDEN_AGE].prompt.txt	32a282351cba092ea084e1abe1a83887788edb8e1ef6120ae088fbfce06224c3	632
atlas_wood_golden	bark_ancient_gnarled_[Era_2_GOLDEN_AGE].prompt.txt	697ab07a9c8e29a7d9556b942ebfc29672e42a16408c05c47c71c50f900708bd	617
atlas_wood_golden	bark_dead_grey_[Era_2_GOLDEN_AGE].prompt.txt	85f7ff7b1f7f369ba87cf8e51eb557389c8a4874d37533863e531b3eea85f988	683
atlas_wood_golden	bark_oak_rough_[Era_2_GOLDEN_AGE].prompt.txt	d36adf6d602e5f168931eaebccf9624eafdf8f8fa024b4744fddc219d98c32d4	598
atlas_wood_golden	bark_pine_scale_[Era_2_GOLDEN_AGE].prompt.txt	1608a31b43023888413e4018329653915630d4bfd1fdfefc07c6d4838d61db2c	573
atlas_wood_golden	beam_carved_[Era_2_GOLDEN_AGE].prompt.txt	99e60eef11bf0e554086e7001eba89190f6fd830666d5531c4b27f16bed933cf	594
atlas_wood_golden	beam_exposed_[Era_2_GOLDEN_AGE].prompt.txt	20d8b9bf1d5267cde0adacabc3a0eb34fdad5731db9621519167e29758b061f6	618
atlas_wood_golden	beam_heavy_[Era_2_GOLDEN_AGE].prompt.txt	29c0296f9f058562c0568bf747829dceeb2a41a54952b14fb9f2ddec382bd806	591
atlas_wood_golden	birch_bark_[Era_2_GOLDEN_AGE].prompt.txt	65ad06d6d556e44261ca4f1f58d42fc52b4ab117f53c907ca54e8b5352ecfbfa	601
atlas_wood_golden	birch_white_[Era_2_GOLDEN_AGE].prompt.txt	783f474f4f2c5290f07b5f27d4f01553405d277a15d0e579a3e9dc8131586991	607
atlas_wood_golden	cedar_grey_[Era_2_GOLDEN_AGE].prompt.txt	316849c7185f81bf50ad7f4200193e9837492f962c847f7fb29dcdb0d14c3484	580
atlas_wood_golden	cedar_red_[Era_2_GOLDEN_AGE].prompt.txt	203090b188b98f392ab09f39ee98f5d7333225bc2ef16072386b93d0c0efe3e9	570
atlas_wood_golden	charred_deep_[Era_2_GOLDEN_AGE].prompt.txt	0d57fab6a22c925fab23e1a04930427a10e142881e37333f3c09a5f54c255a62	576
atlas_wood_golden	charred_surface_[Era_2_GOLDEN_AGE].prompt.txt	8a83c2174b4bf78a67a620a8110265e355ac79d6d9d05f5c248f9e1f4716ceb9	576
atlas_wood_golden	cherry_warm_[Era_2_GOLDEN_AGE].prompt.txt	29fb7c733efbe93d774f91f45b35f56b1b117abdfa268df362df067bbb89434b	559
atlas_wood_golden	driftwood_barnacle_[Era_2_GOLDEN_AGE].prompt.txt	2eec5905d6444e7cf7d16acbfeffe0e34a27339f79ab6caf192149a14bc70cee	557
atlas_wood_golden	driftwood_bleached_[Era_2_GOLDEN_AGE].prompt.txt	751bbb6d087890f67d109fbe43e1e01fe0457de6979ecc8a5eb069bbebd4ce80	605
atlas_wood_golden	ebony_black_[Era_2_GOLDEN_AGE].prompt.txt	e6147e5b8ec2eeb6a3225099f6dc3083884d13bda46772e39061575c40ffa6bc	617
atlas_wood_golden	elm_interlocked_[Era_2_GOLDEN_AGE].prompt.txt	cd8aa603c65cf127eebed8470a0facf913bde1f8c310ae4c66f9ccc7ff331c52	657
atlas_wood_golden	log_cabin_wall_[Era_2_GOLDEN_AGE].prompt.txt	da33ddb39cefb23bcb10a0c3c94ce5198f368dcc6870c12ea403348a87770fca	582
atlas_wood_golden	log_pile_[Era_2_GOLDEN_AGE].prompt.txt	c5b8a65236b3b9850d52e542a579cc51407ef17289edf3e1f0cc6bb67c8d39fa	594
atlas_wood_golden	log_split_[Era_2_GOLDEN_AGE].prompt.txt	dd64aa712fc48a3bb4c4e23a3c1edf151f509987954474f253a253a1ec2dad35	583
atlas_wood_golden	mahogany_deep_[Era_2_GOLDEN_AGE].prompt.txt	1dbec2bd656afe9a7fcbcca59d7eba4e9005c6fb27bfea3d7debf56045f5733e	610
atlas_wood_golden	maple_burled_[Era_2_GOLDEN_AGE].prompt.txt	03627eb4d7e49e364b337f3607aee25ce26a0a38ed68f0389f0bd6f286f646b3	597
atlas_wood_golden	maple_light_[Era_2_GOLDEN_AGE].prompt.txt	8b79e42e061a1a86b3a18bdf6a5b79ae0989fe05dfd95eeb759d0e12c0c9de19	623
atlas_wood_golden	oak_heartwood_[Era_2_GOLDEN_AGE].prompt.txt	d1f0a92fe66cd3ac63aaae60c8b989c994a3e1bc039c19a7149854f3793a9f91	658
atlas_wood_golden	oak_weathered_[Era_2_GOLDEN_AGE].prompt.txt	8f760f7616e4f9c658113148ae707b99f79b6d89015384c98ce2200273cd02d5	586
atlas_wood_golden	petrified_[Era_2_GOLDEN_AGE].prompt.txt	e08cd98f218c5e45825b4ff4c08a1a02e79b5757370ebbb068669d75d84beec8	674
atlas_wood_golden	pine_aged_[Era_2_GOLDEN_AGE].prompt.txt	3147a26a4916bc377670bcdaae356f4e180530705f39b7c29ae706b8497f4968	580
atlas_wood_golden	pine_fresh_[Era_2_GOLDEN_AGE].prompt.txt	993633acff623d76ec4b64f4d4f38859e5ee115e04382ca107b3a92547a12fa6	609
atlas_wood_golden	plank_floor_new_[Era_2_GOLDEN_AGE].prompt.txt	1af39db6959a06d9c8a2ef09b45c8fcd66fa109b793381317ff68df85878eff4	620
atlas_wood_golden	plank_floor_worn_[Era_2_GOLDEN_AGE].prompt.txt	645bf491777110852e9aacd85e6298727aa71a5900358db4c9f41466febc22b0	628
atlas_wood_golden	plank_horizontal_[Era_2_GOLDEN_AGE].prompt.txt	458b78058c4170dc58bab7d6ec3ba1f12b35a72120b84f36ea2ecc4923f653dc	562
atlas_wood_golden	plank_ship_deck_[Era_2_GOLDEN_AGE].prompt.txt	ef64472d9a25b1dff72a6f1d467f9edd0fdedf8c633c6c7ccd7d0c94e93ea129	677
atlas_wood_golden	plank_vertical_[Era_2_GOLDEN_AGE].prompt.txt	1efd00ab48222b4c48c4106973c0e8c37ce6216f7e1b0a6324a10c05aa751e26	590
atlas_wood_golden	rotting_fungal_[Era_2_GOLDEN_AGE].prompt.txt	4e378c98976c0b5f09fa04fe164a3de7db25abbf45c3d0f35a71541f8a6fd112	594
atlas_wood_golden	rotting_soft_[Era_2_GOLDEN_AGE].prompt.txt	71522f8d9f240da817841675288a9eafc257e1ed36c1a3f871343ae2bc6fd6c6	623
atlas_wood_golden	shingle_old_[Era_2_GOLDEN_AGE].prompt.txt	1254fee5e3f1d891d97be77e2f3d2a33c3a50233af730e5cc23862e5a6fdba2e	570
atlas_wood_golden	shingle_wood_[Era_2_GOLDEN_AGE].prompt.txt	06cc69981c1a5ceb87a5ec57d93732577a3b89275d3c4df5acf97af2b57bcdf6	623
atlas_wood_golden	teak_golden_[Era_2_GOLDEN_AGE].prompt.txt	116f1e66cc95b838f44ebc83cb79019f795f76e6b6e968e67fb674f99c59c7a2	588
atlas_wood_golden	walnut_dark_[Era_2_GOLDEN_AGE].prompt.txt	0e33c58bccc2d62316faca26ff20fe770fed6bde254e485cc35f745d712e705c	628
atlas_wood_void	ash_pale_[Era_4_VOID].prompt.txt	3ee1843faf285b738c54eec3ef8b0d5ba8e07b25921aee5d0644adfbc82b55d6	566
atlas_wood_void	bamboo_[Era_4_VOID].prompt.txt	7d9b0e92b91417daf4af71045fcec91eb6803fe2d5db2a7f97665851b6510176	593
atlas_wood_void	bark_ancient_gnarled_[Era_4_VOID].prompt.txt	5308cab9ac0cace55f04e0cd1ae0465b9e7c9539907bb42446b936c240a4ab64	686
atlas_wood_void	bark_dead_grey_[Era_4_VOID].prompt.txt	e3a2ee84b05560f7830ab3c402452ebee98162d54ef4e31bd0fdfc7133f402d5	665
atlas_wood_void	bark_oak_rough_[Era_4_VOID].prompt.txt	f9ccd1b01763b2d35e9398a117f153ba54666f65c6dce25a0a744553330190fe	616
atlas_wood_void	bark_pine_scale_[Era_4_VOID].prompt.txt	081c8792f8fe9b7452ac11e75bded751dbcac892640d2dc7a3c6f80316bfab4c	629
atlas_wood_void	beam_carved_[Era_4_VOID].prompt.txt	eea1e6adaaea755fc5ba251024c12ad67c43895ad4b513ea0c6d418ad198206f	648
atlas_wood_void	beam_exposed_[Era_4_VOID].prompt.txt	32b6991cab9b0007a25a3eb55cbace7a8d08db179b6d7fe827c8c5f8b5f56e7f	643
atlas_wood_void	beam_heavy_[Era_4_VOID].prompt.txt	80c50facb4a6f35c02af0b7abed88e077e6460864e9420a757d1247ee84852e8	643
atlas_wood_void	birch_bark_[Era_4_VOID].prompt.txt	32e6685033b103744aa96cebe83b9e7b00b3e1161e893435207cb1b72e5ec2e6	627
atlas_wood_void	birch_white_[Era_4_VOID].prompt.txt	6f38c4653be0c3b0ced9eaa6d08025721c5e7bc5b9cb64b5b02e37b3c5145b20	596
atlas_wood_void	cedar_grey_[Era_4_VOID].prompt.txt	c8cb4db19b11949e9bf374d7c5adc5d50522664e46aad710debe042f997ce533	599
atlas_wood_void	cedar_red_[Era_4_VOID].prompt.txt	cae48f8957cf9969fa2a603370a4a60a8075f2187e34399b21af50eb2afa0b71	617
atlas_wood_void	charred_deep_[Era_4_VOID].prompt.txt	8b3ba77db4cf521f1f6aa47d9526e41ebc1b5da28018e55376e677fe4e0c8344	697
atlas_wood_void	charred_surface_[Era_4_VOID].prompt.txt	c8f4bb55a9f942518b27ec8b2bd9e1fb3b16de44d70b9d69b0ba3c7708ad4619	656
atlas_wood_void	cherry_warm_[Era_4_VOID].prompt.txt	34d202f8893e72d39a1f375124f40499fc3d55c7250a90b536f9eb3eb181f680	639
atlas_wood_void	driftwood_barnacle_[Era_4_VOID].prompt.txt	0d2d91e9a9957183149c3c1f0d5f8bd3e85e23f82cc0a9acec4bef81a11c4765	652
atlas_wood_void	driftwood_bleached_[Era_4_VOID].prompt.txt	2bc10bb8f8067875ef972cedb9a68743aedb52282c11d7dbe069fc2ed7dd1ed6	649
atlas_wood_void	ebony_black_[Era_4_VOID].prompt.txt	7236dff33466ac3da5415e8327823e666a3bb8245fe59583f715c7da0daf4f45	556
atlas_wood_void	elm_interlocked_[Era_4_VOID].prompt.txt	ac72b6b5cd88286ffe4b9ace79cf09b6dd68b99e0b275ebb7f5f37b1eae50e5f	577
atlas_wood_void	log_cabin_wall_[Era_4_VOID].prompt.txt	7e589e5af42da763b82641a6fe7a1b553603b6fd7ec6867437a1e7cc1e0fc8ed	603
atlas_wood_void	log_pile_[Era_4_VOID].prompt.txt	4afc6897fb878c56f7ad6cc74e2b710e9090a8801c2b463434cdf6770151b316	629
atlas_wood_void	log_split_[Era_4_VOID].prompt.txt	4bbb37b7e9afcf6d2f015211bebd24265710bf312e0089ff67dbe54f3d5e45f6	596
atlas_wood_void	mahogany_deep_[Era_4_VOID].prompt.txt	bc30eaf462f1d63d0c675aae5bbf35c00dafdc3252ebc5cab765bc2003ddefb3	617
atlas_wood_void	maple_burled_[Era_4_VOID].prompt.txt	19747a7d364b63eb274f2b590a919b1807933aad770a3fa120eefc3f21be91c6	634
atlas_wood_void	maple_light_[Era_4_VOID].prompt.txt	306379d0fb97d2cc69b194e668d5b3c556a5e3ad668647753af704b6ed6848d6	646
atlas_wood_void	oak_heartwood_[Era_4_VOID].prompt.txt	4798ce8c7643d795679bbef4666c74e9cc3aa5507b919555e29f46753d2cdc0f	539
atlas_wood_void	oak_weathered_[Era_4_VOID].prompt.txt	deec65ab5d42b07cfb694c812d7017fdb959d959d1afdd5621fb18c3c855b667	602
atlas_wood_void	petrified_[Era_4_VOID].prompt.txt	7356686de8bd865c80af9435745450d06a7efcbb7d677ca2ac43b74c8b9dfec9	678
atlas_wood_void	pine_aged_[Era_4_VOID].prompt.txt	4637d2a191eca66505b2f811d8fd2aa46bd9bf2480971c89252ad9fc0ccdb500	593
atlas_wood_void	pine_fresh_[Era_4_VOID].prompt.txt	1093f20fb4e6c657337084190a393f1124413e3f3efde75aa9895739b12bfcd0	623
atlas_wood_void	plank_floor_new_[Era_4_VOID].prompt.txt	9638e608607da09c4eb296d31753bcd46e2bec48a91bada64bdf45dff4ce5bd7	646
atlas_wood_void	plank_floor_worn_[Era_4_VOID].prompt.txt	f68f9ed141e7c2cfbc0ea1583f1f55f208a423b4e12b07421fcd792263b067f5	641
atlas_wood_void	plank_horizontal_[Era_4_VOID].prompt.txt	b4b99e20ae002bd1cb2e55d95c8fb9e3b29d6663e889cbd6215307f8a309b8d1	611
atlas_wood_void	plank_ship_deck_[Era_4_VOID].prompt.txt	548b821e705a06a32b5c0b8e9bd8bf5809c2014b78e36cb918208746f77eb7db	604
atlas_wood_void	plank_vertical_[Era_4_VOID].prompt.txt	67b72c53892df0b0af424ab9afccfb3b2eedd860e8263c8d6bd99ad6575c337b	631
atlas_wood_void	rotting_fungal_[Era_4_VOID].prompt.txt	625944b473d6e27e51f7c85e414cdc3beb41c5f9a005bceb517cd66b63cc92be	657
atlas_wood_void	rotting_soft_[Era_4_VOID].prompt.txt	efb6ff131cc26382d6d1422c10dac003d9c41068e07d5d6e7b1a7aa273687bab	623
atlas_wood_void	shingle_old_[Era_4_VOID].prompt.txt	93ef73eaccc0d3cf69abca2b91d6d7f03e32a90278178c889fd92f58a9fa0eae	607
atlas_wood_void	shingle_wood_[Era_4_VOID].prompt.txt	34ffb4fd4b87fdf1e544688de2db82f285bb16a150eb4cfbd390830f29300af4	585
atlas_wood_void	teak_golden_[Era_4_VOID].prompt.txt	19649e4d6e5f86f241193cb229552a87bd5dfeb17c1bb09b081f20066408bf5b	592
atlas_wood_void	walnut_dark_[Era_4_VOID].prompt.txt	197cb98e5e84822ba1ffb12c06b0a1a9ed26a1b93c1a5a6449b1448cfe5e1ff6	660
atlas_wood	ash_pale.prompt.txt	28caa68e6ef28cb1a5fb06d8c8e6774aee99a2ccc835c5b5a6836525d764ef2d	553
atlas_wood	bamboo.prompt.txt	f71e000a8113dbac12c2b4ccff5a361b28780d4c93c56bc14653069e81984850	588
atlas_wood	bark_ancient_gnarled.prompt.txt	53bc805d5128bd37e70652995259fe5e6d87f8fd2f630240695918a9ed658ee5	561
atlas_wood	bark_dead_grey.prompt.txt	e85f1942063653e01e7e6d4eabd104b99a8f592b155dac40f7c0efaf1765bb87	591
atlas_wood	bark_oak_rough.prompt.txt	63546a0c71652258ce361ff33bc7e311ef3fb4cf6b447cc4e5938042a1738b5c	636
atlas_wood	bark_pine_scale.prompt.txt	0d25a302d8cf87d09c8ec04408633f07ed637addf5a7ef8017e6eebae1086af1	626
atlas_wood	barrel_stave.prompt.txt	ba324a4a063f646c2579fa1aad0cfde7d0fd9bff109fb936e9b9460c46bd857b	355
atlas_wood	beam_carved.prompt.txt	344582bddae7f51394f088cd699ff2e689af71e6cabf44495c498d792e3f5202	602
atlas_wood	beam_exposed.prompt.txt	3e072ea2bc54388ca145c3a990a175aba430d9eead38b22315c0556ca92f3fb6	549
atlas_wood	beam_heavy.prompt.txt	6ce8aca94a09e3fac5669408d1de8557be35561547e5f5feaf6efde43619e9cf	591
atlas_wood	birch_bark.prompt.txt	95db9ab7e61c0c309f0617b8a6fb2081e9c70593ca7695a7d654de91ec1436f6	566
atlas_wood	birch_white.prompt.txt	f96e7b0f7a67631db3232e7c8ae44a25a47b5a963bc8f7e31e26704654b4fe78	546
atlas_wood	bookshelf.prompt.txt	73d1dac6b36edb1eba142a7e9194f6a8ebf2e9d56997470d82ee1aa1b3e90fe9	356
atlas_wood	bridge_plank.prompt.txt	bafd0445e7dbd3f8e5e58f580fdb202349bf06558f6a86871a25d48120556fd6	349
atlas_wood	cart_wheel.prompt.txt	b165c02a720a4206bd79d54e99a1c5839f30f3801a45e3f773329257c77baa38	349
atlas_wood	cedar_grey.prompt.txt	30c91a60f57f23cece8ccee6ca4c590a96aee5aa8ceb1ee5078d9ef25d4600c1	598
atlas_wood	cedar_red.prompt.txt	8105e8c20df47b13f047ab3bd879f15f137dfbceb4c97c264e3e0df50722938f	598
atlas_wood	charred_deep.prompt.txt	70fea3a7bdde5d93666c827d6bf42d7ce01caeab5f0fb1e12edb2a6617d33937	586
atlas_wood	charred_surface.prompt.txt	1ad7e79c735c984e4b22e4adfc979ffb402fb9f7d4bdb0378601316bf0a765b5	572
atlas_wood	cherry_warm.prompt.txt	3d27f6e56c980ce7a5b0644d2f995f1926256e79f912b9fdae7b54e138fe6940	568
atlas_wood	coffin_lid.prompt.txt	b95758d1cce416753ec3c04b8b9ca53446bf4499055a5826a7d3090f014b6960	345
atlas_wood	crate_surface.prompt.txt	e77680f31ecf60aca12fb088e58cbe92e28636f2a738be0e933d48af77357fcc	354
atlas_wood	door_heavy_oak.prompt.txt	1cf3ac946d9f2cbf796fc50eddcab906366cd72401b413fe10e73e167eb02970	352
atlas_wood	door_rotting.prompt.txt	ef02bb25d7effe47b03ec93591ecf8190a5d6e8925a66f67e6a692a1cb79f475	356
atlas_wood	driftwood_barnacle.prompt.txt	31b8e377994d46553bef4375550286c74235bd42af2e8c5d852e455e09025487	534
atlas_wood	driftwood_bleached.prompt.txt	766250fe61456c1cf4e926b47da47a0d60a785bfee902002fe13afab2d195c81	601
atlas_wood	ebony_black.prompt.txt	a35a7684cebe9023eb84e26292764b68291153300db50726a1ce37e12a16014f	559
atlas_wood	elm_interlocked.prompt.txt	f8024c60d1e3d5a0f91ff1007d39a550dbb75bcc5c1a15051e3bfb1e8795676b	567
atlas_wood	fence_picket.prompt.txt	561e7a46b7d9f43ebcc3cc06f15a4e9774dc4a3a50410f3018cecc2d20a90518	536
atlas_wood	fence_rail.prompt.txt	68b1f454f778785c3c07a31346eff562bb5fc088ba838d5cb6566af42b1e95aa	350
atlas_wood	ladder_rung.prompt.txt	ef9781c3371cdb0e85056254d371a2c5801bbe6e2275dc37fa6e80694dd644e9	348
atlas_wood	log_cabin_wall.prompt.txt	1e8a1447af9aa757b1ac048558cd15fa4a6ac2ad0a55c93c84c980a32b1bc1b7	523
atlas_wood	log_pile.prompt.txt	ace9f319e37ace2982173db488fbd00a2057a6a12e23ba82d690d08c3bdb225f	569
atlas_wood	log_split.prompt.txt	560daf7d2a941563a65d6749eacecd4b5ca5d351a5bd82c81249adeeb854af3a	588
atlas_wood	loom_frame.prompt.txt	55c193c74d3ce03e9c409f18d92b46ef6a329ded77f7a117a435d1459377a104	351
atlas_wood	mahogany_deep.prompt.txt	b436e624ebb8c48176d636952e8fac10fe5964320f5d81133ec71cb89b29eecd	570
atlas_wood	maple_burled.prompt.txt	2f45e1056e885a2d43b02ce8fd57e8f2eb7122469a99493691ee40d7eac98f79	584
atlas_wood	maple_light.prompt.txt	a080c3e3110de88439ecd222613b3fbf60ec3cee0d2ecfab886a2bc4a27f955c	573
atlas_wood	oak_heartwood.prompt.txt	a4c26478a5c330384e8e9e7256e8cc06b95624d4af233e8e205b930b5380f41d	572
atlas_wood	oak_weathered.prompt.txt	214b96db2e6bea34dd263ae08a8fe3a9da22fa64e2be49362b8ceb0aab3d55c3	578
atlas_wood	petrified.prompt.txt	f6b90c8a9357aa332475504544c0f01fcee1236370837070a00ddc0f7dca9572	645
atlas_wood	pine_aged.prompt.txt	92be0bb682703a8e4fc15d45cadfa9890ad2e6576330a8961e03476c17873897	530
atlas_wood	pine_fresh.prompt.txt	88c0811c81db1f6c5415b39ee3e9c19b5d325261b11cbe6772bdad5186fc4a4c	554
atlas_wood	plank_floor_new.prompt.txt	e9324d5e46092fa1724d25a0ea439808e012088d463eef47d8a06678226d7665	577
atlas_wood	plank_floor_worn.prompt.txt	8ee3a5893eaa6a17cd7db8242e8b984515f0901826e7e4226f7ea1e8e86ab89e	569
atlas_wood	plank_horizontal.prompt.txt	ef99eca17e17fb400b2d32203ce4e838f1b2b727c190a9d02305403e74b65997	572
atlas_wood	plank_ship_deck.prompt.txt	4906b721826b717aef2cf012a52e45d58970332ff749ea35713cc6c11c9ed060	564
atlas_wood	plank_vertical.prompt.txt	c164363a8a1842b43ec16e1089d3addbb0ca306bffab5f1a59a7e022d28d4bd2	573
atlas_wood	root_exposed.prompt.txt	a9465ccfa7b650cba4e842d01100769f01c8b36be128aa23428a641064aa226d	355
atlas_wood	root_gnarled.prompt.txt	964171fba8eed850e199f135270e0acac569dc5b28e556795593d6cc3aab5475	350
atlas_wood	rotting_fungal.prompt.txt	dcd9bd40ffc8fa2a324dcee196f3ab76e7d862995436d8a4a27508e93f9464bd	564
atlas_wood	rotting_soft.prompt.txt	7bbfdf2ecf7c81df042316cd17d58c7123c25864ad4a43e6d8642ade2b3b0f2a	591
atlas_wood	scaffold_rough.prompt.txt	165b088c290bc37ae86caba2497708bf5a74739df3286c0418c1f617d5e25207	360
atlas_wood	shingle_old.prompt.txt	290f3adbfe5f41daf72a39175328bc8f46033b24667ecc80ad8cd91f06fcd881	553
atlas_wood	shingle_wood.prompt.txt	ea4510eaea5ce2ebbae31ed18521f7ecf0c06c4d7b0ee091a35a613fb8e2e464	600
atlas_wood	sign_hanging.prompt.txt	a7dfc59dc7b3dcd4ae520c3f30f5159a54cd8da12b5a85a6ff46ae3bcc6a58f9	357
atlas_wood	stump_cut.prompt.txt	f603e36096347ca210d4b9d828e76214450d0e5050d204160bab104d5891a366	347
atlas_wood	stump_rotting.prompt.txt	57c98a3dcf2c570933e00fe4bf903e0c6669c36653d96e6410b6fc7c02c8da25	353
atlas_wood	table_scarred.prompt.txt	ecff3a67cfe56576b1554dac2be4b64383b0e1763166a741515fd78cd597e233	364
atlas_wood	teak_golden.prompt.txt	0c874af1c483b5fc391b09009da7a531a10fbd8fb282d6bfebe3020527af28d7	573
atlas_wood	throne_wood.prompt.txt	aae78bddeabccc04dec54b859e8a808fe7dd4fdab806ef8b36b7cd98707d3f8c	351
atlas_wood	totem_carved.prompt.txt	1501372da907a28e801660111e95704a9099c749993108fe2481a734a1621163	349
atlas_wood	walnut_dark.prompt.txt	92131ab7275aebdd6424ad5cf1ab9106499f7441fcb1ccace389780dadaa0186	547
atlas_wood	wicker_woven.prompt.txt	543200a8b7bee3ad0481041c3422b80e380d560678fbf7eb253f0ad2a781ec74	351
cards_expanded	card_art_item_crown_zodiac.prompt.txt	7ad6b8281fa3613e20716181ca51782ee558d47a89069c09c430df24825e39aa	585
cards_expanded	card_art_item_ring_binding.prompt.txt	b9ab10cdab21694116c7283730e4292c7edda51c8a477d4ae9d86a1388690a52	608
cards_expanded	card_art_item_shield_aegis.prompt.txt	542b8fe9c89689e5a1774f3b9ce54f585c8edabc1d51c57a64805ae61d2dcb4a	576
cards_expanded	card_art_item_tome_ancient.prompt.txt	b6e21ad3c3d9ef77582bd189768669e26cdc9464fa6050e5672342fbfd51f7cd	613
cards_expanded	card_art_item_void_blade.prompt.txt	5a6a1de11cc012c6811a419b4f08bb5b1d4b8efd3641bcf12dddee1c866b2584	637
cards_expanded	card_art_mob_demon_prince.prompt.txt	52b944444236162e710adf14f5572a73871c3e10b2df5f2ddeef8987e0d4b51f	567
cards_expanded	card_art_mob_elder_treant.prompt.txt	a59f3e312ffb4bafc61ab2ca12236a4a39bbfc7e3d01ddf6041f46cbaa13835d	650
cards_expanded	card_art_mob_goblin_king.prompt.txt	1dc9ba399467d237501294e96390e1ba01db6fc30831a46cce673dba44f99d56	632
cards_expanded	card_art_mob_lich_queen.prompt.txt	4e589f6cdea730d4bac7ee8f38a5fac44c7ee061dbbbf4aac6d4414ecdf5e828	613
cards_expanded	card_art_mob_void_dragon.prompt.txt	f28697d4a8fd0c759c9c7330b588d9fb2eeb1b411896dc7f86dd249a366b094a	600
cards_expanded	card_art_spell_earthquake.prompt.txt	b1ecaa9ee18b1a3e7093fba7bfff20b862bd7bb0b7b140130fdd54dbacb6d35b	604
cards_expanded	card_art_spell_meteor.prompt.txt	874d69f11b8344365ef4befe2571a67c08d3cae1c4e4bc16d197d00d716cbfaa	637
cards_expanded	card_art_spell_resurrect.prompt.txt	2b2f9093b3ba999dd071387bba988f825d2f0c44218d9346b9ddfc03650f1783	601
cards_expanded	card_art_spell_soul_drain.prompt.txt	cf45af203fc085a6b170c9690f4b929fe245581ea3b1a5f93204ce8bf179e12c	588
cards_expanded	card_art_spell_time_stop.prompt.txt	a0cdf3c095b38cee92699fde0145cdc6b01c961c9d4cfe4c10b1ae219cea9b6b	633
cards_expanded	card_art_zodiac_aquarius.prompt.txt	376445f4bcfa76e98317d232fccda32d7174f0bfe5735fc92205ca206043ed83	632
cards_expanded	card_art_zodiac_aries.prompt.txt	a4dc5bf913c4d6c62686a9eda2ceb62a3035e6009fd032adbacdead461680385	589
cards_expanded	card_art_zodiac_cancer.prompt.txt	e8bca151727ce4fa1a7ab86c13f34ee572c5455f378dab2f1ea216706136b1fe	607
cards_expanded	card_art_zodiac_capricorn.prompt.txt	0387e2f984e28077e50f0b577bc376707af6e2f02063e1a2f1314aee0681b5e2	662
cards_expanded	card_art_zodiac_gemini.prompt.txt	45cc14de91acc1a41f74acc0444e2751797a72ca50825190b97495328de5130d	599
cards_expanded	card_art_zodiac_leo.prompt.txt	f148cea86a0c88324c48fb8d96c23006ef586edc56daf541c0c02e3905b1ac71	620
cards_expanded	card_art_zodiac_libra.prompt.txt	e3df9e50d172ad40ff82e7bed7656a036ace73e983b1d64d57816498b56f6daf	584
cards_expanded	card_art_zodiac_pisces.prompt.txt	8a73f5c1893e022ce66a523ac56e21dc7fced2ab1ae2b4bb43db307bf13c6062	623
cards_expanded	card_art_zodiac_sagittarius.prompt.txt	331c061d1466fe62b344ce5de0b072bef7fa63d00e81f568a8e88395a528b39e	609
cards_expanded	card_art_zodiac_scorpio.prompt.txt	790a80ab0eae6688f59e0a262e44568910af30f28180dc770340df6fe4913571	627
cards_expanded	card_art_zodiac_taurus.prompt.txt	3efd8ec84165dc34b69b43ba30e6a6358d53617b307cc1fa939ff12be1c2f3d8	660
cards_expanded	card_art_zodiac_virgo.prompt.txt	fbce24aa580d74b0183615d49b629eacd07b22957e5ca222647b575b858f1925	604
cards_expanded	card_art_zone_dread_lattice_raid.prompt.txt	bff0e54b98b30b2fcaa0f87da707e1f9c62bc8e56d316d5c7015261aa72b1052	609
cards_expanded	card_art_zone_hollowden_raid.prompt.txt	1e93ee19d40cec704e80dd11fbe6459d09869bb617c9276a13ed7c7e1d95f7e6	580
cards_expanded	card_art_zone_void_sanctum_raid.prompt.txt	dc555261acbcd61a03b368ecf46aa7aaefa182e0ff31ef751642b32197ba9901	619
cards	card_art_beast_dragon.prompt.txt	9187d835bf1a8ca95c78955ab3fe01d10019847d37be992ea577db3284872fad	596
cards	card_art_beast_spider.prompt.txt	61e2db6259883146225d982228342bf8eaa9b14579b1f79b1f329e6ce6c4ee1a	635
cards	card_art_beast_wolf.prompt.txt	c98e454f47a3473a02f1da28719e17d96906fe928bc13c2918d3949d16dc25ff	639
cards	card_art_cleric.prompt.txt	1bff2d1b729dbd900c1c939481fe25f30659dd1c61987144cc1cb218112bbe08	675
cards	card_art_item_potion.prompt.txt	508d9f9fbb9115086bd9ed8566e52256e85a218d7641af956a5e6d3a3b2dd2ff	618
cards	card_art_item_sword.prompt.txt	1b6f7bc5a2fabd603e853ddd127b052c333814db1bde51abdbce63c7f4fd9bc3	610
cards	card_art_mage.prompt.txt	51231777cfbb0c821d502e378423a7798f98541da3b2f0ee61f1149c4417f2ca	618
cards	card_art_ranger.prompt.txt	74fdb674e8c9293b4090930689a33a14e2fb8d13430b097ff7afae38683a9865	610
cards	card_art_rogue.prompt.txt	65a266b560e9fae393beccf6c6a6f139a2ade57712e71e017b84a1cf50c551b4	554
cards	card_art_spell_fireball.prompt.txt	6e7002744ae276e135c85f68c8d72c27c0a0d2ecd82c8311f3cfdb630be4dbaf	615
cards	card_art_spell_heal.prompt.txt	cc9b13f3ae497311647e900339094c15f71f598186fe9f2a34c50a62648059ca	605
cards	card_art_spell_shield.prompt.txt	8cb9c13fe4dd6414ff9080efe2a5c90eed9603974604398a9c0754575d3e12a7	615
cards	card_art_warrior.prompt.txt	8ce3fd1e932ffc7d3362be07b017b3b6bea053d8844c68399e8f70aa5f276730	597
cards	card_art_zone_thornhaven.prompt.txt	ac67e3fa8aaf72ed24cb7699ce4555b61fae046fc6eb65d5a307c4c491cd2a97	587
cards	card_art_zone_void.prompt.txt	488e15b672cc3af2fa81af7949ae7d50f2ec069f32a941016d1dbd45cb117eb8	632
cards	card_back_premium.prompt.txt	fc864b2dfd5eb9586cfdc22574ca4e32f4e3c5f883e009d8cedf6bc87c80a755	633
cards	card_back_standard.prompt.txt	e1ecf10394f10937f9596c5b69debc1db1a2847edec9f0feb6cc6d6ca260d402	545
cards	card_back_void.prompt.txt	55a53283868f43491a283d3b2a2f6e7baff768931733fef54d0b99dff1e1cac7	629
cards	card_element_earth.prompt.txt	75ebca2a6e9bf549cf5a4488151c66d79d3b02c032cd7694c0b864cfcb65be31	579
cards	card_element_fire.prompt.txt	ae853680ebcebf8c6a7f2ad0e368a528abcea444ea8b7ba8485a8849458d4f48	594
cards	card_element_holy.prompt.txt	c35d399a89e465199418ff6a3dc2e24bea9b7f521f56422ec20d219590d1cc8a	586
cards	card_element_ice.prompt.txt	45b1f41c264724a20c89edc91573b3a45ebd42faa67b513b2b4f936477c3b172	606
cards	card_element_lightning.prompt.txt	a2b2d0a40ddadee4f3495f4fc8325790c35034e7fa84daefad64e73e5abe266c	604
cards	card_element_shadow.prompt.txt	862c8992d105e74e03a268b7a058d80a309f8519d9c5ccf8f4ec14ec1f4bdfe2	605
cards	card_element_void.prompt.txt	b519fea3690ce90976cc60b37dc0a8c7575d6270f9a18bd3af763016e6c352d1	645
cards	card_frame_common.prompt.txt	d430440447ba1048afb4f828fb8f28dc0326c7d2f03930d1dee74a6b33d0cab5	584
cards	card_frame_epic.prompt.txt	93f799c1b9fde6e25db5f96646c2f0ae26abda36031e2ff659453570196b35b5	568
cards	card_frame_legendary.prompt.txt	e458f554466ceb9c1de0b0e43a70bdc74f770643b34acbc288610bfacd4b45a0	564
cards	card_frame_rare.prompt.txt	7fc15913d50f8985d0056bbcf3af6facbe93338799fabeb8158f3ac8cecad15c	601
cards	card_frame_uncommon.prompt.txt	9a95c433d85b9c5f436d772e27ebb5922a8e18ba9d38cdbe034255826aa7a1f3	581
cybergoth	boot_sequence.prompt.txt	ca5898a952a187152014c6ab30d9d17c9087db5a2a9ef8070730e16c4236c161	658
cybergoth	bsod_blue.prompt.txt	73846230d8261cc029b8924ae71d191c471805ca8a7bd2fcb7e090a8876666e1	575
cybergoth	buffer_overflow.prompt.txt	468a5be32271b7fcfe553263f959a762734242b79251186c3cb50a8d042b769e	636
cybergoth	capacitor_bank.prompt.txt	68ac05616963154512011bc486bc3efe3ccb9430b19db553a860c3f18e4bcef5	660
cybergoth	cathode_ray.prompt.txt	45001301b5509c54e5c868e8045b1bd56e399ac3068f37f5f180de2c36e2380a	649
cybergoth	circuit_board.prompt.txt	97acab923d0b82cef84ac0ba3690ddd70c84bc0039555ca22072739fcdadc0aa	586
cybergoth	circuit_damaged.prompt.txt	e77c0296288275a12c489df6c68f71177add8440d4fba25421b4a475c6630b4d	616
cybergoth	corrupted_memory.prompt.txt	8d66e4f9c99bd64f9b057b9acdfa264802666efeb91eba1f1972d06017cfba2b	661
cybergoth	crt_phosphor.prompt.txt	d66292d264d72f91372faaa5bf247942b2bd6b9ce8784d94d6452d5e00834e52	635
cybergoth	crt_scanlines.prompt.txt	130a2830d230f069cb75f2cddb17fb05b289ba2764741bc4d4257a727f0c21ae	625
cybergoth	data_corrupt.prompt.txt	6ac06c0a3675383dc941d486c1561328ff347d7d0520f0b638ed97b58c4231f0	608
cybergoth	data_stream.prompt.txt	dc54da965721c5daab51cbfefb4c20f865ec9e399bbe8662ba68ab9f95163d62	619
cybergoth	digital_afterlife.prompt.txt	afc030758de7d32c1fdf92f9a228ee34452550d49687ed9c21fea58b3d028858	694
cybergoth	dot_matrix.prompt.txt	75566b876d0ceac2bc13497bd29f808d19c3aecdc0af308b187e4dee0e5d7a92	622
cybergoth	dust_sensor.prompt.txt	9c02040ad7a2c4aadf1254e01c7470e7e656dffd98e9af88e56414359f1cd8ad	591
cybergoth	floppy_disk.prompt.txt	f772fad975ebfa9c741faf11f5418b2ae39349d3e93254d6ed0a1592d4cad85a	576
cybergoth	glitch_block.prompt.txt	25de15ebcabc37398f3cbd3123c6e61ed4572429cb577ef506a6a1f853a5813e	642
cybergoth	glitch_horizontal.prompt.txt	8e2bcad4beb084096e48d202c39f6bc9efca0b0fb91b300ca2ffc1ce34fc5373	599
cybergoth	glitch_zalgo.prompt.txt	9b939b5e9b48a66fff368bf8d8a3af6aceeb75407ebd281523a456178fb5ea6a	585
cybergoth	heat_sink.prompt.txt	e4f7d051a486156c0ab91d3914c515212da9315a562ee51591ce9c32c1a9d036	625
cybergoth	kernel_panic.prompt.txt	661a6fa1661070383239e1fe21cf77cf1d82e3edefa5ae6f4d6e17da3587f232	615
cybergoth	led_grid.prompt.txt	14a3157d83d5b124b38f62470bf96d225b250e893430a378c99a20b08c4c270f	629
cybergoth	magnetic_core.prompt.txt	63cff1fad50de0ab810209c38d025aa4c1a05dffc7f2aaf6363a99959fb1f254	618
cybergoth	nixie_tube.prompt.txt	c2924ae0de0e765c5e73cdd3ddafc04d122750a141408fddf8a02e423a8d5f7d	624
cybergoth	null_pointer.prompt.txt	a08f2628272c39b96da9826ae0c72756c2a859fa2a94b64f7774e6ba7b000feb	669
cybergoth	oscilloscope.prompt.txt	e58927dd16a92b0b1a09798f0c1fc0f58f602d953d73440ed8d57eca6ad0d7be	632
cybergoth	pixel_mosaic.prompt.txt	bb6ed90aa3b1dd6aafb26e065c543a526554cada6b0a9f9fdb25ca6d945d7889	614
cybergoth	punch_card.prompt.txt	392118ce4b1d0157d1f656324599896ee47e729929a2d9f16299f5c63d532b0f	645
cybergoth	resistor_band.prompt.txt	be4037d8c3053e1cbcd75bd00448be5dbf8ae071bfaee4347c233f16b7e87104	623
cybergoth	segfault.prompt.txt	a598318d46135ecdb361b3a04ff042783d34ae7f2ee0c4a367a9bfc3463c3584	631
cybergoth	server_rack.prompt.txt	79ddd10f9d98f767c17bed89fbc0e56a92c304732a4295b515524582e5ffd9a9	600
cybergoth	signal_lost.prompt.txt	f8f04078247aae71ddbe787735ca659871d644337b9fd32d42945a02a55df6c6	665
cybergoth	solder_joint.prompt.txt	d8fc55f0703262a21a47e9d7921ab21d2ecf329ee6581f73b33d010de1ed944b	596
cybergoth	static_colored.prompt.txt	86746c562392b714ec9aebd29c055eb73568e29e021187f9555c2a5f5d20af55	633
cybergoth	static_noise.prompt.txt	4a97a605b2037e1ba0e29f184ab0c787caa5c2103ed6c7434339c19fc0dbd757	591
cybergoth	system_fault.prompt.txt	a995f59a53c7767148e13cbf9a1f08b6e00d4411a477272fb21a29a04b2d9960	639
cybergoth	tape_decay.prompt.txt	057c4554ddf10c023e8122cd67ade49a409e0fd3fac198bb2532abb177f31bd8	615
cybergoth	terminal_amber.prompt.txt	ce50ce51bdd439c9e33245f6f5fc59f15fb2f895711d0c3c450986dd8ba9866e	604
cybergoth	terminal_green.prompt.txt	fe6b28d1f5689f4f0cbe83f6793cb58356ff4b157a1e628aa92f4f090c8d1188	595
cybergoth	thermal_paper.prompt.txt	46547e35a69aa735db654d095d4fdf9273b77538d51c62b7d3a76875710fd707	592
cybergoth	vacuum_tube.prompt.txt	25859b591fead2d4f93c7c58a0e42aacf0f6100754d96885aa6b9cb3dcff5191	586
cybergoth	vhs_tape.prompt.txt	77a949179e07ae17dae692a1c801718d9182870b1079a0f0a2e0c152b25a0df4	608
cybergoth	vhs_tracking.prompt.txt	1b0223aa77ff8f51c2175c19037569f288fdde7071cf2bc7c26d0294fa6c69a2	632
cybergoth	void_between_worlds.prompt.txt	ebeb1aa3c8347b4d4c0f5f2645dd19aba76071627114c678e6cd9a7c90e94901	623
cybergoth	win95_grey.prompt.txt	03255d16fe57a2569e3f7a5bccf770b1a4a5251ca165bb0b352f445d71f77420	633
cybergoth	win95_teal.prompt.txt	649fadea324ec17e7bc1b2716e517562671e6c3dfcc99009d3e0680c0dc9f620	612
cybergoth	win95_titlebar.prompt.txt	794d52a72fa843487aca728bdecfc84abcdcb23368d75d29a2bb0cd8374b7e38	581
cybergoth	wire_bundle.prompt.txt	f687d20df7ed0ab9fab44d1d27508e100e07ee0d4cf7e6f24e63ea515db35224	580
cybergoth	wire_frayed.prompt.txt	b164c8bfb0c9a06bf418b25b3fc4e47f68dc84db75a2cf2739f165bbd5b9acfe	615
fx	blood_splatter.prompt.txt	501b5cee35b41d32d44fbbe54fc3b8f4c7636f6d396f0dce78991099e97810ab	655
fx	buff_glow.prompt.txt	9abe2472eb63e3e78a155a11aafbc05f6edda4cd434227744c7ee48a1897c63b	598
fx	critical_hit.prompt.txt	2bca3170cc1690e61beb79ba736f924a62ec90c61ff8d9aa87ab5aad6d8c8e61	582
fx	death_fade.prompt.txt	30ecff6108e139b829b049f66b97ff78048a2bd51ac250a760d5567fc9eca289	633
fx	debuff_drip.prompt.txt	75a664ca48eba4cb28d2608cd82899e602ac9dab7ff013f273eadbdd40ac345c	614
fx	glitch_overlay.prompt.txt	bc45d9c007c655161a3db432be9384c2c0178fd6f58d5ad1d7a64acdf3994847	620
fx	hit_spark.prompt.txt	29e0efe98c826a6bd95a9b87d3c6b156090de1840443b466d30930613a7b7741	610
fx	level_up_burst.prompt.txt	fe78dff83400ced0d22733cd74a3a33b65187c496e7302953c4930423e8bdb42	627
fx	magic_arcane.prompt.txt	f4ebe47717e966f4f8eaafa744004cf76a53ab1b8ff1f7b1dea5709b0bc7ff06	613
fx	magic_blood.prompt.txt	958e10f1f48202aca0a48a9adaf3c012115c1258ccef9b17cf7b8be866c9f0b1	624
fx	magic_dark.prompt.txt	3ae1810d2e3cbf11d9535689f8f419090401cfcbb83639bddbe2debb3d23f3ea	606
fx	magic_earth.prompt.txt	8ac5a74c4054fb2d6f563ec26b3b711a5ea39afd402a3f5da9debefa154b634e	603
fx	magic_fire.prompt.txt	827c0b1b603daf2549b3b007c2f69b533647831a2d674c806d90d7b8c7ef0919	557
fx	magic_heal.prompt.txt	a70ed3d9b69d602e34af1160ff0b280512580db2689a81f9e01da4da15b6a27c	619
fx	magic_holy.prompt.txt	52e312c41cb61a2fdac6df885b02355c7c2c384cb8a626c35865eb255100b9da	604
fx	magic_ice.prompt.txt	f7b3d419c8269feb266170aee7c5508b12e56736ca656a447bfe58342347472f	638
fx	magic_lightning.prompt.txt	533f3995c06c3344d8e67c4714cae8eefae013d9549b262fc261db85aeabfc90	595
fx	magic_wind.prompt.txt	a1eddc309a662eb8258b4d68a5a81f2f81f4378008c1335b0f1d04354a4d636e	587
fx	poison_cloud.prompt.txt	ea01153bb7b9a86124cca07fac8de7c1d8ae384238b7ed89758bec43d6bb58ec	572
fx	portal_swirl.prompt.txt	05c0f14941f1560b906ac3e205f4e03ff07947da3495fc2e3af6affa05b351fd	610
fx	portal_time.prompt.txt	9978721057ca203542d8fea8d9904a971325207927286959847198750b3b662a	629
fx	portal_void.prompt.txt	c0c2551fbdf2cf791017075cc912ebf26b422350c10857a111d514a4e8f6e14a	594
fx	shield_block.prompt.txt	7a18ab9db2c2f65c17db4c3bc4c736b5ebe465692e6a6b100d8c405ee509491a	632
fx	void_corruption_spread.prompt.txt	808ca0be65f29fbc364729deb1997405413703db1f0bc5bcd8444e77b26b81e7	614
fx	zalgo_effect.prompt.txt	d091033b268db414bb6767d09c62b6a229efda982cae0f4640f601719cbb6464	635
items	amulet_bone.prompt.txt	f5c37dbeeba05d30b22dc0cc6e7e46e22fbb98c8c2392923deb844469b2b4d25	602
items	amulet_silver.prompt.txt	8b9dbb37bcdc8006b832d18c979a4fd2379d86b1dfdf80ac9f3d98009fc22a25	611
items	armor_chain.prompt.txt	b9d3696e28f95ec1d830e4bb5f81c545bfb40ce3655167010b3cf0996966d772	552
items	armor_dark.prompt.txt	3d9b5a1d0ccce1caf58df3d9c8f79ca306a55a4ffb39e5c0f37f241cdc9d0c7c	577
items	armor_leather.prompt.txt	b93daaf62503f0fa058ace3edc41117896b3703c474a487f1037fa39c1ebaa5e	578
items	armor_plate.prompt.txt	05c44ba1dd0655af4ede343ee58180dd24e01bfc90beec80f44b593b22989582	585
items	armor_robe.prompt.txt	ecc1ef1a36afe8bf0334d179035a6ed44aa9ea9100d416c849815122431404f9	628
items	axe_battle.prompt.txt	e633dc2b17714cf694e6aef24145f279a169e041aeef4b18115afe82b1efea06	572
items	axe_woodsman.prompt.txt	c7d2a6df27b4efc54288f6a31a832c707042681a76c57ecc7341867f22c5630f	621
items	boots_leather.prompt.txt	265c327d0f57897224b98def5f72a2d7399c7e8a721fb7e5738b6cc6a077c8cd	647
items	boots_plate.prompt.txt	af4d7dc894a2e96482ab3098ffadeb6ad73ce46ad5b76a4306df14699987fcbd	622
items	bow_composite.prompt.txt	8ead079a042d2250068975edefccec18fdbdeb324589c32df35b60eb131ca3cb	631
items	bow_longbow.prompt.txt	ad0d7a968ac69c91f2316ca71d38f3a5291301c169fab683ac367e06a72fe145	594
items	coin_gold.prompt.txt	a9948cadbee6898f9025cc159626f2bcb3f2592db54f47353c61b2b7fc503d7c	577
items	crossbow.prompt.txt	53cc93c78eb929d95310d0cb50e49008d5c46b4385dd1680fb7303b2dcbcc21b	600
items	dagger_assassin.prompt.txt	9c220144b43ddd36a20dee9ed1e2c03f2eb1ed9ad873db883834632a93415174	581
items	dagger_iron.prompt.txt	234ab0e6b41c23253450223a2d74e638687144de752ba04b82061ca9b33863ba	560
items	gem_diamond.prompt.txt	d891a39e57a1fa62e4fc2b443b65ae6376e366f8aa813ecf557dd195b8975db7	551
items	gem_emerald.prompt.txt	e6874400ea686ec2f0b7471b1324d664afefb75728f0dd770ba3616e9c00a436	540
items	gem_ruby.prompt.txt	6a57f1191b5050861005bc5a999d69544d7c89e75a193df6e7299fa33bb9c9ab	619
items	gem_sapphire.prompt.txt	580194e4f850392b6af85d5a5625c1fef8085c561c10d151934f98e956fe3456	560
items	gloves_leather.prompt.txt	bf58e395edb2fa96bfc8a2931b910dd3c39dce536bd2067e144165554002d8ea	638
items	gloves_magic.prompt.txt	255d8069f11fcc8d12d49126c30b807c240100314651d770eec20038d3015a51	585
items	hammer_war.prompt.txt	9177baecfbaa4316c02ce1708aabaf52e9dccbdbcb1e0e748e5c9d585ed2eaf8	631
items	helmet_crown.prompt.txt	5304bf8160f85f5ca808fe1564dfe287fd3725454f00862785bce92ec718a722	602
items	helmet_hood.prompt.txt	e02858caf88816c9676818c6ec563125c0d3b69003b1095c9bc24e08ec1afb33	590
items	helmet_iron.prompt.txt	aaa530a65b8daeeb0629fe8b1feb9f7be62cecd361dbf320cc978efc29bbf0a6	596
items	key_ornate.prompt.txt	0081385037a0e2ce5c93d4e021e5471e98764790aee1706e96cee99074c12df3	586
items	mace_holy.prompt.txt	24d6da4e9f431c351b7381017fbfcc5b08d4baa8313fc427f21c888ca5c1115c	577
items	mace_iron.prompt.txt	826381d2484533604752dc12471db2b3229f85731d1b1c36affe493500584586	574
items	potion_blue.prompt.txt	5bb05841e19ca1529bf0cfec676ef16eb029b28333d62b419b49b566c83ea8cc	586
items	potion_gold.prompt.txt	967dc0339aec82f4b6737cf458314356fe60096b2678ecfcd66019fab83cd4f3	583
items	potion_green.prompt.txt	a81054e93638a76f17902e218065a8925cf301d88f3807ea505830ae90168729	604
items	potion_red.prompt.txt	d0d3c245f0f5ae89850afd3b5fd236853ffe58552048acfaa53f96adcc5a5bf6	591
items	ring_gold.prompt.txt	7122a7519cf81d2826862302a4a0569daf69ba77bd66ba9d0d993e4321dc6e93	549
items	ring_shadow.prompt.txt	58f8967e19de5d9c6a096c0b2ff4175ad4ebdd8dbec3f88bd3be8c1b0c67238e	656
items	scroll_ancient.prompt.txt	18572dde95871821feab8fb4b03649e550786797e507e871458f5964c0ea311d	623
items	scroll_parchment.prompt.txt	00ab82afe1426bfafd5b4560b3e3b0887b8ee80dcf3d7fc9f5cf89553e2c0fac	614
items	shield_magic.prompt.txt	c48922451d9032b9dc538fa3f0409c88452b1052d67bc530bbc7edf7ae3221fe	615
items	shield_tower.prompt.txt	3da3f91faa2fee20daea339cd8e6adf2e39c468ce1a71d36026d3857b799955f	588
items	shield_wood.prompt.txt	435835f9dbc4444f8338b5337fa8bfbe06319256fc0b80b51fd700b35c9d810c	629
items	skull_artifact.prompt.txt	8d7269edf077c62e9de05051b1817ff1b06401a06514aa3b91f6b3bd3efd8b98	606
items	staff_crystal.prompt.txt	ff5331df0f077d67f06a9c2166a693da7004805abf45f922fc2a3ad940443a2e	560
items	staff_dark.prompt.txt	a9c6774200129f704410d660b90868e270b77ae8f3f234f1642a94fe5da7ad80	616
items	staff_wood.prompt.txt	bc9fdef123dfa311bc5d1fe9fa2386891f36163e296c75f2cadde58ea43c143a	599
items	sword_crystal.prompt.txt	a04dbec360e32ba436f50a30fa52f425f1bc282c852038b4280179875e3041bd	625
items	sword_enchanted.prompt.txt	70f24acd70bf6702e3701f00259a346b644a49612355270cd333a86c856be3c6	569
items	sword_flame.prompt.txt	c965da788ddd2bbff34c4f3fc9f41846f5b350e271c7a4500ee033e0fa5f1bf6	621
items	sword_iron.prompt.txt	f9c561f72d0092b38bd48b99232ef9b741869f1c9c0bbd540068149ad4d85bf8	623
items	sword_void.prompt.txt	f193a83e4413af2b27070a9793ed696b6c10fd648a54a9dfd54a40d48d2e87f9	626
mobs	basilisk.prompt.txt	0b4ab6baceaa66d14ac4190ec9190aa8ee0003678490cbed828d28d9d229da09	586
mobs	bat_swarm.prompt.txt	a40e0ef7144053dc8d33950c864bcd06e97a688b3868c9e2788bf5ff3b5ebda6	614
mobs	bear_grizzly.prompt.txt	df90d27b0736866476ded029eee28a0170e2d671b3e4ae32d01e066fdbcd3fbd	623
mobs	beholder.prompt.txt	39d11d4c7bc797dd458a22c7621a1848c2665bf991ac904b922f575d50bc99cc	588
mobs	bogkin_shaman.prompt.txt	64043b5fd0ee782682aaaab892d4e25516112214e2506860b32fc094a7627f98	617
mobs	bogkin_warrior.prompt.txt	123e7c66bfabb68cea97c49fc8753ac946dfa4828721c1147e3ad52fa70b7da3	577
mobs	demon_knight.prompt.txt	65cc4321818f1cbc153a128516eeb0de54aa8efb479679cc2bf496c855f0348f	625
mobs	dragon_ancient.prompt.txt	91697c5efaf09aa998111f4a6a9adb37305086482f5ca8f75f5d7298515625af	643
mobs	dragon_young.prompt.txt	459704a32b7f78850891fb0501f9a387403195bdd635306fd6471cc513b99893	605
mobs	drake_fire.prompt.txt	5f8386190611ec9c7f49edfc904901411acededd70acb2eae27a5676b682c7e2	625
mobs	drake_ice.prompt.txt	39c3011851902b7961fcaa1a7fde2fb028f23d1d60f33bd6fb28176690939f30	577
mobs	dryad.prompt.txt	e722aeefbcbdf80bdbb2960be8042b0c9a1a7c779308b1105bc7583611b6a7dd	622
mobs	elemental_air.prompt.txt	a93ca7c63d2bf3952ac90b3b10d7e420ff89ecf5b9ad83a1bd4f143886eaefa7	656
mobs	elemental_earth.prompt.txt	586572ccb74353a67a373723cdcedb242878a003f7506beb4cfa0b0ec6f7695a	592
mobs	elemental_fire.prompt.txt	082e0a8dea38d7c6de7794f48aa8f5fb02991413012fdd4771c2c4cfc4a54a75	585
mobs	elemental_water.prompt.txt	6caf1f957c74e8beab2032bd62ead75a239916c378b30c498dc6e5938ae4dcd3	608
mobs	gargoyle.prompt.txt	acb906dd14581f63b5a015bb964a9a84bca47447ccc5e0011d7420f2b3fde14a	562
mobs	ghost_spectre.prompt.txt	14761fb522fec12bc0397af920386a1b84b4f7f343e7d5c0a0c2165e159ea763	613
mobs	giant_spider.prompt.txt	9162bc6e9bebde8707476ae2ba66f2de466cafd53efa326b8a26011c40f404fd	632
mobs	goblin_scout.prompt.txt	a0929c1c7d8cc1f3831d744f554db7b370f42551e8a30dac518323a292f619a3	568
mobs	goblin_shaman.prompt.txt	58571ed72b77793111aa7822d0e2ea4d2e931d74c32c75e59fb8565d6c6ddb84	562
mobs	griffon.prompt.txt	76cffe1a0526486763c6a86036ab84816d9c4f6eaa5e467ba770e012a8464fe8	545
mobs	harpy.prompt.txt	bb92ec9eee9b15db7bc44d25cbe7ddcd1f4972bae025111fe05cfdefb2d522b9	574
mobs	hyenid_shaman.prompt.txt	642da0245d9b7192f92453d9a4f535da106503b5c0295eac53269aa81a0fa932	571
mobs	hyenid_warrior.prompt.txt	6df422aea256738c08a373541f4b72869b9dd381b815effec3ed42fe9f45a3b8	558
mobs	imp_fire.prompt.txt	26dc628736c854ae92579139da8005db308e9adaf5bc21255e54868543d44cca	549
mobs	lich_king.prompt.txt	36005c43d23ade40c532ed2f4400115c0d3571926a917197cb39ea00ecb0524e	671
mobs	lich.prompt.txt	188138c5d1d776e71f284e85f8fe427fc7eb640f000482ecc2bb8ca7ced7e0b9	565
mobs	manticore.prompt.txt	6002bf6a1852740ce29a9d53aa618c8c700ec167ab8cfed1f1e6bc3cab59c32d	556
mobs	minotaur_elder.prompt.txt	f9945f674cae7f8004f7a247ff04009be4887d25c82caef3306c03d6b4e812a7	575
mobs	minotaur.prompt.txt	37bb659926ce8d74936e6c41025b8ad644532a0aee4a1039f06b694539efbe2b	624
mobs	ogre_brute.prompt.txt	44cc64255002331b3025a15ea0fadec29ce6dad2d9339df15f2fce38a87719bf	576
mobs	orc_centurion.prompt.txt	6d707b5fd5e26e55df6ecb4c5f712bb56ce0b9d957222389814ccf956b60330e	610
mobs	orc_warrior.prompt.txt	713f533996174b4595b5faca8c3d29c9614d37e99985d0f2ed95e61bc50a15d4	589
mobs	rat_giant.prompt.txt	1e3fb5f49d9dc310035ca0bf21cfb28a8d19284c792707bad25d79aebfc0baa9	637
mobs	skeleton_mage.prompt.txt	23368c74d481acad5f6db8ec9dbae381a6aecc42ee9acfe1f00e3971b3ae2a67	592
mobs	skeleton_warrior.prompt.txt	638f43e862ccf78dafb3f6c27d17bc2d7f215a50f9483f87a3b7465cfa0d8343	587
mobs	snake_viper.prompt.txt	d5fb489b9557826dfa94e50c48ca003ba001144d127345bf7f4202bb636e7343	594
mobs	spider_queen.prompt.txt	611066ba1393a789c6c39d64b709dbf7c5be52b7399c84d707292c74a0e6708b	651
mobs	succubus.prompt.txt	e9c16685535eae1bb6cd4cd73d9ac1a9d09e0c22939de15bbe16db532672b157	637
mobs	treant.prompt.txt	60ac2fc96041f4be3b50b34f97c9253ba6a90498b1905bd12ada647df33119ee	583
mobs	troll_cave.prompt.txt	7606ea71ce5b72366fe9196dfbffc6ffcd1e9aacc0c57ed240034b9cfdcf8367	638
mobs	vampire_lord.prompt.txt	1dc13b2b79189e72db79413869172f651dd356587bc09104278be1a1b99a0c56	597
mobs	void_spawn.prompt.txt	b2ae5a41e35e9e71485331444a2e6a21b2b16a2cfc0c6d3ac125430fd9a618d1	599
mobs	werewolf.prompt.txt	93e23157d1b6f0b38cddcb7c9f153ac702575346a7d7970b59631817f40f39be	635
mobs	wisp_will_o.prompt.txt	a7fc35155908a62ab47206619ee9dce3ed5b3dcdc1cc5d21f051c67eae1fd389	599
mobs	wolf_dire.prompt.txt	72e1c8ce5145ec87e700ea6ab4f8289ac8bc922399cf43b8d796c77586b5d946	586
mobs	wraith_shadow.prompt.txt	b0c864eb9da90ae3482d854889792f1566beb33badd4d1bc3400ec27ba1256e1	559
mobs	zombie_knight.prompt.txt	48db76848241643def4ee06c687fd43ddbba963c135139d7ca406fea3df099f7	631
mobs	zombie_shambler.prompt.txt	2a2ad6f8285c8220f798d95054873ed7e7f2136ab1c1ce36a35c80afd3089bce	633
nature	bark_ancient.prompt.txt	c48a451c17369d3ba3b9f93e519d5adcace0d8069105228ab5085fd7e7ef5676	550
nature	bark_birch.prompt.txt	d83a19b989c21a4f73fc700c8740c9f0387445dac0fadd7fbe3365dee60820da	580
nature	bark_dead.prompt.txt	ba113a0073a4b7839dd6a28d407bbb4b2621a61bd68dab8368931e992175f169	615
nature	bark_oak.prompt.txt	940e271ae78b125d26ef6c828101b253dd7882b83147510cf10f916cded47324	618
nature	bark_pine.prompt.txt	ca973e5f7c7ffbb89b2c4ef8c3880f633ca07196495c49e622a37a8c232899e7	628
nature	bone_fresh.prompt.txt	bb27137854568a629c6712b01b1b7ef3148e7cc2fd471573d6b91ae118c78250	605
nature	bone_weathered.prompt.txt	9cc678f18f01ea64d8e7018465f3b25242475b4be87c044d5a86d5a98230104f	635
nature	coral_brain.prompt.txt	3d49870db138b414aba9ded920698c7f86da7dccad0fb30114d3b2f2f8319883	604
nature	coral_pink.prompt.txt	be5ed78761dd9fc5e4056f7fb362382c9860bafc78217628a1388092d4b4cb26	629
nature	crystal_amber.prompt.txt	ebda3498d1ba684748ee7e0c294134d419657e17b8b152920dcf6f450711ed4f	641
nature	crystal_blue.prompt.txt	44af6d75aa91e4beaacf5b6a9e95e4ec0e0bd19837a3df0bf27e5c7a2a2938ee	631
nature	crystal_dark.prompt.txt	e16c1d4ff14444a864746a34c46af62d514390f35afb12013fc858405a11572c	631
nature	feather_dark.prompt.txt	fe3b311b561cf8bc3269cc18248c8fabd2b90073c5be1fed5dfa1c0786538ba4	562
nature	feather.prompt.txt	bfd236ccc98c18721b1b568cdecf6495e2a6cd16b5ea1b507f7c3bdcec6fd06c	572
nature	flower_prairie.prompt.txt	b2af115c394df587b4d5f70cdb883049d9e6204ddcbcf239eaf9380e8c71ebbd	584
nature	fungus_glow.prompt.txt	4ed1d3a281a4c96e16ee32ba12d6d7d83eb05f96233116e632688cc5c4f2d096	612
nature	fur_bear.prompt.txt	055f8463e85f42151069e93a6e4c85544a16e01a7b7bbfe86fdbf798700358de	553
nature	fur_white.prompt.txt	aff84f889f3bba9c3e0b474959978ef80c0298c8066460adb71166e3bfcbb93e	611
nature	fur_wolf.prompt.txt	8eee168a48e5b4abbe5b2e6b3cb4ca31f1477527e922b64c420cce61419f077f	592
nature	hide_leather.prompt.txt	b86aa0fb45787e0e49f53ffd465c7443ab5a2c36f9b972fff905bab7e9d69e1e	568
nature	hide_rawhide.prompt.txt	50e497bd166cbda7c8c81a291c112bbff9baad009b44052035791b13ec727e54	582
nature	leaf_autumn.prompt.txt	81b42096e83676d034ef2d2e567c8a099409e1e38e725742a39f94e33d8ccd1a	624
nature	leaf_dead.prompt.txt	67ef6067cf09f62af738a4df40b8ff93933a64e4504f6c0a67ec77416611c4ef	616
nature	leaf_green.prompt.txt	6bc44897ee4ca00dde5bd351d648770484c3b0c7e5bc58393ddaf2418a8e42be	568
nature	leaf_tropical.prompt.txt	3d409df4cba80e10d650be7564590a7e3e889af245114cc360a772b681e2e23e	628
nature	moss_hanging.prompt.txt	8b48af955aceb8cbe58abff853223e7c770aa2ce69afc4cb61a51f8b196b3567	599
nature	moss_thick.prompt.txt	82aeb41c87c2a13bb52f0cab53c9d086618dd0e8761fb17d0a63ee048f887088	610
nature	mushroom_cap.prompt.txt	6c0611a66b0e0ccc381417e5660b35a50176e68697dad814178e11e0ce1c8298	625
nature	mushroom_glow.prompt.txt	34e61577bdd0fda617f40ddc6156df228ad82c20c932d621c8f6d9847e715be7	569
nature	scale_dragon.prompt.txt	0d0439dc2deec088fab0533fefb952e787a3213c0c165ce753c266d959bc963c	607
nature	scale_reptile.prompt.txt	4b06827c98d59d67b3139816f102036d68b48fd1f07f9173273303671c6b3018	632
nature	seaweed.prompt.txt	141e81d5880d58b86b9e7394426bd18dc911f5c3d1523a0af111b3a0edd9833c	628
nature	vine_climbing.prompt.txt	9fba1db20c3e00cec4c53ebfb943c9add6814e0a2e230278183d14d96e98e3ab	599
nature	vine_thorny.prompt.txt	42e4252675222ffe82b0af109f3d4b0b26656cb41ae86c9360593dbff3199d31	550
nature	web_spider.prompt.txt	42837d8c70a6e498cdd1a1f7ae366926ed822b82e21584b538ad9f04bee6700c	583
particles	bleed_tick.prompt.txt	420a02eaf58682d5123d10aa92a3a1e430ab2a47e74c4b2cfe61de3cc0c400d1	626
particles	buff_apply.prompt.txt	e2f63408a1c771373ae3ad5532ccaa9cee64b29d9268896d006e304a429f494c	597
particles	burn_tick.prompt.txt	4f3433cdb07fe27cf318bcbc969740f8d554c02ced720d46e95312757cd1762c	539
particles	death_dissolve.prompt.txt	56923fa48cdfe41bb664ecb75d29c83bdba9a55ba8633064fc16dac64254c429	652
particles	debuff_apply.prompt.txt	69975d8389bef2fa744fd4892761ae2c2bf87a9acbe71adae001e802326e2ee7	592
particles	footstep_dust.prompt.txt	18fcb1633c85569a0e378612d275b5fc19905e4f0d6d41c0441b8750e17ed79e	606
particles	footstep_water.prompt.txt	5189825d64a3e7fea8a653e5023e486d990590fe0eb25ff7be42d1174f57d677	581
particles	heal_pulse.prompt.txt	d2893f9c9763cc8a75bc0c36f51d2906c4ba7c977ccce3ccd7022426e497fdd4	569
particles	hit_impact_critical.prompt.txt	464517763c08e04b025923d73fd4b63dc45882a331fea1a0ba8039a0c005f62e	597
particles	hit_impact_magic.prompt.txt	43262deda1e1c453767355fc091acfe0cf0bc49e66bc22c06c4233f4e3d76d25	601
particles	hit_impact_melee.prompt.txt	ff572e37cd2d53d83b8b7e717fded66dd47f103e9902ef1ddfe84c7a063c5815	637
particles	level_up_pillar.prompt.txt	a59d76017ca5a2c0c351fbe9e35669b0187b80e2ded1c0175898724ee86e4ae8	597
particles	loot_sparkle.prompt.txt	3afff50b201e43949b0948080c58119e1cd8618f365238068c359169984dd654	569
particles	poison_tick.prompt.txt	bf6ae817b3a6c99f3852a5e2ac2c34161cd0990946805a10d1c267e3e14b2685	580
particles	portal_activate.prompt.txt	84272e37fcfafb26c1c136d336ce1322a05ae7750049f17273f6777fcf764f35	593
particles	rare_drop_beam.prompt.txt	5be1554f09ef11d454579699ed36f8de5bc4111d50801bc663f3e310a6d833e3	628
particles	respawn_reform.prompt.txt	0f22324f5e2905401eeff06606ae648740ecdf2db6e8797324483e5175e50503	588
particles	spell_cast_burst.prompt.txt	a349d4e3459dcb598778e93884beaa9c9785e97f26d3f5da5681a2d00320b225	587
particles	tithe_collect.prompt.txt	3cc9a6885a7ef6f2e49356d9698608557b7254a19aa34c0c3c569053e8c28026	579
particles	zodiac_reveal.prompt.txt	82fd13fa94151d4b22cc1a2d623774c4548c23d3c7eed9762211ed1d758c80b4	628
portraits	npc_bard.prompt.txt	f8f05d996bee4146e02692188b634a8cc4ced24b3cee8721c98d489ca0eb0698	571
portraits	npc_beggar.prompt.txt	6130fb43e7a6d9e2f89ec9bb2a0841c766b1c849aa5f1ee9172acd3d58c78363	558
portraits	npc_blacksmith.prompt.txt	d918c30909e98bfd1083318f0388554a41b65db6ce37406cbbc8db5e3a5620f5	648
portraits	npc_child_orphan.prompt.txt	284b6a0d6d10616e45973b7d1e56bfe22d8e8c17d557c6689c2d0549c81816da	589
portraits	npc_elder_sage.prompt.txt	cc62ee391ccdb0d06ae719c22b34c0991b68dc79a13b1ed55ba940e1ee8ddb26	633
portraits	npc_faction_light.prompt.txt	d19d6319811498026145d5970a6cb196b0328897774c90fcfa1ce27b9edab324	659
portraits	npc_faction_neutral.prompt.txt	ad456b2d05aa30876177b49f19351d04332a1c9b63585096fb5c1323e77db0f7	633
portraits	npc_faction_shadow.prompt.txt	beeb68afc2776b9f8830d91df7250e0d07327be5e03fb376658fefec0a295d69	646
portraits	npc_farmer.prompt.txt	7ec3481e1c0f70921c9b5579a9ab85f29a49a9988d3892477839ef1f44304574	587
portraits	npc_guard_captain.prompt.txt	58a5af7d4d17cb6be234aaeca37d1862aec297780ab3d866c7af171dc7c9d85c	583
portraits	npc_guard_recruit.prompt.txt	a7cace848707b31ae37a8c09b77376b9d9f248dac575c5d4b35688cab9773147	566
portraits	npc_healer_herbalist.prompt.txt	e5473c5d2f27cb28054db29330ae0cce2f50aaa0ea66f1bbbbb9eebef055f891	663
portraits	npc_healer_priest.prompt.txt	bb96e63488f437c0853dc543ea48090b2cd23fe0060320d6be352b8b577ffed7	611
portraits	npc_innkeeper.prompt.txt	e260acccb3d0f5916f9d8c59787e708ae63bd650241f557360aa75e1f492066a	571
portraits	npc_merchant_elf.prompt.txt	80ccdd416f8f2878b76670b1c9c57c433ff73544c5c13244498760a2f8b87de1	641
portraits	npc_merchant_human.prompt.txt	a71d273ba88ebd498c600b5a8fea8ce6a640342ae24ae29b944ac249f123392b	574
portraits	npc_mysterious_stranger.prompt.txt	652620701077b309ec1c39bc2645862d731b632767ccbdf2836d972c86ecf9c8	634
portraits	npc_noble_lady.prompt.txt	aad4f9b65d6403c1a03a70d31f58fa158b38a186adc0ce1018cd9633e7a1b398	549
portraits	npc_noble_lord.prompt.txt	eb22b3e2a53dbb17876238c56e6eb30048a0edd8f0fd18a14a0a5ccb86ac4f77	583
portraits	npc_ranger.prompt.txt	2f78dd26164a695920f3421a8e194aa121361b926c4a9a1642ac3c2d75db78a5	602
portraits	npc_sailor.prompt.txt	70c49935b5ba1fe102a018c4be6cf6d0816c9aac1e9c78897e220385007fe9a1	643
portraits	npc_thief_guild.prompt.txt	f6ee52ad82f6313dd47a02646999108e248336e77260b57280d3248256bb261d	575
portraits	npc_void_touched.prompt.txt	9a054865430fd5b45502934e2e64656bc86d9420d107ad68b27812cc5748c7b1	637
portraits	npc_wizard_old.prompt.txt	2e2ba20ac8d546ba7ba0f01689d702b2b1238fef462c8634a25a18b216e86df2	575
portraits	npc_wizard_young.prompt.txt	9d106c223560b32afa2bd5807c3f29c6b35b872cba09096b69d7b6b008e059a7	612
props	altar_holy.prompt.txt	7887e428289588419bb52c446447b8dedd3b33d6f6b0017dcf818df979c4754c	600
props	altar_stone.prompt.txt	2e890828825dfc686ec650c5dc8d4966fa7c005af1edfb21481d8cb7c46ad084	588
props	anvil_blacksmith.prompt.txt	5983ae65bfc3bbd76548402aa7ddf3ec3c29c935298efa10b4a280ccb40c03ef	597
props	barrel_explosive.prompt.txt	f6c98cc92c86c11dbaa3e2a15b07f94eb2d5cc102b9c914161a549ee6b467845	565
props	barrel_standard.prompt.txt	478ffb3ccd92a297a76c0206ca890a6ef06893a0c0c157482913ecb8fe84b8e1	613
props	bed_royal.prompt.txt	e2fc53ca8f375a45558f5946fc2a4e812bb22278edf7837da6439f9595da3b5f	607
props	bed_simple.prompt.txt	dd99c09b081b7b0b95258236221448080ea2867fb01844da030849becf7bffe2	586
props	cage_hanging.prompt.txt	6a21ead56e888b369c27e77750af77837021dd8194575b957a9e74a4992fe4af	638
props	campfire.prompt.txt	0b21d582c120d4ab14b595149af9b35fd84666f247ef3afb7a2f46f0673583be	564
props	cart_merchant.prompt.txt	baecdca6ff52eb4838d65e1d5bee6bd31896aaaefd3c9ba1a737f2909e01a1e8	620
props	cauldron.prompt.txt	5be6cecb5f2843d4e74665563268b42f5a27bd9fc82b425ddac5716f21bdcbfc	646
props	chain_wall.prompt.txt	338bde39c9d16697bec7d6607a5762041c49444ae66a6bfdc7dd0cb2c8ff07f0	594
props	chair_simple.prompt.txt	10aefdcb573942ef19a6cd814c67ce6ecd9055f4ddbf6ab807d1c44fb64e7c0a	570
props	chest_iron.prompt.txt	7ea3b696add71bf8015dc190bc3a91a1292fe9a80f4f4039ae8705efceead7ac	596
props	chest_mimic.prompt.txt	e65a5abf745f9e443ec34cd8f56999d2a1620d234b03370f98e1df31a5a33b53	607
props	chest_ornate.prompt.txt	54ebdbf11f13e8d28d3fc5f20977f78bd1acbf587df0f6101d314844ddca724d	608
props	chest_wood.prompt.txt	950d2132d9b2962aebbecc3fa471188ab2c33c079959e6d63c677a81d34b1f43	614
props	coffin_stone.prompt.txt	c6464c3c7c20c1aa07354c6d4946bcfada22a9295ccdca97bd9858743366cb72	626
props	coffin_wood.prompt.txt	4449d2c059ef0eccd71efa58dcec3a93b48efc296bbe7c0fc08548351ce1b30b	563
props	crate_large.prompt.txt	187d3ece4072ed475c4922ec399efae70d6fd4f83e6f5765ca741e4533f926cf	591
props	crate_small.prompt.txt	b34192a21e1c6c9a77d978c24f5144639d1f73600b3b2fa1a53b05d43d37ae0f	606
props	forge_fire.prompt.txt	29b8fe245a3419e0ee33eca306ba53c717a726bb0880d0d0ab23781adb344975	619
props	grave_marker.prompt.txt	993afc846ffca74c16cd3275fffef6773f00e8ab41ffe0d80f280ea55ab0a230	584
props	lamp_post.prompt.txt	5e6243d2e184938393de04146c634339d085e9c94028d9e511178279ffd7bfc6	561
props	mushroom_cluster.prompt.txt	0baac7577896f1c20250f377c4be88c7d700130c005f590d90bd344a5ffe4079	569
props	pile_bones.prompt.txt	f48c1d0e4c119a4a14812a3c6eabd557a52b06ee7cacdfe5c9fe1e06943b1954	576
props	pile_logs.prompt.txt	d8a7232cd27dbc6971addfbc55b20fd027ac62fb929a949a8743ff8a0b65385f	581
props	pile_rubble.prompt.txt	4e80716d3d7aa59a5141df7327e7f6b80c2c491191b4d47364ff6c73a7cb61e0	586
props	pile_treasure.prompt.txt	93844339f9f45617ea266a92a99a4bdda202aee33b0348ce407cce4ee00a9654	585
props	rope_coil.prompt.txt	2ed560bc5a694aaf799bbd79d949dd4c60160d45d179853be0a9ce4dde1d9304	592
props	signpost.prompt.txt	228cc3d1684a06a8675a78b006a54b25b4e71ce5126631ca97c6bffb7a3f3fbb	647
props	skull_pile.prompt.txt	4ab880c5998aaefcbc2cc30c1b2b77a7f75beb3819a225587629a2535fd5f537	618
props	table_alchemist.prompt.txt	11c34195572ff958537dae0daf36ef46f8e2a143834d97261d397ee394e32258	579
props	table_tavern.prompt.txt	a816b7012bd0b048b938ada9c6c74dc5d78fadc6cfcac5c28686fdbe4a26bd2b	568
props	tent_canvas.prompt.txt	69cc18e6538ad64c713aad48bfbcce49777694267d4ceced5d17c5dba28ccf07	571
props	throne_dark.prompt.txt	be8beedb3be84f8556d6b9c62982cedff6fc64a07bbc3cfe8841f53f38a456e1	566
props	throne_stone.prompt.txt	0852de7225f3f3028f9a3d1b3b2ce10a6e7eb1a4db2100c81d9ca9ace72180e2	593
props	tombstone_ornate.prompt.txt	8d2df301d10ce08444221e39317285aa6a925fd9ff978013334e09e201fc94a8	624
props	wagon_covered.prompt.txt	1b42c73390708d74a1b87d9f1281546741d1066fd94f5df5b8970b831fb0a740	609
props	web_cocoon.prompt.txt	e9f46b2d0ecc436dacaba54d9ca4894bc07961b31171c227b86add85f395e300	630
shaders	blood_drip.prompt.txt	b508c0b74ff445d9888b233c68cc0014c39ef5c7d0b7f89af3d684ebb9dfdfef	652
shaders	corruption_spread.prompt.txt	a7d23e1f847926585778b203770945d13bf61720a09f0d4e0674d1ed59ed3853	643
shaders	damage_flash.prompt.txt	703f9cbb55ed5ecb4f7aa3ab3092563625387f97984f9a74cd123804801da2c3	591
shaders	dust_motes.prompt.txt	cb0642925a14cd0c02e0941cec85316103325bd15b4dcacb78cd1b2e28806c0b	582
shaders	ember_float.prompt.txt	2e1d6148e2e5949eeaebfc00831c3b4be6edb42be61e7e6668b35a9cb9f12d20	577
shaders	energy_crackle.prompt.txt	48845998ea47664e47d10de48fe34728a94b9c3ffdce2c25da936597ebb74e32	570
shaders	fog_volume.prompt.txt	e317f7055e3577c3900720920c60870b24f876ca8bfb9034c6d368260daa47b3	552
shaders	force_field.prompt.txt	16cf68da468573cb4e88aa6a558d960f437b018bd71089d4577957daceb9b734	637
shaders	heat_shimmer.prompt.txt	2191a2cd24c08d33ad8ecc37a5a20df4e4af8db64222a8c1268b97a0a51dca39	568
shaders	holy_aura.prompt.txt	f1c26d2590d6101d04b4da4d54274a458ff0f727b530d84ef55b454d363d3bc4	575
shaders	lava_flow.prompt.txt	4259525501142b61cc51be3c81ac4ae0a860f26a5682c7cce69688349a2aa169	602
shaders	portal_spiral.prompt.txt	c5d9596cbe1b819883f149bce966b160740c3c8b3d77059c31e0eda79ec63d16	654
shaders	rain_drops.prompt.txt	8a8808cda61034e9ec3afebfb5c4046810599154bd4fc4ba944ae33fd1d0ef29	553
shaders	smoke_wisp.prompt.txt	48168318d0fa9b8ebc35f615f688274c4f09aded2c56098598825ab63926e779	555
shaders	snow_falling.prompt.txt	3fe01ed4308b25fec159c39173a16130a1bee521a95d03abf00ef02ffc62271d	635
shaders	soul_wisp.prompt.txt	75ebe483f35b69c0084b7f9de3cb559e495fe975b02c2a28dcea6495b1580b85	595
shaders	stealth_cloak.prompt.txt	cb738199bbd6c47d405717136f6fa6a73fbd2ba8c6d43ab85edbfa069faedaa5	585
shaders	time_distortion.prompt.txt	9d2a182cbe9656d622478c71f2fa44c2e1cdb639ec0eb240fbb4fc3f0b83bcd0	651
shaders	void_tear.prompt.txt	e673fa7cf5defa2d99b1ccce9d131761ebe0bd676e80d1676d55cb3feab2b356	647
shaders	water_surface.prompt.txt	84510a913fa0aeb74560944a30fc8c41bb1091ffed40d180ad870432c2dba5ae	627
terrain	ash_ember.prompt.txt	9ea71df613470b08c48c44e1d7bb29ff46741c777f8a805a1a6121a2aec772bd	630
terrain	ash_wasteland.prompt.txt	a900d19bc99b13b90a49697bfadde6ed2554f741186ad73e13e0ea79244486e2	621
terrain	cave_floor.prompt.txt	81aa26660f682f00ed85f80acdb20ab2832f46fa0322c02b1677e948c16c5d61	563
terrain	cave_wet.prompt.txt	b617219523ebd96ba4f4fcf7a6db552e8803e5a59e81a9d1432b1590ea123e97	651
terrain	crystal_ground.prompt.txt	48c58b2b5b7835c53822cb7166ecaf4aa513a127a5743b6a78a06dbbafef2128	638
terrain	crystal_shattered.prompt.txt	c6186fd715b6a7e100ffdeadfef599151e9b5ffda4f6cc6a84f0b0e89bc51232	619
terrain	dirt_cracked.prompt.txt	e3b73bda0e595ce8af906d0a1429bca15c1555c8209689984b9eb5e8bdbb7be7	528
terrain	dirt_mud.prompt.txt	f67a92ef88d551dda2f4795cdccaecc2fa02e854a0b9e7ba041a5b2b52511aa9	607
terrain	dirt_path.prompt.txt	4bb14add0b9950c06c70906bcb2ab055b93fa21fe47958c79b909799a2069756	586
terrain	dirt_tilled.prompt.txt	35d2bae076d865a43817816dd9b8938043dec00f807184d8116146f8f8217380	560
terrain	forest_floor.prompt.txt	08afa09fda327c223a26b8c090627e1173b8c8f321c0a8b5ad9dcc4692a53bcf	559
terrain	forest_pine_needles.prompt.txt	1c4db6fd09d71279ce8c6a25ba9698586b2d275eb9298f74819f225c6595561a	614
terrain	grass_dry.prompt.txt	f9d0430bb1a964fb98f71012a98076563901805eb8ed0b23e22aa3fa405844e6	584
terrain	grass_frozen.prompt.txt	80a3f99b21b9783086ddcc41ee1cd80ae17e0bca328bd02d9a859cf8e14799ae	620
terrain	grass_lush.prompt.txt	d72562c55b5deb020cc38a2af76f9e0a0f12eddf2160b60f089b102b244077ff	670
terrain	grass_plains.prompt.txt	a705341d56f279225f3497878906bf3ca9ee90171ef0fc7ef15b818dc6842b7d	589
terrain	gravel_loose.prompt.txt	113dc954f9d4f702657580d76f91c0e6d00400a29b3c43e9530c67c2d496b796	589
terrain	gravel_river.prompt.txt	81d5c5f3a1c4d61b9fcb5bff328fedca2d59e7e5272d8d159731b380814a7175	596
terrain	ice_frozen.prompt.txt	c5d9d8b21f4e9fb89c298162f556a5155278ab1fe41ddb1d33bc6584d2183ea6	585
terrain	ice_thin.prompt.txt	12bf231a26217990392600a8b287e79c606521515904cae8a97dfa1c17aa687d	583
terrain	lava_cooled.prompt.txt	c613ab989970d5b28ae79f29db66a8eab9baa16daa84b5e4403d70c5d0a70183	612
terrain	lava_flow.prompt.txt	bee63fd9b247f26e5a84ab8d66e6bd7e4607f51abd037f074f1dc434f377cb16	623
terrain	road_ancient.prompt.txt	cfb36c051a2cd86ed70468e5615b1ab81d0a1202783029003f8f3c7e615612af	600
terrain	road_trade.prompt.txt	27f86d966e1083df17ee93cac48186f0f3a04114034793256b1ad9c988124224	584
terrain	sand_desert.prompt.txt	54a76f89a2d6622e2f0e6fd128e423299fc896b5afeb23aaeb5053a006df7cb2	577
terrain	sand_volcanic.prompt.txt	ab2c39fb58516c6b84d66c8a3286a1fffea917c581fc450e4e4fc83af9da9d98	559
terrain	sand_wet.prompt.txt	e5164f18d72ec5425b9b8fdb93f8405edf492be429b3247d7cbad41524f409af	602
terrain	snow_deep.prompt.txt	7e73e119fa52ba72561b694ddc80d8989399478cabd278a71646d071cd15fcdf	573
terrain	snow_dirty.prompt.txt	de5877637f4d42c24a2ffd8aecae63643d305d921c81e5643ada53c0297433b2	600
terrain	snow_fresh.prompt.txt	e916e307ffd03c5bfef8d62871b89757ddae5ccdab209a0269f87fc9cbe0ced3	606
terrain	stone_cobble.prompt.txt	907bd2c602e4f70113185e44dde14e7c6dfd2622c18abe6aee464205a9d5571b	626
terrain	stone_flagstone.prompt.txt	588081bec83c377b66b5f31548f24d821d9c691fe7e999e4c19f81c49d1e08fb	593
terrain	stone_mossy.prompt.txt	3954cc8fed09dd63c3b52960e56fd552c37c631ee72a8bcbd0bf9cbd6d8c54e3	581
terrain	stone_rough.prompt.txt	698a7722cef2a3110ab5e318331ce1c88bce04c7ee08e45d0202db9dd553d078	577
terrain	swamp_murk.prompt.txt	9953328733c4303e904970b3941a989268b8e6bcdc33b68256c21715b5ae01ac	607
terrain	swamp_reeds.prompt.txt	fd519c8debf6b688fb66d062b53a5fb588e6a853efd4c94802b2029582b351a9	595
terrain	underwater_rock.prompt.txt	a766b31850c6e92467c35326c616b7930d5bb49bd8f6887d73ba670d4102d62b	589
terrain	underwater_sand.prompt.txt	b3a0c43964bbaa7e832b59b660246d6277da933a483d33fd1c8d4afa39280dda	592
terrain	void_corruption.prompt.txt	3ad064799ebc56fdf2cb9afc298e81724c5688261ed113dbfba161352554f02c	696
terrain	void_cracked.prompt.txt	acb1257eda0ea3343b55b9e04794e36693440cdcf220e52fcbb5e8f8eca43641	598
time_travel	cave_civilization.prompt.txt	58f550d59cefbbb206bcc270fe8db93f847ce9dad7a53b26a79a03d5a63009af	634
time_travel	cave_formation.prompt.txt	1e8361fdc5b411f79fe77af5982d2b415209f04cdd82415d26a4f105f504bcdc	591
time_travel	driftfields_dead_future.prompt.txt	3442dc76fde7244efdbd715f71adf1e68f8d37afc36d8765211f38f44dd8315a	643
time_travel	driftfields_primeval.prompt.txt	fe6a93e664678bea44a9eb32f8133c5b721ecf9d8a38d24487ac3c80883991fa	684
time_travel	driftfields_war.prompt.txt	7568e6e02f70eeb04e1614eea05f9317c87da3069316a43e1bdb324b9d54cb4c	689
time_travel	forest_before_corruption.prompt.txt	867154be38ec6d49c2cc1221afb776233b64e000e99174817bb7ef072327e732	649
time_travel	forest_during_fall.prompt.txt	495dd06bb497a5879a004396c342a1305978b9acba226dcd742ad7cadf68b239	689
time_travel	ironmoor_founding.prompt.txt	527c05ad02b4ef80a128b90ad8a0ca01607d1adc17c052c4577546c2414ef278	602
time_travel	ironmoor_golden_age.prompt.txt	78ebfbfd13907b80a2f19cf4193dbe88bab62df88736dc89ec93ce000b0e8d05	613
time_travel	ironmoor_ruins_future.prompt.txt	6301c7b106702d0a9f689b167817cca0feeb8257a2acff55c71b953a76f5276d	637
time_travel	ocean_receded.prompt.txt	a52f716a98272b7b8317871a195392f599ec3e36af6de8742801f2579342cd9c	600
time_travel	plane_forming.prompt.txt	5ecc2849ca9509778f965ff7d3aab0f6043234d40a4336a2379491b6e6991f5b	651
time_travel	thornhaven_ancient.prompt.txt	55de7aa294b731cc129c6c0f226f7a01de0ec9a210475415d79f1a71f41a41c3	620
time_travel	thornhaven_golden_age.prompt.txt	df650aeedd20c732105031e6d2fd50b56ae91f8dfe4e8ed8a1fcbee387e8c8fa	605
time_travel	thornhaven_ruins_future.prompt.txt	6d2ec8b4c8125e82131b5734b7d6f188bbb0d4cadfc672c4add316fb4cad67e0	651
ui	button_disabled.prompt.txt	e63611f84a3d998bb2a745ce6bc72446d5903dacb3dcc1223197a47896474a3a	540
ui	button_hover_stone.prompt.txt	8a46c05886aa533b418988d581ab48d2a424ac487571d827b2ae19bcb3f98ae4	533
ui	button_normal_stone.prompt.txt	040373f3626d3d6813c52c97f53766a1fcee8be041eb7e4c3c8357db758b39d7	561
ui	button_pressed_stone.prompt.txt	ca15e6659b8ac0424cc9de7cc1546e33b09b8b84b957c2cd62a100ee07308c1b	574
ui	chat_tab_active.prompt.txt	ede06c4657401ef936b582ae3273102f85e71e9bb42df7f9649b445bc1d3ed6c	542
ui	chat_tab_inactive.prompt.txt	518dda61b13c1526ac690018bd02f552863f47483709482bb5456d9fd72d0def	554
ui	chat_window_bg.prompt.txt	0a25498e2cf36c5fcc23c087d3e46d597bcde9a38e334059f279397cc9826c71	578
ui	cursor_attack.prompt.txt	e8c9f106237b66f198c50b4a05a79e9ab23d8d675eb43f01e44b31a0a016ab07	599
ui	cursor_default.prompt.txt	64e5d26b7454d93f05de91a84e2912757dfadc261c0d38d68e9d795bbc7b6203	572
ui	health_orb_empty.prompt.txt	ccce36bb7b8f1c710301334ebf03d7900ec4e076d14770f04adb7aa53f12f230	550
ui	health_orb_full.prompt.txt	8f1744e18ec71fef60b4386a003b722c6c1c2231afe079e48913b4ac6ad58d81	525
ui	health_orb_half.prompt.txt	5f693d88f1494faa3524767f906fd8610f8d69ded2ddc1c44c5e4d4c84b42786	585
ui	hotbar_cooldown.prompt.txt	4e384a9c0a0eb4af6750b5a8f8dccf145b951d4c3bd370790c2108ab7914631d	598
ui	hotbar_frame.prompt.txt	e0a987fc36790721879875c31c50c6eccfe735c9bd668a14b3708b6868493ca7	555
ui	hotbar_slot_active.prompt.txt	d73d553eec57b0d5493610a381b480b5641fd26fe4313632f39b933e18566dd4	608
ui	inventory_slot_empty.prompt.txt	47f1656b000b30f8bc26904e9101740f926dbfbc8d5b25b98abbb49b0f80cfba	598
ui	inventory_slot_hover.prompt.txt	aee6f50fb2763db1bf64e3b18053b7f2b70ea6e51d2afe4156f91689d341aa00	553
ui	inventory_slot_selected.prompt.txt	c799135585201c667444ed37f5ed05d13fe3d9b043af4f6007aa2256fbe4ec69	555
ui	mana_orb_empty.prompt.txt	0747dadde7420bcc02968813be676fadce6a7f1c89c50267056d5abeffa1a18c	562
ui	mana_orb_full.prompt.txt	086edb951b17fa6d19cde0e949fcdcb81243cc5f00b862c03288f1fbccf5b88c	593
ui	mana_orb_half.prompt.txt	fe9e694fa47464d96c5e3e5466bf58b9de3f1900d57c5b2126a3147963d6286b	570
ui	minimap_border.prompt.txt	cf1b30be74cedc0b0574ad96d835db951465b99f9c97eb6756609609d25df8ec	559
ui	minimap_fog.prompt.txt	95b06109f8bfba020f4fb94cfef577a8895fbcd4d9147b3957dc0409c60fff06	599
ui	panel_bg_dark.prompt.txt	3efbe0ff3dfe424475d7d5fe4c866103fe0f5e25f66629e71096b505977379da	580
ui	panel_bg_leather.prompt.txt	077b9657c465f2c1fc3c316d3af4f1613fa6deaff64381fa8f2c7ef7bb7d099f	547
ui	panel_bg_void.prompt.txt	38939901489edde5db1e36712e4a664821639e299db1130c6bb7c4aead04799c	613
ui	panel_border_gold.prompt.txt	d32efb4ec330c63a10195efdefc0008bb721b09c50f9172a64d4e1213f0c5c88	574
ui	panel_border_stone.prompt.txt	8b5876a1c373fe2a4c74a316c8ed39eaec5366e04979738086dd74542f3aa928	599
ui	panel_border_wood.prompt.txt	9bb5c380e786f8ef1d61127ca2ec30bf75363eaf712038012891a3aea168f5c2	587
ui	portrait_frame_target.prompt.txt	b32329be9b0033eb722bd7d7f4c8bb674b2362dd5eb19249cc14ad76a786d2db	606
ui	portrait_frame.prompt.txt	d4856717b94120f5ce89681e1125aec4d63f6b2bd6dccd9912a93b045512a4d4	539
ui	scroll_down_arrow.prompt.txt	b1ad32eb9a19e2e1614df1ffb3d6dc05320002acd9857cf11a0e6d96dbe1cff8	588
ui	scroll_up_arrow.prompt.txt	df379c7c2ee92c7935c4e2afeba38ee1438dc909dd2239fe3704bd448728fc4d	529
ui	scrollbar_thumb.prompt.txt	f231a0401119e54589ae79b915eb7e35a9c7d43263865868662f3840f8d30f67	580
ui	scrollbar_track.prompt.txt	62f46a92c9e2ed2a6898ad1b45548cfcb77bd1d0d462a25aa8865cc04e2fcea7	507
ui	stamina_bar.prompt.txt	0ba968cd42120f016f6880dd80e92d6f00aa27185ace804c9354b3daab81cc22	606
ui	tooltip_bg.prompt.txt	7216679ecaab5d723bde97db280f384f2b810a4345e5071992110b8d81768752	519
ui	tooltip_border.prompt.txt	c615f10afcda1d2672dc6db240cf05482fbae98243357b933c3009c971e31b69	577
ui	xp_bar_fill.prompt.txt	a3cfbf21cda8ee63ec51eefda29e21bd4e1d7654f09e563bca6aba4df66a1c35	615
ui	xp_bar_frame.prompt.txt	67a0c7f9ad79d6d25e557cd0f382358dc00e01566665532a1f0a34ac84909c58	549
walls	bone_wall.prompt.txt	61b6d335e7bed50ebb8758846eafc0fc49c9dc34e3348e7999cf20b101688fdb	601
walls	brick_crumbling.prompt.txt	4a59825e20bbfb51e83259fe9a07e56faf7c19fc4119a0b43a65a1b1543f6f90	574
walls	brick_dark.prompt.txt	e257c77b09b8b3ad8d705fb29f5e34a06d342ae8db4a9e835e540d5397311544	604
walls	brick_red.prompt.txt	91a1b3da06a29de1d17bacf6488a758daaa8ae0adffa8356412bd60901b4ba4d	588
walls	castle_battlement.prompt.txt	c9e6ea990b3d5c2c4e603287fa2014af62b051f9532dd3b29a44b8378c6e18e3	600
walls	castle_interior.prompt.txt	9571559c669dc48fa050075ed916d24fd2799b0df9e8e110d09ed4cba3973032	600
walls	castle_wall.prompt.txt	009103c2d11ee1149147d671e1be195cf9bc9b2359f51bc3baf3debe7d2bd73a	609
walls	cave_crystal.prompt.txt	acd9387d5de4a22c350351410d9126b7e85e17b9ddb3f3aad77a53d26ec6ea12	606
walls	cave_ice.prompt.txt	65709f3633f498bb46a8025b728a163bd859b8b0d2dae56e9ebc7f23f1235367	614
walls	cave_wall.prompt.txt	31bfa9deb65fdf3de86212d8718da7d776a8a9fa92a28de5f1714667cc1be3a4	622
walls	coral_wall.prompt.txt	c60f3ac13ebd0369c6d99b5cf063f54af7f8dfdf10373ee3b9b5568e34fbbc72	592
walls	crystal_wall.prompt.txt	c8a9e70f24c81759270c7f1d062b75b5b53fb43b38717d03c130795252dd3175	567
walls	dungeon_blood.prompt.txt	837c8a84ffd21e73e15d5742b8a2ac89c2860d7f158473764f58ee1204148801	674
walls	dungeon_mossy.prompt.txt	7c4c3183761c493ea849e49996ba2b9544b8448b9dbbfa5c93acee9b52328997	618
walls	dungeon_scratched.prompt.txt	b7a58e4c5659e6fb02d4b9d742441fca5b5bcbb029b171b6dcc1d49deed7498d	622
walls	dungeon_stone.prompt.txt	c880faf428aa3cb843a874baa54b523a041d44082bed6f29e5e6bf37866d9ae5	565
walls	flesh_wall.prompt.txt	a018d7b5232efd24f65140b0dc35c0b9f313c6ddcf00978ad5193dba59b8dc82	572
walls	ice_wall.prompt.txt	e5a02c40aab11a39f0420f223fc26bac1ecd2ff554b617e789c5148e931011b5	624
walls	marble_dark.prompt.txt	2665942d0f0d7b71d1ff4cb27815745cda95bf9e56004b6e2bd1f74fe7ae0f2d	550
walls	marble_white.prompt.txt	0776b15d9d59c1d5ee7e1457daebcb934e060ed1081f6c87d9a086ef4c3ff463	574
walls	metal_grate.prompt.txt	0211361edba14089821556a47eec4253466e731b834d7d04405aebd895e907c0	567
walls	metal_plate.prompt.txt	7d4f3d16bbfb73bb91f48026d4ca8a10cfcc165d6736ddabe0d8b18f31c34c03	585
walls	metal_rusted.prompt.txt	0d23a582998becb272fa4cd3cbbc7c253d3f8207bd9112a45d367459a4d6e462	603
walls	mushroom_wall.prompt.txt	a8e7a2130ca64a97c4e6568d8c38960b5ac70ab9654baa4559b1dbc46d643c3a	622
walls	obsidian.prompt.txt	adebb2bbf2d57e257a0ddfc15e3ec6b0a8299d9b7e525e09647ef3d435e3bf4f	631
walls	root_wall.prompt.txt	2978445d0614eb9f330a6abca5424bcdd453af2f7fc641142fe6ec142c458989	592
walls	rune_carved.prompt.txt	9cc5566b3dcba2c0578792e45e6e1efb991f33ca05a86f85abaa6ab874eb2346	590
walls	sandstone_carved.prompt.txt	abfc1e8c90d1dbb3f7bdc3a7b2ae91400278fb4a34fca77635f62b6637348ca7	601
walls	sandstone.prompt.txt	c970d5c581b05de77225168b59569dd81ec52bcd710799c0ff0fc1accf0920fd	580
walls	sewer_wall.prompt.txt	da8f96ec22dcc6312233bc676e0bf6388903f3fa403c4b99c06c6f8f9fa52350	569
walls	void_wall.prompt.txt	d3605f076e31620f784991d0855dada9adafad05efe33f4d12d909be2ce5ac12	669
walls	web_covered.prompt.txt	9820a9355028bff1560d10a66ac9e30e5aa776becf25f117d27ae7c9868e1920	540
walls	wood_log_cabin.prompt.txt	a6e1f4e3d0344b08ee16e4f7cdc3d3abb8a1367512902b6323ea5189fa92a6f3	610
walls	wood_planks_horizontal.prompt.txt	17020ff1d318199f6de9598b42e14e9fed8ac30c1ef503847d2eb92b50d396a0	559
walls	wood_planks_vertical.prompt.txt	1946af1cec4cea5448f4eb37acb4355c12ff9dcef34823dd028bc27e06c875cf	531
zones	ashhold_courtyard.prompt.txt	681ee92c0ce181fc06522e8576aa29fd458d88ea7675f93fde695705843cd085	581
zones	ashhold_keep.prompt.txt	7b82c0e941631f4f3eaa9a043f6f1dc35757e5b03d2b827cf055c04059ca9be9	638
zones	blackburrow_throne.prompt.txt	7ebcdff74ccdae46f1e634a08a1fedf925159fd36af62fb57996ff5fdb3d949d	666
zones	briarhollow.prompt.txt	63a0b4fe26605518aea804d393c3e5dc82e0f37ea0f12fef5a918bc49ec858c3	580
zones	Chainport_alley.prompt.txt	6b5db941d7eb7468e70508ce1a27c2fcab494ea6f3af7b7edf0787a07ff9ed4f	632
zones	Chainport_docks.prompt.txt	a0921f557b930fdbeb42c54e9a25fe575d5f3c4b7b6941ffaab6be735e68bc9e	561
zones	Chaiverfrost_peaks.prompt.txt	e4d70b318e950c8d90b62f8d65571a421c30273f97ad990e0eb4392fbca9da42	647
zones	cinderfall.prompt.txt	f7612bdeb8cf9a58d9249f592eda7301286d4e0b7686272b3ae0aec8accf4b23	653
zones	commonlands_east.prompt.txt	105cf0e413ae81b01b22f90901a6e56c368a27450955f2aa96ec1abf560633d9	614
zones	commonlands_west.prompt.txt	e8addda35963ed03b349286b51f74658ec0f9ded96efefaafcec5b9bcedc100e	643
zones	corrupted_zone.prompt.txt	6424752b6623d4ecff3e9305c3f67efe47d0311e2acf266636e6443ddb031366	624
zones	Darkbone_courtyard.prompt.txt	c1f226e2c8a54a71ee445fd1b55a27ab7b696c38b3e6f1a302030f43ae83b545	609
zones	Darkbone_keep.prompt.txt	73f20382473ab359243a585a5e8fbb3c06ffea7b18044f31074cbbb35df7914f	613
zones	dread_lattice.prompt.txt	efa3963dedf29cf95412109b5423a2bb4221ac5a52dc5dfd81bb1bf53f63ba68	670
zones	driftfields_east.prompt.txt	ec4843efd853369b9dca477eb2adf663ee0eb71fca81ff7990d95b141b305168	583
zones	driftfields_west.prompt.txt	ce371e94605ecb5a1c97304a516671f971254fd1f1b97cd386f362a9e9ce158e	585
zones	duskweald_forest.prompt.txt	cdbe4e2f7950cb086392f571da1c536587c9a77670c0291dd68ab7c46698e384	612
zones	duskweald_ruins.prompt.txt	1ee644ad979e98b66d507bb510c28a80acefccdd6e55d21a94a46e25e05c1545	651
zones	endgame_sanctum.prompt.txt	92fcd3ad938971af5124896344c1c5042892bb1658f4fbc99a183a5a10c2067f	604
zones	follow_crypt.prompt.txt	f3587af8118baca5bb21940fc43ea6d0a2e2377d13b581273b47f9eadc2f702f	634
zones	follow_entrance.prompt.txt	4d47cda9585518146d07fb723c91e5c2914532ede780bac99bdf566a1ffc02b4	690
zones	freeport_market.prompt.txt	2fdde73484a15ed7a33a295046fe2e07ccf0911a88131dbbcf9b7d72a6b001ff	588
zones	Hatern Realm.prompt.txt	bdf8461b9115f117c2511c8e2c641060ffe5106a0f0526bd11ca6b2059565e84	643
zones	hollowden_depths.prompt.txt	9d3d4f8f73ec1188122c0981d3e02695466460f9b87a64889c5c46577e0fe187	683
zones	hollowden_entrance.prompt.txt	3c34d1335cda09403963c2a99be0ea02e94070d664c9012d6ce60c37d3e001cf	577
zones	hollowden_throne.prompt.txt	8892777371a2ed33926964e2eeaaeece4c1e9cc487e17e8a23fd214c9a336ed8	685
zones	hub_desktop.prompt.txt	e9289249aad03371171669e5bf6c9432bc3e2bbc5e7d6f21b5068d41b84cdff2	638
zones	iron_gate.prompt.txt	c51fe69786fde473e66aa98bae12b2043c59d3929bbd51b0c06869db7a30be1a	587
zones	iron_night.prompt.txt	7fcc44c94d1d2d7e7c4b924f06309e1e65bce4410fe6a16d0a3ecd76babc2a0a	589
zones	ironmoor_alley.prompt.txt	c5c76aac51834806029541a62c7e10a53ff65a077e9c7767d2c255b93892151f	579
zones	ironmoor_docks.prompt.txt	0db610369140be26fb228d2bac0ab9e3422c7d6acb7fb1549e2dd423a32f7f65	618
zones	ironmoor_market.prompt.txt	a063cfbb907d1e59ecb9de28f221ada7a94d761435ed5c19b55b14a1e32e7bab	635
zones	misty_thicket.prompt.txt	560905ec0a3c0d233a4b508af959623542c8ef2b6cbc94a44d537311ba9504f6	627
zones	Mudfollow_depths.prompt.txt	3420032c20a8635d7cfb2039dd48d50b4e341085deabccafa5e55b9d00d73a14	614
zones	Mudfollow_entrance.prompt.txt	072b531aa9c35b7201d3dd05939ce916b57969c528c059fc5c1de098ee90671c	590
zones	murkveil_lower.prompt.txt	9ffc7a01153d1168176c341bbc8822d42f538797af606d9afcedb151d409f22d	693
zones	murkveil_upper.prompt.txt	7498011c697635f859fc8414ea8766e9055e8cf98f4e8d33575f828ead462803	655
zones	Natak_forest.prompt.txt	c1ac96dea00b9253f209c037895e5e3efc929bd817815eaf086cce08cc06d8a1	672
zones	Natak_ruins.prompt.txt	fc9c8fa472297cab9cf4045887c74009f8869a3a75454359ce4d16f2089c11fa	721
zones	ocean_of_fears.prompt.txt	566cebdcaaa41c4094e49a4c5078cb95d88b05472169daa7b5ae10fd1a3e0a50	619
zones	qeynos_courtyard.prompt.txt	00396619a61f3103ac4fbab011503ea72a4aa928b08a4295c178e2d99b72e8e3	567
zones	Realm of Night.prompt.txt	e7ab97b41c2c7271002eef026576b33232a469f04780553321a4e0ff2ccd39ed	655
zones	Redbellows.prompt.txt	2c9971e350f1680ddcf6c38aaad1ca22dce68125a446cde41f5134f4101d3b3c	607
zones	rimegate_peaks.prompt.txt	fbb793aac6e430bf8541828264cd04803f9e5c1d26dab80a44b9c1bb3dfc0407	616
zones	scorn_engine.prompt.txt	8fcc15bd8c4ec6fc3da14a53def6b373e8426442f72722641e6c7fa5bdcf7965	660
zones	shattered_reach.prompt.txt	76a681d1d3ce6928b1267e1838081a60737b9e01744b441e2bfdb544ac3d4c5f	656
zones	stillborn_crypt_crypt.prompt.txt	bf73b5bbd60cb16b92bc9cf8786f4b9918774294bb5ddd1490e76d76483d03e5	642
zones	stillborn_crypt_entrance.prompt.txt	79c63b75dfe2cb2fdd040accea986651ecccd59c520b1a73c88cf64dd9336285	717
zones	terminal_zone.prompt.txt	96b6dd2188e3834582fee62eb4953f9d68cbe08db7266919c0f6152d4864d8c7	654
zones	thornhaven_courtyard.prompt.txt	ae0c527ba0089a472cc98905a226d22e912428da8dac8d2a2e627a379d83ef7b	629
zones	thornhaven_gate.prompt.txt	8e035e4ad1b23f728336fe81cc547ab9f227ad726deb1666877a2e8e3a842b95	632
zones	thornhaven_night.prompt.txt	ed947247a836004eea57d8f90940ec563bcc5e86312366e3c36c6bdaa7c52664	596
zones	void_between.prompt.txt	bf40618f57878ee57bffd8ec5a2a90f39a3646063d5b32d60d3eca9f6c0f855e	721
zones	Yuuk_lower.prompt.txt	3463a02c882cbf24c14a08e28b22cb0a4154128cb1fce9e24e52387006a4160b	648
zones	Yuuk_upper.prompt.txt	80f6f9d8904b5a3bf0ff2c90c6b8eac3db76609a651aeb28abc6468f8cbeba45	651
